KQ_driver_id__c,controller_id__c,laptime_raw__c,driver_id__c,laptime__c,timestamp__c,KQ_lap_id__c,KQ_car_id__c,event_type__c,DataSource__c,personal_best__c,unix_time__c,lap_id__c,DataSourceObject__c,lap__c,car_id__c
,2,7003,42,0:07.003,14.05.2025 18:13:59,,,ui.lap_update,carrera_v2_6b799dd9_992f_4f07_bcd0_a3815b27c6ec,,1747239238700,1747239238700,carrera_v2_lap_80687EFE,1209,7
,1,8381,102,0:08.381,14.05.2025 18:14:00,,,ui.lap_update,carrera_v2_6b799dd9_992f_4f07_bcd0_a3815b27c6ec,,1747239239542,1747239239542,carrera_v2_lap_80687EFE,1480,3
,1,7341,102,0:07.341,14.05.2025 18:14:07,,,ui.lap_update,carrera_v2_6b799dd9_992f_4f07_bcd0_a3815b27c6ec,,1747239246860,1747239246860,carrera_v2_lap_80687EFE,1481,3
,2,17321,42,0:17.321,14.05.2025 18:14:16,,,ui.lap_update,carrera_v2_6b799dd9_992f_4f07_bcd0_a3815b27c6ec,,1747239255982,1747239255982,carrera_v2_lap_80687EFE,1210,7
,1,9862,102,0:09.862,14.05.2025 18:14:17,,,ui.lap_update,carrera_v2_6b799dd9_992f_4f07_bcd0_a3815b27c6ec,,1747239256701,1747239256701,carrera_v2_lap_80687EFE,1482,3
,2,6034,42,0:06.034,14.05.2025 18:14:22,,,ui.lap_update,carrera_v2_6b799dd9_992f_4f07_bcd0_a3815b27c6ec,,1747239261983,1747239261983,carrera_v2_lap_80687EFE,1211,7
,1,8093,102,0:08.093,14.05.2025 18:14:25,,,ui.lap_update,carrera_v2_6b799dd9_992f_4f07_bcd0_a3815b27c6ec,,1747239264743,1747239264743,carrera_v2_lap_80687EFE,1483,3
,2,15662,42,0:15.662,14.05.2025 17:55:56,,,ui.lap_update,carrera_v2_6b799dd9_992f_4f07_bcd0_a3815b27c6ec,,1747238156207,1747238156207,carrera_v2_lap_80687EFE,1155,7
,2,5715,42,0:05.715,14.05.2025 17:56:02,,,ui.lap_update,carrera_v2_6b799dd9_992f_4f07_bcd0_a3815b27c6ec,,1747238161907,1747238161907,carrera_v2_lap_80687EFE,1156,7
,2,8438,112,0:08.438,27.05.2025 17:03:01,,,ui.lap_update,carrera_v2_6b799dd9_992f_4f07_bcd0_a3815b27c6ec,,1748358180720,1748358180720,carrera_v2_lap_80687EFE,459,7
,1,6937,113,0:06.937,27.05.2025 17:03:02,,,ui.lap_update,carrera_v2_6b799dd9_992f_4f07_bcd0_a3815b27c6ec,,1748358181677,1748358181677,carrera_v2_lap_80687EFE,403,3
,2,5043,112,0:05.043,27.05.2025 17:03:06,,,ui.lap_update,carrera_v2_6b799dd9_992f_4f07_bcd0_a3815b27c6ec,,1748358185818,1748358185818,carrera_v2_lap_80687EFE,460,7
,1,5689,113,0:05.689,27.05.2025 17:03:07,,,ui.lap_update,carrera_v2_6b799dd9_992f_4f07_bcd0_a3815b27c6ec,,1748358187438,1748358187438,carrera_v2_lap_80687EFE,404,3
,2,5453,112,0:05.453,27.05.2025 17:03:11,,,ui.lap_update,carrera_v2_6b799dd9_992f_4f07_bcd0_a3815b27c6ec,,1748358191159,1748358191159,carrera_v2_lap_80687EFE,461,7
,1,5186,113,0:05.186,27.05.2025 17:03:13,,,ui.lap_update,carrera_v2_6b799dd9_992f_4f07_bcd0_a3815b27c6ec,,1748358192598,1748358192598,carrera_v2_lap_80687EFE,405,3
,2,5250,112,0:05.250,27.05.2025 17:03:16,,,ui.lap_update,carrera_v2_6b799dd9_992f_4f07_bcd0_a3815b27c6ec,,1748358196380,1748358196380,carrera_v2_lap_80687EFE,462,7
,1,5502,113,0:05.502,27.05.2025 17:03:18,,,ui.lap_update,carrera_v2_6b799dd9_992f_4f07_bcd0_a3815b27c6ec,,1748358198058,1748358198058,carrera_v2_lap_80687EFE,406,3
,2,5698,112,0:05.698,27.05.2025 17:03:22,,,ui.lap_update,carrera_v2_6b799dd9_992f_4f07_bcd0_a3815b27c6ec,,1748358202138,1748358202138,carrera_v2_lap_80687EFE,463,7
,1,5161,113,0:05.161,27.05.2025 17:03:23,,,ui.lap_update,carrera_v2_6b799dd9_992f_4f07_bcd0_a3815b27c6ec,,1748358203223,1748358203223,carrera_v2_lap_80687EFE,407,3
,1,51579,12,0:51.579,07.05.2025 10:39:01,,,ui.lap_update,carrera_v2_6b799dd9_992f_4f07_bcd0_a3815b27c6ec,,1746607141420,1746607141420,carrera_v2_lap_80687EFE,77,5
,1,47950,10,0:47.950,07.05.2025 09:37:19,,,ui.lap_update,carrera_v2_6b799dd9_992f_4f07_bcd0_a3815b27c6ec,,1746603439042,1746603439042,carrera_v2_lap_80687EFE,55,2
,1,1339,10,0:01.339,07.05.2025 09:37:21,,,ui.lap_update,carrera_v2_6b799dd9_992f_4f07_bcd0_a3815b27c6ec,,1746603440513,1746603440513,carrera_v2_lap_80687EFE,56,2
,1,2586,10,0:02.586,07.05.2025 09:37:23,,,ui.lap_update,carrera_v2_6b799dd9_992f_4f07_bcd0_a3815b27c6ec,,1746603443092,1746603443092,carrera_v2_lap_80687EFE,57,2
,1,145182,2,2:25.182,06.05.2025 16:45:28,,,ui.lap_update,carrera_v2_6b799dd9_992f_4f07_bcd0_a3815b27c6ec,,1746535527733,1746535527733,carrera_v2_lap_80687EFE,32,1
,1,421,2,0:00.421,06.05.2025 16:45:28,,,ui.lap_update,carrera_v2_6b799dd9_992f_4f07_bcd0_a3815b27c6ec,,1746535528210,1746535528210,carrera_v2_lap_80687EFE,33,1
,2,5581,129,0:05.581,27.05.2025 18:08:28,,,ui.lap_update,carrera_v2_6b799dd9_992f_4f07_bcd0_a3815b27c6ec,,1748362107762,1748362107762,carrera_v2_lap_80687EFE,528,4
,1,5284,112,0:05.284,27.05.2025 18:08:28,,,ui.lap_update,carrera_v2_6b799dd9_992f_4f07_bcd0_a3815b27c6ec,,1748362108001,1748362108001,carrera_v2_lap_80687EFE,470,7
,1,5107,112,0:05.107,27.05.2025 18:08:33,,,ui.lap_update,carrera_v2_6b799dd9_992f_4f07_bcd0_a3815b27c6ec,,1748362113161,1748362113161,carrera_v2_lap_80687EFE,471,7
,2,10044,129,0:10.044,27.05.2025 18:08:38,,,ui.lap_update,carrera_v2_6b799dd9_992f_4f07_bcd0_a3815b27c6ec,,1748362117782,1748362117782,carrera_v2_lap_80687EFE,529,4
,1,8545,112,0:08.545,27.05.2025 18:08:42,,,ui.lap_update,carrera_v2_6b799dd9_992f_4f07_bcd0_a3815b27c6ec,,1748362121621,1748362121621,carrera_v2_lap_80687EFE,472,7
,2,5807,129,0:05.807,27.05.2025 18:08:44,,,ui.lap_update,carrera_v2_6b799dd9_992f_4f07_bcd0_a3815b27c6ec,,1748362123602,1748362123602,carrera_v2_lap_80687EFE,530,4
,1,5337,112,0:05.337,27.05.2025 18:08:47,,,ui.lap_update,carrera_v2_6b799dd9_992f_4f07_bcd0_a3815b27c6ec,,1748362126962,1748362126962,carrera_v2_lap_80687EFE,473,7
,2,6110,129,0:06.110,27.05.2025 18:08:50,,,ui.lap_update,carrera_v2_6b799dd9_992f_4f07_bcd0_a3815b27c6ec,,1748362129603,1748362129603,carrera_v2_lap_80687EFE,531,4
,1,5193,112,0:05.193,27.05.2025 18:08:52,,,ui.lap_update,carrera_v2_6b799dd9_992f_4f07_bcd0_a3815b27c6ec,,1748362132121,1748362132121,carrera_v2_lap_80687EFE,474,7
,2,5332,129,0:05.332,27.05.2025 18:08:55,,,ui.lap_update,carrera_v2_6b799dd9_992f_4f07_bcd0_a3815b27c6ec,,1748362135002,1748362135002,carrera_v2_lap_80687EFE,532,4
,2,6405,112,0:06.405,27.05.2025 16:59:58,,,ui.lap_update,carrera_v2_6b799dd9_992f_4f07_bcd0_a3815b27c6ec,,1748357997895,1748357997895,carrera_v2_lap_80687EFE,433,7
,2,8748,112,0:08.748,27.05.2025 17:00:07,,,ui.lap_update,carrera_v2_6b799dd9_992f_4f07_bcd0_a3815b27c6ec,,1748358006657,1748358006657,carrera_v2_lap_80687EFE,434,7
,2,895,112,0:00.895,27.05.2025 17:00:07,,,ui.lap_update,carrera_v2_6b799dd9_992f_4f07_bcd0_a3815b27c6ec,,1748358007495,1748358007495,carrera_v2_lap_80687EFE,435,7
,2,9658,112,0:09.658,27.05.2025 17:00:17,,,ui.lap_update,carrera_v2_6b799dd9_992f_4f07_bcd0_a3815b27c6ec,,1748358017158,1748358017158,carrera_v2_lap_80687EFE,436,7
,1,28829,113,0:28.829,27.05.2025 17:00:21,,,ui.lap_update,carrera_v2_6b799dd9_992f_4f07_bcd0_a3815b27c6ec,,1748358021416,1748358021416,carrera_v2_lap_80687EFE,386,7
,2,8212,112,0:08.212,27.05.2025 17:00:25,,,ui.lap_update,carrera_v2_6b799dd9_992f_4f07_bcd0_a3815b27c6ec,,1748358025315,1748358025315,carrera_v2_lap_80687EFE,437,7
,1,1047353,10,17:27.353,07.05.2025 09:51:22,,,ui.lap_update,carrera_v2_6b799dd9_992f_4f07_bcd0_a3815b27c6ec,,1746604282104,1746604282104,carrera_v2_lap_80687EFE,61,2
,1,688,10,0:00.688,07.05.2025 09:51:23,,,ui.lap_update,carrera_v2_6b799dd9_992f_4f07_bcd0_a3815b27c6ec,,1746604282820,1746604282820,carrera_v2_lap_80687EFE,62,2
,1,2040,10,0:02.040,07.05.2025 09:51:25,,,ui.lap_update,carrera_v2_6b799dd9_992f_4f07_bcd0_a3815b27c6ec,,1746604284742,1746604284742,carrera_v2_lap_80687EFE,63,2
,2,48575,42,0:48.575,26.05.2025 16:19:55,,,ui.lap_update,carrera_v2_6b799dd9_992f_4f07_bcd0_a3815b27c6ec,,1748269194794,1748269194794,carrera_v2_lap_80687EFE,7,7
,2,2198,42,0:02.198,26.05.2025 16:19:57,,,ui.lap_update,carrera_v2_6b799dd9_992f_4f07_bcd0_a3815b27c6ec,,1748269197455,1748269197455,carrera_v2_lap_80687EFE,8,7
,2,579961,129,09:39:96,07.05.2025 11:17:13,,,browser.lap_update,carrera_v2_6b799dd9_992f_4f07_bcd0_a3815b27c6ec,,1746609432729,1746609432729,carrera_v2_lap_80687EFE,80,123
,2,579961,129,09:39:96,07.05.2025 11:18:03,,,browser.lap_update,carrera_v2_6b799dd9_992f_4f07_bcd0_a3815b27c6ec,,1746609483350,1746609483350,carrera_v2_lap_80687EFE,80,123
,2,6067,42,0:06.067,14.05.2025 18:13:01,,,ui.lap_update,carrera_v2_6b799dd9_992f_4f07_bcd0_a3815b27c6ec,,1747239181458,1747239181458,carrera_v2_lap_80687EFE,1201,7
,1,7216,102,0:07.216,14.05.2025 18:13:02,,,ui.lap_update,carrera_v2_6b799dd9_992f_4f07_bcd0_a3815b27c6ec,,1747239181818,1747239181818,carrera_v2_lap_80687EFE,1473,3
,1,6742,102,0:06.742,14.05.2025 18:13:09,,,ui.lap_update,carrera_v2_6b799dd9_992f_4f07_bcd0_a3815b27c6ec,,1747239188539,1747239188539,carrera_v2_lap_80687EFE,1474,3
,2,7578,42,0:07.578,14.05.2025 18:13:09,,,ui.lap_update,carrera_v2_6b799dd9_992f_4f07_bcd0_a3815b27c6ec,,1747239189018,1747239189018,carrera_v2_lap_80687EFE,1202,7
,1,7168,102,0:07.168,14.05.2025 18:13:16,,,ui.lap_update,carrera_v2_6b799dd9_992f_4f07_bcd0_a3815b27c6ec,,1747239195740,1747239195740,carrera_v2_lap_80687EFE,1475,3
,2,6874,42,0:06.874,14.05.2025 18:13:16,,,ui.lap_update,carrera_v2_6b799dd9_992f_4f07_bcd0_a3815b27c6ec,,1747239195860,1747239195860,carrera_v2_lap_80687EFE,1203,7
,1,6142,102,0:06.142,14.05.2025 18:13:22,,,ui.lap_update,carrera_v2_6b799dd9_992f_4f07_bcd0_a3815b27c6ec,,1747239201920,1747239201920,carrera_v2_lap_80687EFE,1476,3
,2,7575,42,0:07.575,14.05.2025 18:13:23,,,ui.lap_update,carrera_v2_6b799dd9_992f_4f07_bcd0_a3815b27c6ec,,1747239203420,1747239203420,carrera_v2_lap_80687EFE,1204,7
,1,5826,112,0:05.826,27.05.2025 18:09:27,,,ui.lap_update,carrera_v2_6b799dd9_992f_4f07_bcd0_a3815b27c6ec,,1748362166988,1748362166988,carrera_v2_lap_80687EFE,479,7
,2,10943,129,0:10.943,27.05.2025 18:09:32,,,ui.lap_update,carrera_v2_6b799dd9_992f_4f07_bcd0_a3815b27c6ec,,1748362171663,1748362171663,carrera_v2_lap_80687EFE,536,4
,1,7740,112,0:07.740,27.05.2025 18:09:35,,,ui.lap_update,carrera_v2_6b799dd9_992f_4f07_bcd0_a3815b27c6ec,,1748362174723,1748362174723,carrera_v2_lap_80687EFE,480,7
,2,5320,129,0:05.320,27.05.2025 18:09:37,,,ui.lap_update,carrera_v2_6b799dd9_992f_4f07_bcd0_a3815b27c6ec,,1748362177003,1748362177003,carrera_v2_lap_80687EFE,537,4
,1,5172,112,0:05.172,27.05.2025 18:09:40,,,ui.lap_update,carrera_v2_6b799dd9_992f_4f07_bcd0_a3815b27c6ec,,1748362179883,1748362179883,carrera_v2_lap_80687EFE,481,7
,2,579961,129,09:39:96,06.08.2025 16:51:33,,,browser.lap_update,carrera_v2_6b799dd9_992f_4f07_bcd0_a3815b27c6ec,,1754491893041,1754491893041,carrera_v2_lap_80687EFE,75,123
,2,100006,129,01:40:00,06.05.2025 22:05:51,,,browser.lap_update,carrera_v2_6b799dd9_992f_4f07_bcd0_a3815b27c6ec,,1746561950894,1746561950894,carrera_v2_lap_80687EFE,40,123
,2,579961,129,09:39:96,08.05.2025 12:07:11,,,browser.lap_update,carrera_v2_6b799dd9_992f_4f07_bcd0_a3815b27c6ec,,1746698830559,1746698830559,carrera_v2_lap_80687EFE,20,123
,1,39368,14,0:39.368,13.05.2025 17:39:17,,,ui.lap_update,carrera_v2_6b799dd9_992f_4f07_bcd0_a3815b27c6ec,,1747150756886,1747150756886,carrera_v2_lap_80687EFE,136,3
,1,8341,14,0:08.341,13.05.2025 17:39:25,,,ui.lap_update,carrera_v2_6b799dd9_992f_4f07_bcd0_a3815b27c6ec,,1747150765225,1747150765225,carrera_v2_lap_80687EFE,137,3
,2,7296,112,0:07.296,27.05.2025 16:54:26,,,ui.lap_update,carrera_v2_6b799dd9_992f_4f07_bcd0_a3815b27c6ec,,1748357666031,1748357666031,carrera_v2_lap_80687EFE,394,7
,1,7536,113,0:07.536,27.05.2025 16:54:26,,,ui.lap_update,carrera_v2_6b799dd9_992f_4f07_bcd0_a3815b27c6ec,,1748357666271,1748357666271,carrera_v2_lap_80687EFE,351,3
,2,4988,112,0:04.988,27.05.2025 16:54:31,,,ui.lap_update,carrera_v2_6b799dd9_992f_4f07_bcd0_a3815b27c6ec,,1748357671012,1748357671012,carrera_v2_lap_80687EFE,395,7
,1,5148,113,0:05.148,27.05.2025 16:54:31,,,ui.lap_update,carrera_v2_6b799dd9_992f_4f07_bcd0_a3815b27c6ec,,1748357671491,1748357671491,carrera_v2_lap_80687EFE,352,3
,2,4962,112,0:04.962,27.05.2025 16:54:36,,,ui.lap_update,carrera_v2_6b799dd9_992f_4f07_bcd0_a3815b27c6ec,,1748357675992,1748357675992,carrera_v2_lap_80687EFE,396,7
,1,5150,113,0:05.150,27.05.2025 16:54:37,,,ui.lap_update,carrera_v2_6b799dd9_992f_4f07_bcd0_a3815b27c6ec,,1748357676591,1748357676591,carrera_v2_lap_80687EFE,353,3
,2,5724,112,0:05.724,27.05.2025 16:54:42,,,ui.lap_update,carrera_v2_6b799dd9_992f_4f07_bcd0_a3815b27c6ec,,1748357681632,1748357681632,carrera_v2_lap_80687EFE,397,7
,1,5291,113,0:05.291,27.05.2025 16:54:42,,,ui.lap_update,carrera_v2_6b799dd9_992f_4f07_bcd0_a3815b27c6ec,,1748357681871,1748357681871,carrera_v2_lap_80687EFE,354,3
,1,9937,113,0:09.937,27.05.2025 16:54:52,,,ui.lap_update,carrera_v2_6b799dd9_992f_4f07_bcd0_a3815b27c6ec,,1748357691832,1748357691832,carrera_v2_lap_80687EFE,355,3
,2,11683,112,0:11.683,27.05.2025 16:54:53,,,ui.lap_update,carrera_v2_6b799dd9_992f_4f07_bcd0_a3815b27c6ec,,1748357693272,1748357693272,carrera_v2_lap_80687EFE,398,7
,1,80770,13,1:20.770,07.05.2025 10:40:22,,,ui.lap_update,carrera_v2_6b799dd9_992f_4f07_bcd0_a3815b27c6ec,,1746607222124,1746607222124,carrera_v2_lap_80687EFE,78,4
,1,2341,13,0:02.341,07.05.2025 10:40:24,,,ui.lap_update,carrera_v2_6b799dd9_992f_4f07_bcd0_a3815b27c6ec,,1746607224462,1746607224462,carrera_v2_lap_80687EFE,79,4
,1,47123,9,0:47.123,07.05.2025 09:36:27,,,ui.lap_update,carrera_v2_6b799dd9_992f_4f07_bcd0_a3815b27c6ec,,1746603387440,1746603387440,carrera_v2_lap_80687EFE,51,1
,1,637,9,0:00.637,07.05.2025 09:36:28,,,ui.lap_update,carrera_v2_6b799dd9_992f_4f07_bcd0_a3815b27c6ec,,1746603388045,1746603388045,carrera_v2_lap_80687EFE,52,1
,1,2370,9,0:02.370,07.05.2025 09:36:30,,,ui.lap_update,carrera_v2_6b799dd9_992f_4f07_bcd0_a3815b27c6ec,,1746603390377,1746603390377,carrera_v2_lap_80687EFE,53,1
,1,713,9,0:00.713,07.05.2025 09:36:31,,,ui.lap_update,carrera_v2_6b799dd9_992f_4f07_bcd0_a3815b27c6ec,,1746603391219,1746603391219,carrera_v2_lap_80687EFE,54,1
,2,579961,129,09:39:96,08.05.2025 11:40:10,,,browser.lap_update,carrera_v2_6b799dd9_992f_4f07_bcd0_a3815b27c6ec,,1746697209776,1746697209776,carrera_v2_lap_80687EFE,20,123
,1,21946,102,0:21.946,14.05.2025 17:58:03,,,ui.lap_update,carrera_v2_6b799dd9_992f_4f07_bcd0_a3815b27c6ec,,1747238282635,1747238282635,carrera_v2_lap_80687EFE,1439,3
,2,37318,42,0:37.318,14.05.2025 17:58:16,,,ui.lap_update,carrera_v2_6b799dd9_992f_4f07_bcd0_a3815b27c6ec,,1747238295834,1747238295834,carrera_v2_lap_80687EFE,1164,7
,1,693114,15,11:33.114,13.05.2025 17:36:19,,,ui.lap_update,carrera_v2_6b799dd9_992f_4f07_bcd0_a3815b27c6ec,,1747150579283,1747150579283,carrera_v2_lap_80687EFE,112,3
,2,167748,42,2:47.748,14.05.2025 18:06:12,,,ui.lap_update,carrera_v2_6b799dd9_992f_4f07_bcd0_a3815b27c6ec,,1747238772426,1747238772426,carrera_v2_lap_80687EFE,1172,7
,2,579961,129,09:39:96,06.05.2025 15:14:37,,,browser.lap_update,carrera_v2_6b799dd9_992f_4f07_bcd0_a3815b27c6ec,,1746537277104,1746537277104,carrera_v2_lap_80687EFE,75,123
,1,41109,102,0:41.109,14.05.2025 17:39:58,,,ui.lap_update,carrera_v2_6b799dd9_992f_4f07_bcd0_a3815b27c6ec,,1747237197889,1747237197889,carrera_v2_lap_80687EFE,1427,3
,1,5507,102,0:05.507,14.05.2025 17:40:03,,,ui.lap_update,carrera_v2_6b799dd9_992f_4f07_bcd0_a3815b27c6ec,,1747237203348,1747237203348,carrera_v2_lap_80687EFE,1428,3
,1,8286,102,0:08.286,14.05.2025 17:40:12,,,ui.lap_update,carrera_v2_6b799dd9_992f_4f07_bcd0_a3815b27c6ec,,1747237211629,1747237211629,carrera_v2_lap_80687EFE,1429,3
,2,23781,42,0:23.781,14.05.2025 17:40:14,,,ui.lap_update,carrera_v2_6b799dd9_992f_4f07_bcd0_a3815b27c6ec,,1747237213850,1747237213850,carrera_v2_lap_80687EFE,1145,7
,1,7295,112,0:07.295,27.05.2025 18:08:59,,,ui.lap_update,carrera_v2_6b799dd9_992f_4f07_bcd0_a3815b27c6ec,,1748362139382,1748362139382,carrera_v2_lap_80687EFE,475,7
,2,5747,129,0:05.747,27.05.2025 18:09:01,,,ui.lap_update,carrera_v2_6b799dd9_992f_4f07_bcd0_a3815b27c6ec,,1748362140763,1748362140763,carrera_v2_lap_80687EFE,533,4
,1,5419,112,0:05.419,27.05.2025 18:09:05,,,ui.lap_update,carrera_v2_6b799dd9_992f_4f07_bcd0_a3815b27c6ec,,1748362144782,1748362144782,carrera_v2_lap_80687EFE,476,7
,2,6504,129,0:06.504,27.05.2025 18:09:07,,,ui.lap_update,carrera_v2_6b799dd9_992f_4f07_bcd0_a3815b27c6ec,,1748362147182,1748362147182,carrera_v2_lap_80687EFE,534,4
,1,5256,112,0:05.256,27.05.2025 18:09:10,,,ui.lap_update,carrera_v2_6b799dd9_992f_4f07_bcd0_a3815b27c6ec,,1748362150002,1748362150002,carrera_v2_lap_80687EFE,477,7
,2,13584,129,0:13.584,27.05.2025 18:09:21,,,ui.lap_update,carrera_v2_6b799dd9_992f_4f07_bcd0_a3815b27c6ec,,1748362160682,1748362160682,carrera_v2_lap_80687EFE,535,4
,1,11191,112,0:11.191,27.05.2025 18:09:21,,,ui.lap_update,carrera_v2_6b799dd9_992f_4f07_bcd0_a3815b27c6ec,,1748362161164,1748362161164,carrera_v2_lap_80687EFE,478,7
,1,9337,113,0:09.337,27.05.2025 16:57:33,,,ui.lap_update,carrera_v2_6b799dd9_992f_4f07_bcd0_a3815b27c6ec,,1748357852994,1748357852994,carrera_v2_lap_80687EFE,374,3
,2,30996,112,0:30.996,27.05.2025 16:57:34,,,ui.lap_update,carrera_v2_6b799dd9_992f_4f07_bcd0_a3815b27c6ec,,1748357853593,1748357853593,carrera_v2_lap_80687EFE,420,7
,1,12111,113,0:12.111,27.05.2025 16:57:45,,,ui.lap_update,carrera_v2_6b799dd9_992f_4f07_bcd0_a3815b27c6ec,,1748357865056,1748357865056,carrera_v2_lap_80687EFE,375,3
,2,12718,112,0:12.718,27.05.2025 16:57:46,,,ui.lap_update,carrera_v2_6b799dd9_992f_4f07_bcd0_a3815b27c6ec,,1748357866254,1748357866254,carrera_v2_lap_80687EFE,421,7
,2,100005,129,01:40:00,06.05.2025 20:59:39,,,browser.lap_update,carrera_v2_6b799dd9_992f_4f07_bcd0_a3815b27c6ec,,1746557979339,1746557979339,carrera_v2_lap_80687EFE,77,123
,2,244342,42,4:04.342,14.05.2025 18:02:48,,,ui.lap_update,carrera_v2_6b799dd9_992f_4f07_bcd0_a3815b27c6ec,,1747238567939,1747238567939,carrera_v2_lap_80687EFE,1167,7
,2,6065,42,0:06.065,14.05.2025 18:02:54,,,ui.lap_update,carrera_v2_6b799dd9_992f_4f07_bcd0_a3815b27c6ec,,1747238573999,1747238573999,carrera_v2_lap_80687EFE,1168,7
,2,579961,129,09:39:96,06.05.2025 15:28:48,,,browser.lap_update,carrera_v2_6b799dd9_992f_4f07_bcd0_a3815b27c6ec,,1746538128150,1746538128150,carrera_v2_lap_80687EFE,77,123
,1,5840,102,0:05.840,14.05.2025 18:15:29,,,ui.lap_update,carrera_v2_6b799dd9_992f_4f07_bcd0_a3815b27c6ec,,1747239328946,1747239328946,carrera_v2_lap_80687EFE,1491,3
,2,579961,129,09:39:96,08.05.2025 11:02:14,,,browser.lap_update,carrera_v2_6b799dd9_992f_4f07_bcd0_a3815b27c6ec,,1746694933574,1746694933574,carrera_v2_lap_80687EFE,20,123
,1,22716,102,0:22.716,14.05.2025 18:08:10,,,ui.lap_update,carrera_v2_6b799dd9_992f_4f07_bcd0_a3815b27c6ec,,1747238889971,1747238889971,carrera_v2_lap_80687EFE,1445,3
,2,30116,42,0:30.116,14.05.2025 18:08:10,,,ui.lap_update,carrera_v2_6b799dd9_992f_4f07_bcd0_a3815b27c6ec,,1747238890332,1747238890332,carrera_v2_lap_80687EFE,1177,7
,2,14395,42,0:14.395,14.05.2025 18:08:25,,,ui.lap_update,carrera_v2_6b799dd9_992f_4f07_bcd0_a3815b27c6ec,,1747238904611,1747238904611,carrera_v2_lap_80687EFE,1178,7
,2,579961,129,09:39:96,07.05.2025 16:59:31,,,browser.lap_update,carrera_v2_6b799dd9_992f_4f07_bcd0_a3815b27c6ec,,1746629970676,1746629970676,carrera_v2_lap_80687EFE,60,123
,1,6198,15,0:06.198,13.05.2025 17:38:31,,,ui.lap_update,carrera_v2_6b799dd9_992f_4f07_bcd0_a3815b27c6ec,,1747150711405,1747150711405,carrera_v2_lap_80687EFE,134,3
,1,6270,15,0:06.270,13.05.2025 17:38:38,,,ui.lap_update,carrera_v2_6b799dd9_992f_4f07_bcd0_a3815b27c6ec,,1747150717764,1747150717764,carrera_v2_lap_80687EFE,135,3
,2,34613,42,0:34.613,14.05.2025 17:56:36,,,ui.lap_update,carrera_v2_6b799dd9_992f_4f07_bcd0_a3815b27c6ec,,1747238196470,1747238196470,carrera_v2_lap_80687EFE,1157,7
,2,7951,42,0:07.951,14.05.2025 17:56:44,,,ui.lap_update,carrera_v2_6b799dd9_992f_4f07_bcd0_a3815b27c6ec,,1747238204390,1747238204390,carrera_v2_lap_80687EFE,1158,7
,2,10432,42,0:10.432,14.05.2025 17:57:28,,,ui.lap_update,carrera_v2_6b799dd9_992f_4f07_bcd0_a3815b27c6ec,,1747238248074,1747238248074,carrera_v2_lap_80687EFE,1162,7
,1,10772,102,0:10.772,14.05.2025 17:57:28,,,ui.lap_update,carrera_v2_6b799dd9_992f_4f07_bcd0_a3815b27c6ec,,1747238248193,1747238248193,carrera_v2_lap_80687EFE,1437,3
,2,10531,42,0:10.531,14.05.2025 17:57:39,,,ui.lap_update,carrera_v2_6b799dd9_992f_4f07_bcd0_a3815b27c6ec,,1747238258511,1747238258511,carrera_v2_lap_80687EFE,1163,7
,1,12674,102,0:12.674,14.05.2025 17:57:41,,,ui.lap_update,carrera_v2_6b799dd9_992f_4f07_bcd0_a3815b27c6ec,,1747238260792,1747238260792,carrera_v2_lap_80687EFE,1438,3
,2,100006,129,01:40:00,06.05.2025 21:06:35,,,browser.lap_update,carrera_v2_6b799dd9_992f_4f07_bcd0_a3815b27c6ec,,1746558394515,1746558394515,carrera_v2_lap_80687EFE,77,123
,1,6996,15,0:06.996,13.05.2025 17:20:01,,,ui.lap_update,carrera_v2_6b799dd9_992f_4f07_bcd0_a3815b27c6ec,,1747149601081,1747149601081,carrera_v2_lap_80687EFE,94,6
,1,6550,15,0:06.550,13.05.2025 17:20:08,,,ui.lap_update,carrera_v2_6b799dd9_992f_4f07_bcd0_a3815b27c6ec,,1747149607563,1747149607563,carrera_v2_lap_80687EFE,95,6
,1,6697,15,0:06.697,13.05.2025 17:20:14,,,ui.lap_update,carrera_v2_6b799dd9_992f_4f07_bcd0_a3815b27c6ec,,1747149614282,1747149614282,carrera_v2_lap_80687EFE,96,6
,1,6538,15,0:06.538,13.05.2025 17:20:21,,,ui.lap_update,carrera_v2_6b799dd9_992f_4f07_bcd0_a3815b27c6ec,,1747149620824,1747149620824,carrera_v2_lap_80687EFE,97,6
,1,13068,112,0:13.068,27.05.2025 18:06:12,,,ui.lap_update,carrera_v2_6b799dd9_992f_4f07_bcd0_a3815b27c6ec,,1748361971919,1748361971919,carrera_v2_lap_80687EFE,452,7
,2,6357,129,0:06.357,27.05.2025 18:06:12,,,ui.lap_update,carrera_v2_6b799dd9_992f_4f07_bcd0_a3815b27c6ec,,1748361972037,1748361972037,carrera_v2_lap_80687EFE,511,4
,2,6356,129,0:06.356,27.05.2025 18:06:18,,,ui.lap_update,carrera_v2_6b799dd9_992f_4f07_bcd0_a3815b27c6ec,,1748361978278,1748361978278,carrera_v2_lap_80687EFE,512,4
,2,7269,129,0:07.269,27.05.2025 18:06:25,,,ui.lap_update,carrera_v2_6b799dd9_992f_4f07_bcd0_a3815b27c6ec,,1748361985477,1748361985477,carrera_v2_lap_80687EFE,513,4
,1,329589,11,5:29.589,07.05.2025 10:21:47,,,ui.lap_update,carrera_v2_6b799dd9_992f_4f07_bcd0_a3815b27c6ec,,1746606106812,1746606106812,carrera_v2_lap_80687EFE,68,6
,1,13667,102,0:13.667,14.05.2025 18:11:57,,,ui.lap_update,carrera_v2_6b799dd9_992f_4f07_bcd0_a3815b27c6ec,,1747239117437,1747239117437,carrera_v2_lap_80687EFE,1466,3
,2,10002,42,0:10.002,14.05.2025 18:11:59,,,ui.lap_update,carrera_v2_6b799dd9_992f_4f07_bcd0_a3815b27c6ec,,1747239118996,1747239118996,carrera_v2_lap_80687EFE,1195,7
,1,6500,102,0:06.500,14.05.2025 18:12:04,,,ui.lap_update,carrera_v2_6b799dd9_992f_4f07_bcd0_a3815b27c6ec,,1747239123857,1747239123857,carrera_v2_lap_80687EFE,1467,3
,2,9036,42,0:09.036,14.05.2025 18:12:08,,,ui.lap_update,carrera_v2_6b799dd9_992f_4f07_bcd0_a3815b27c6ec,,1747239127995,1747239127995,carrera_v2_lap_80687EFE,1196,7
,1,7300,102,0:07.300,14.05.2025 18:12:11,,,ui.lap_update,carrera_v2_6b799dd9_992f_4f07_bcd0_a3815b27c6ec,,1747239131179,1747239131179,carrera_v2_lap_80687EFE,1468,3
,2,9261,42,0:09.261,14.05.2025 18:12:17,,,ui.lap_update,carrera_v2_6b799dd9_992f_4f07_bcd0_a3815b27c6ec,,1747239137296,1747239137296,carrera_v2_lap_80687EFE,1197,7
,1,7324,102,0:07.324,14.05.2025 18:12:19,,,ui.lap_update,carrera_v2_6b799dd9_992f_4f07_bcd0_a3815b27c6ec,,1747239138557,1747239138557,carrera_v2_lap_80687EFE,1469,3
,controller1,233,7,233,29.04.2025 08:50:00,,,lap,carrera_v2_6b799dd9_992f_4f07_bcd0_a3815b27c6ec,False,1682102400,37,carrera_v2_lap_80687EFE,4,3
,2,10891,42,0:10.891,14.05.2025 18:11:00,,,ui.lap_update,carrera_v2_6b799dd9_992f_4f07_bcd0_a3815b27c6ec,,1747239059537,1747239059537,carrera_v2_lap_80687EFE,1189,7
,1,9783,102,0:09.783,14.05.2025 18:11:05,,,ui.lap_update,carrera_v2_6b799dd9_992f_4f07_bcd0_a3815b27c6ec,,1747239065056,1747239065056,carrera_v2_lap_80687EFE,1461,3
,2,11062,42,0:11.062,14.05.2025 18:11:11,,,ui.lap_update,carrera_v2_6b799dd9_992f_4f07_bcd0_a3815b27c6ec,,1747239070515,1747239070515,carrera_v2_lap_80687EFE,1190,7
,1,14286,102,0:14.286,14.05.2025 18:11:19,,,ui.lap_update,carrera_v2_6b799dd9_992f_4f07_bcd0_a3815b27c6ec,,1747239079278,1747239079278,carrera_v2_lap_80687EFE,1462,3
,2,9137,42,0:09.137,14.05.2025 18:11:20,,,ui.lap_update,carrera_v2_6b799dd9_992f_4f07_bcd0_a3815b27c6ec,,1747239079635,1747239079635,carrera_v2_lap_80687EFE,1191,7
,1,275369,2,4:35.369,06.05.2025 16:38:59,,,ui.lap_update,carrera_v2_6b799dd9_992f_4f07_bcd0_a3815b27c6ec,,1746535139258,1746535139258,carrera_v2_lap_80687EFE,27,1
,1,1892,2,0:01.892,06.05.2025 16:39:01,,,ui.lap_update,carrera_v2_6b799dd9_992f_4f07_bcd0_a3815b27c6ec,,1746535141121,1746535141121,carrera_v2_lap_80687EFE,28,1
,1,6567,15,0:06.567,13.05.2025 17:20:27,,,ui.lap_update,carrera_v2_6b799dd9_992f_4f07_bcd0_a3815b27c6ec,,1747149627365,1747149627365,carrera_v2_lap_80687EFE,98,6
,1,7484,15,0:07.484,13.05.2025 17:20:35,,,ui.lap_update,carrera_v2_6b799dd9_992f_4f07_bcd0_a3815b27c6ec,,1747149634801,1747149634801,carrera_v2_lap_80687EFE,99,6
,1,11225,15,0:11.225,13.05.2025 17:20:46,,,ui.lap_update,carrera_v2_6b799dd9_992f_4f07_bcd0_a3815b27c6ec,,1747149646024,1747149646024,carrera_v2_lap_80687EFE,100,6
,1,3972,15,0:03.972,13.05.2025 17:20:50,,,ui.lap_update,carrera_v2_6b799dd9_992f_4f07_bcd0_a3815b27c6ec,,1747149649983,1747149649983,carrera_v2_lap_80687EFE,101,6
,1,2508,15,0:02.508,13.05.2025 17:20:52,,,ui.lap_update,carrera_v2_6b799dd9_992f_4f07_bcd0_a3815b27c6ec,,1747149652442,1747149652442,carrera_v2_lap_80687EFE,102,6
,1,541,15,0:00.541,13.05.2025 17:20:53,,,ui.lap_update,carrera_v2_6b799dd9_992f_4f07_bcd0_a3815b27c6ec,,1747149653041,1747149653041,carrera_v2_lap_80687EFE,103,6
,1,321,15,0:00.321,13.05.2025 17:20:53,,,ui.lap_update,carrera_v2_6b799dd9_992f_4f07_bcd0_a3815b27c6ec,,1747149653342,1747149653342,carrera_v2_lap_80687EFE,104,6
,1,6750,102,0:06.750,14.05.2025 18:10:01,,,ui.lap_update,carrera_v2_6b799dd9_992f_4f07_bcd0_a3815b27c6ec,,1747239000732,1747239000732,carrera_v2_lap_80687EFE,1455,3
,2,7896,42,0:07.896,14.05.2025 18:10:01,,,ui.lap_update,carrera_v2_6b799dd9_992f_4f07_bcd0_a3815b27c6ec,,1747239000853,1747239000853,carrera_v2_lap_80687EFE,1184,7
,1,6365,102,0:06.365,14.05.2025 18:10:07,,,ui.lap_update,carrera_v2_6b799dd9_992f_4f07_bcd0_a3815b27c6ec,,1747239007034,1747239007034,carrera_v2_lap_80687EFE,1456,3
,2,11481,42,0:11.481,14.05.2025 18:10:12,,,ui.lap_update,carrera_v2_6b799dd9_992f_4f07_bcd0_a3815b27c6ec,,1747239012195,1747239012195,carrera_v2_lap_80687EFE,1185,7
,1,6325,102,0:06.325,14.05.2025 18:10:13,,,ui.lap_update,carrera_v2_6b799dd9_992f_4f07_bcd0_a3815b27c6ec,,1747239013394,1747239013394,carrera_v2_lap_80687EFE,1457,3
,1,5091,15,0:05.091,13.05.2025 17:37:27,,,ui.lap_update,carrera_v2_6b799dd9_992f_4f07_bcd0_a3815b27c6ec,,1747150647145,1747150647145,carrera_v2_lap_80687EFE,124,3
,1,5142,15,0:05.142,13.05.2025 17:37:32,,,ui.lap_update,carrera_v2_6b799dd9_992f_4f07_bcd0_a3815b27c6ec,,1747150652244,1747150652244,carrera_v2_lap_80687EFE,125,3
,1,4879,15,0:04.879,13.05.2025 17:37:37,,,ui.lap_update,carrera_v2_6b799dd9_992f_4f07_bcd0_a3815b27c6ec,,1747150657103,1747150657103,carrera_v2_lap_80687EFE,126,3
,1,9639,15,0:09.639,13.05.2025 17:37:47,,,ui.lap_update,carrera_v2_6b799dd9_992f_4f07_bcd0_a3815b27c6ec,,1747150666822,1747150666822,carrera_v2_lap_80687EFE,127,3
,1,5114,15,0:05.114,13.05.2025 17:37:52,,,ui.lap_update,carrera_v2_6b799dd9_992f_4f07_bcd0_a3815b27c6ec,,1747150671923,1747150671923,carrera_v2_lap_80687EFE,128,3
,1,7701,112,0:07.701,27.05.2025 18:07:33,,,ui.lap_update,carrera_v2_6b799dd9_992f_4f07_bcd0_a3815b27c6ec,,1748362052561,1748362052561,carrera_v2_lap_80687EFE,461,7
,1,5341,112,0:05.341,27.05.2025 18:07:38,,,ui.lap_update,carrera_v2_6b799dd9_992f_4f07_bcd0_a3815b27c6ec,,1748362057840,1748362057840,carrera_v2_lap_80687EFE,462,7
,2,21111,129,0:21.111,27.05.2025 18:07:42,,,ui.lap_update,carrera_v2_6b799dd9_992f_4f07_bcd0_a3815b27c6ec,,1748362062340,1748362062340,carrera_v2_lap_80687EFE,522,4
,1,5960,112,0:05.960,27.05.2025 18:07:44,,,ui.lap_update,carrera_v2_6b799dd9_992f_4f07_bcd0_a3815b27c6ec,,1748362063841,1748362063841,carrera_v2_lap_80687EFE,463,7
,2,11994,129,0:11.994,27.05.2025 18:07:54,,,ui.lap_update,carrera_v2_6b799dd9_992f_4f07_bcd0_a3815b27c6ec,,1748362074341,1748362074341,carrera_v2_lap_80687EFE,523,4
,1,10645,112,0:10.645,27.05.2025 18:07:54,,,ui.lap_update,carrera_v2_6b799dd9_992f_4f07_bcd0_a3815b27c6ec,,1748362074461,1748362074461,carrera_v2_lap_80687EFE,464,7
,2,19880,42,0:19.880,14.05.2025 18:03:14,,,ui.lap_update,carrera_v2_6b799dd9_992f_4f07_bcd0_a3815b27c6ec,,1747238593741,1747238593741,carrera_v2_lap_80687EFE,1169,7
,2,5999,42,0:05.999,14.05.2025 18:03:20,,,ui.lap_update,carrera_v2_6b799dd9_992f_4f07_bcd0_a3815b27c6ec,,1747238599681,1747238599681,carrera_v2_lap_80687EFE,1170,7
,2,5492,42,0:05.492,14.05.2025 18:03:25,,,ui.lap_update,carrera_v2_6b799dd9_992f_4f07_bcd0_a3815b27c6ec,,1747238605141,1747238605141,carrera_v2_lap_80687EFE,1171,7
,2,100006,129,01:40:00,06.05.2025 21:49:12,,,browser.lap_update,carrera_v2_6b799dd9_992f_4f07_bcd0_a3815b27c6ec,,1746560951618,1746560951618,carrera_v2_lap_80687EFE,20,123
,1,521304,10,8:41.304,07.05.2025 09:46:04,,,ui.lap_update,carrera_v2_6b799dd9_992f_4f07_bcd0_a3815b27c6ec,,1746603964331,1746603964331,carrera_v2_lap_80687EFE,58,2
,2,10369,112,0:10.369,27.05.2025 17:02:32,,,ui.lap_update,carrera_v2_6b799dd9_992f_4f07_bcd0_a3815b27c6ec,,1748358152099,1748358152099,carrera_v2_lap_80687EFE,454,7
,1,16405,113,0:16.405,27.05.2025 17:02:36,,,ui.lap_update,carrera_v2_6b799dd9_992f_4f07_bcd0_a3815b27c6ec,,1748358156419,1748358156419,carrera_v2_lap_80687EFE,399,3
,2,4987,112,0:04.987,27.05.2025 17:02:37,,,ui.lap_update,carrera_v2_6b799dd9_992f_4f07_bcd0_a3815b27c6ec,,1748358157021,1748358157021,carrera_v2_lap_80687EFE,455,7
,2,5260,112,0:05.260,27.05.2025 17:02:42,,,ui.lap_update,carrera_v2_6b799dd9_992f_4f07_bcd0_a3815b27c6ec,,1748358162422,1748358162422,carrera_v2_lap_80687EFE,456,7
,1,7364,113,0:07.364,27.05.2025 17:02:44,,,ui.lap_update,carrera_v2_6b799dd9_992f_4f07_bcd0_a3815b27c6ec,,1748358163740,1748358163740,carrera_v2_lap_80687EFE,400,3
,2,5095,112,0:05.095,27.05.2025 17:02:47,,,ui.lap_update,carrera_v2_6b799dd9_992f_4f07_bcd0_a3815b27c6ec,,1748358167338,1748358167338,carrera_v2_lap_80687EFE,457,7
,1,5872,113,0:05.872,27.05.2025 17:02:50,,,ui.lap_update,carrera_v2_6b799dd9_992f_4f07_bcd0_a3815b27c6ec,,1748358169617,1748358169617,carrera_v2_lap_80687EFE,401,3
,2,4962,112,0:04.962,27.05.2025 17:02:52,,,ui.lap_update,carrera_v2_6b799dd9_992f_4f07_bcd0_a3815b27c6ec,,1748358172378,1748358172378,carrera_v2_lap_80687EFE,458,7
,1,5210,113,0:05.210,27.05.2025 17:02:55,,,ui.lap_update,carrera_v2_6b799dd9_992f_4f07_bcd0_a3815b27c6ec,,1748358174778,1748358174778,carrera_v2_lap_80687EFE,402,3
,1,37128,113,0:37.128,27.05.2025 17:06:07,,,ui.lap_update,carrera_v2_6b799dd9_992f_4f07_bcd0_a3815b27c6ec,,1748358367261,1748358367261,carrera_v2_lap_80687EFE,429,3
,2,12869,112,0:12.869,27.05.2025 17:06:08,,,ui.lap_update,carrera_v2_6b799dd9_992f_4f07_bcd0_a3815b27c6ec,,1748358368105,1748358368105,carrera_v2_lap_80687EFE,485,7
,1,5270,113,0:05.270,27.05.2025 17:06:12,,,ui.lap_update,carrera_v2_6b799dd9_992f_4f07_bcd0_a3815b27c6ec,,1748358372423,1748358372423,carrera_v2_lap_80687EFE,430,3
,2,6362,112,0:06.362,27.05.2025 17:06:14,,,ui.lap_update,carrera_v2_6b799dd9_992f_4f07_bcd0_a3815b27c6ec,,1748358374282,1748358374282,carrera_v2_lap_80687EFE,486,7
,2,4977,112,0:04.977,27.05.2025 17:03:27,,,ui.lap_update,carrera_v2_6b799dd9_992f_4f07_bcd0_a3815b27c6ec,,1748358207059,1748358207059,carrera_v2_lap_80687EFE,464,7
,1,5261,113,0:05.261,27.05.2025 17:03:28,,,ui.lap_update,carrera_v2_6b799dd9_992f_4f07_bcd0_a3815b27c6ec,,1748358208438,1748358208438,carrera_v2_lap_80687EFE,408,3
,2,5613,112,0:05.613,27.05.2025 17:03:33,,,ui.lap_update,carrera_v2_6b799dd9_992f_4f07_bcd0_a3815b27c6ec,,1748358212697,1748358212697,carrera_v2_lap_80687EFE,465,7
,2,5072,112,0:05.072,27.05.2025 17:03:38,,,ui.lap_update,carrera_v2_6b799dd9_992f_4f07_bcd0_a3815b27c6ec,,1748358217679,1748358217679,carrera_v2_lap_80687EFE,466,7
,1,12404,113,0:12.404,27.05.2025 17:03:41,,,ui.lap_update,carrera_v2_6b799dd9_992f_4f07_bcd0_a3815b27c6ec,,1748358220797,1748358220797,carrera_v2_lap_80687EFE,409,3
,2,5191,112,0:05.191,27.05.2025 17:03:43,,,ui.lap_update,carrera_v2_6b799dd9_992f_4f07_bcd0_a3815b27c6ec,,1748358222958,1748358222958,carrera_v2_lap_80687EFE,467,7
,1,5699,113,0:05.699,27.05.2025 17:03:46,,,ui.lap_update,carrera_v2_6b799dd9_992f_4f07_bcd0_a3815b27c6ec,,1748358226499,1748358226499,carrera_v2_lap_80687EFE,410,3
,2,7971,112,0:07.971,27.05.2025 17:03:51,,,ui.lap_update,carrera_v2_6b799dd9_992f_4f07_bcd0_a3815b27c6ec,,1748358230878,1748358230878,carrera_v2_lap_80687EFE,468,7
,1,4928,113,0:04.928,27.05.2025 17:03:51,,,ui.lap_update,carrera_v2_6b799dd9_992f_4f07_bcd0_a3815b27c6ec,,1748358231358,1748358231358,carrera_v2_lap_80687EFE,411,3
,1,9168,102,0:09.168,14.05.2025 18:11:28,,,ui.lap_update,carrera_v2_6b799dd9_992f_4f07_bcd0_a3815b27c6ec,,1747239088456,1747239088456,carrera_v2_lap_80687EFE,1463,3
,2,11160,42,0:11.160,14.05.2025 18:11:31,,,ui.lap_update,carrera_v2_6b799dd9_992f_4f07_bcd0_a3815b27c6ec,,1747239090917,1747239090917,carrera_v2_lap_80687EFE,1192,7
,1,7889,102,0:07.889,14.05.2025 18:11:36,,,ui.lap_update,carrera_v2_6b799dd9_992f_4f07_bcd0_a3815b27c6ec,,1747239096316,1747239096316,carrera_v2_lap_80687EFE,1464,3
,2,9643,42,0:09.643,14.05.2025 18:11:40,,,ui.lap_update,carrera_v2_6b799dd9_992f_4f07_bcd0_a3815b27c6ec,,1747239100456,1747239100456,carrera_v2_lap_80687EFE,1193,7
,1,7470,102,0:07.470,14.05.2025 18:11:44,,,ui.lap_update,carrera_v2_6b799dd9_992f_4f07_bcd0_a3815b27c6ec,,1747239103816,1747239103816,carrera_v2_lap_80687EFE,1465,3
,2,8644,42,0:08.644,14.05.2025 18:11:49,,,ui.lap_update,carrera_v2_6b799dd9_992f_4f07_bcd0_a3815b27c6ec,,1747239109035,1747239109035,carrera_v2_lap_80687EFE,1194,7
,2,8034,112,0:08.034,27.05.2025 16:58:32,,,ui.lap_update,carrera_v2_6b799dd9_992f_4f07_bcd0_a3815b27c6ec,,1748357911675,1748357911675,carrera_v2_lap_80687EFE,423,7
,2,6589,112,0:06.589,27.05.2025 16:58:38,,,ui.lap_update,carrera_v2_6b799dd9_992f_4f07_bcd0_a3815b27c6ec,,1748357918337,1748357918337,carrera_v2_lap_80687EFE,424,7
,1,30511,113,0:30.511,27.05.2025 16:58:42,,,ui.lap_update,carrera_v2_6b799dd9_992f_4f07_bcd0_a3815b27c6ec,,1748357921934,1748357921934,carrera_v2_lap_80687EFE,379,5
,2,6281,112,0:06.281,27.05.2025 16:58:45,,,ui.lap_update,carrera_v2_6b799dd9_992f_4f07_bcd0_a3815b27c6ec,,1748357924634,1748357924634,carrera_v2_lap_80687EFE,425,7
,1,8562,113,0:08.562,27.05.2025 16:58:50,,,ui.lap_update,carrera_v2_6b799dd9_992f_4f07_bcd0_a3815b27c6ec,,1748357930455,1748357930455,carrera_v2_lap_80687EFE,380,5
,2,6269,112,0:06.269,27.05.2025 16:58:51,,,ui.lap_update,carrera_v2_6b799dd9_992f_4f07_bcd0_a3815b27c6ec,,1748357930814,1748357930814,carrera_v2_lap_80687EFE,426,7
,1,71208,3,1:11.208,07.05.2025 09:07:34,,,ui.lap_update,carrera_v2_6b799dd9_992f_4f07_bcd0_a3815b27c6ec,,1746601654046,1746601654046,carrera_v2_lap_80687EFE,36,7
,2,537010,42,8:57.010,14.05.2025 17:49:59,,,ui.lap_update,carrera_v2_6b799dd9_992f_4f07_bcd0_a3815b27c6ec,,1747237798961,1747237798961,carrera_v2_lap_80687EFE,1150,7
,1,589292,102,9:49.292,14.05.2025 17:49:59,,,ui.lap_update,carrera_v2_6b799dd9_992f_4f07_bcd0_a3815b27c6ec,,1747237799199,1747237799199,carrera_v2_lap_80687EFE,1430,3
,2,6004,42,0:06.004,14.05.2025 17:50:05,,,ui.lap_update,carrera_v2_6b799dd9_992f_4f07_bcd0_a3815b27c6ec,,1747237805019,1747237805019,carrera_v2_lap_80687EFE,1151,7
,1,7512,102,0:07.512,14.05.2025 17:50:07,,,ui.lap_update,carrera_v2_6b799dd9_992f_4f07_bcd0_a3815b27c6ec,,1747237806637,1747237806637,carrera_v2_lap_80687EFE,1431,3
,1,9183,102,0:09.183,14.05.2025 17:50:16,,,ui.lap_update,carrera_v2_6b799dd9_992f_4f07_bcd0_a3815b27c6ec,,1747237815818,1747237815818,carrera_v2_lap_80687EFE,1432,3
,2,12041,42,0:12.041,14.05.2025 17:50:17,,,ui.lap_update,carrera_v2_6b799dd9_992f_4f07_bcd0_a3815b27c6ec,,1747237817019,1747237817019,carrera_v2_lap_80687EFE,1152,7
,2,9097,42,0:09.097,14.05.2025 18:12:26,,,ui.lap_update,carrera_v2_6b799dd9_992f_4f07_bcd0_a3815b27c6ec,,1747239146359,1747239146359,carrera_v2_lap_80687EFE,1198,7
,1,13281,102,0:13.281,14.05.2025 18:12:32,,,ui.lap_update,carrera_v2_6b799dd9_992f_4f07_bcd0_a3815b27c6ec,,1747239151697,1747239151697,carrera_v2_lap_80687EFE,1470,3
,2,9157,42,0:09.157,14.05.2025 18:12:35,,,ui.lap_update,carrera_v2_6b799dd9_992f_4f07_bcd0_a3815b27c6ec,,1747239155419,1747239155419,carrera_v2_lap_80687EFE,1199,7
,1,5946,102,0:05.946,14.05.2025 18:12:38,,,ui.lap_update,carrera_v2_6b799dd9_992f_4f07_bcd0_a3815b27c6ec,,1747239157577,1747239157577,carrera_v2_lap_80687EFE,1471,3
,1,17104,102,0:17.104,14.05.2025 18:12:55,,,ui.lap_update,carrera_v2_6b799dd9_992f_4f07_bcd0_a3815b27c6ec,,1747239174739,1747239174739,carrera_v2_lap_80687EFE,1472,3
,2,19987,42,0:19.987,14.05.2025 18:12:55,,,ui.lap_update,carrera_v2_6b799dd9_992f_4f07_bcd0_a3815b27c6ec,,1747239175404,1747239175404,carrera_v2_lap_80687EFE,1200,7
,2,579961,129,09:39:96,08.05.2025 11:20:43,,,browser.lap_update,carrera_v2_6b799dd9_992f_4f07_bcd0_a3815b27c6ec,,1746696043284,1746696043284,carrera_v2_lap_80687EFE,20,123
,2,579961,129,09:39:96,07.05.2025 16:42:00,,,browser.lap_update,carrera_v2_6b799dd9_992f_4f07_bcd0_a3815b27c6ec,,1746628919671,1746628919671,carrera_v2_lap_80687EFE,60,123
,1,61351,11,1:01.351,07.05.2025 12:26:40,,,ui.lap_update,carrera_v2_6b799dd9_992f_4f07_bcd0_a3815b27c6ec,,1746606400041,1746606400041,carrera_v2_lap_80687EFE,72,6
,1,5192,113,0:05.192,27.05.2025 16:56:30,,,ui.lap_update,carrera_v2_6b799dd9_992f_4f07_bcd0_a3815b27c6ec,,1748357789573,1748357789573,carrera_v2_lap_80687EFE,369,3
,2,8074,112,0:08.074,27.05.2025 16:56:30,,,ui.lap_update,carrera_v2_6b799dd9_992f_4f07_bcd0_a3815b27c6ec,,1748357790415,1748357790415,carrera_v2_lap_80687EFE,412,7
,2,4833,112,0:04.833,27.05.2025 16:56:35,,,ui.lap_update,carrera_v2_6b799dd9_992f_4f07_bcd0_a3815b27c6ec,,1748357795153,1748357795153,carrera_v2_lap_80687EFE,413,7
,2,5697,112,0:05.697,27.05.2025 16:56:41,,,ui.lap_update,carrera_v2_6b799dd9_992f_4f07_bcd0_a3815b27c6ec,,1748357800792,1748357800792,carrera_v2_lap_80687EFE,414,7
,1,13386,113,0:13.386,27.05.2025 16:56:43,,,ui.lap_update,carrera_v2_6b799dd9_992f_4f07_bcd0_a3815b27c6ec,,1748357802834,1748357802834,carrera_v2_lap_80687EFE,370,3
,2,5875,112,0:05.875,27.05.2025 16:56:47,,,ui.lap_update,carrera_v2_6b799dd9_992f_4f07_bcd0_a3815b27c6ec,,1748357806672,1748357806672,carrera_v2_lap_80687EFE,415,7
,1,5609,113,0:05.609,27.05.2025 16:56:48,,,ui.lap_update,carrera_v2_6b799dd9_992f_4f07_bcd0_a3815b27c6ec,,1748357808473,1748357808473,carrera_v2_lap_80687EFE,371,3
,2,5262,112,0:05.262,27.05.2025 16:56:52,,,ui.lap_update,carrera_v2_6b799dd9_992f_4f07_bcd0_a3815b27c6ec,,1748357812015,1748357812015,carrera_v2_lap_80687EFE,416,7
,1,6249,113,0:06.249,27.05.2025 17:01:58,,,ui.lap_update,carrera_v2_6b799dd9_992f_4f07_bcd0_a3815b27c6ec,,1748358118376,1748358118376,carrera_v2_lap_80687EFE,394,7
,2,5148,112,0:05.148,27.05.2025 17:02:00,,,ui.lap_update,carrera_v2_6b799dd9_992f_4f07_bcd0_a3815b27c6ec,,1748358120176,1748358120176,carrera_v2_lap_80687EFE,449,7
,1,5938,113,0:05.938,27.05.2025 17:02:04,,,ui.lap_update,carrera_v2_6b799dd9_992f_4f07_bcd0_a3815b27c6ec,,1748358124316,1748358124316,carrera_v2_lap_80687EFE,395,7
,2,5217,112,0:05.217,27.05.2025 17:02:05,,,ui.lap_update,carrera_v2_6b799dd9_992f_4f07_bcd0_a3815b27c6ec,,1748358125397,1748358125397,carrera_v2_lap_80687EFE,450,7
,1,5412,113,0:05.412,27.05.2025 17:02:10,,,ui.lap_update,carrera_v2_6b799dd9_992f_4f07_bcd0_a3815b27c6ec,,1748358129657,1748358129657,carrera_v2_lap_80687EFE,396,7
,2,5214,112,0:05.214,27.05.2025 17:02:11,,,ui.lap_update,carrera_v2_6b799dd9_992f_4f07_bcd0_a3815b27c6ec,,1748358130617,1748358130617,carrera_v2_lap_80687EFE,451,7
,1,5287,113,0:05.287,27.05.2025 17:02:15,,,ui.lap_update,carrera_v2_6b799dd9_992f_4f07_bcd0_a3815b27c6ec,,1748358134937,1748358134937,carrera_v2_lap_80687EFE,397,7
,2,5815,112,0:05.815,27.05.2025 17:02:16,,,ui.lap_update,carrera_v2_6b799dd9_992f_4f07_bcd0_a3815b27c6ec,,1748358136377,1748358136377,carrera_v2_lap_80687EFE,452,7
,1,5149,113,0:05.149,27.05.2025 17:02:20,,,ui.lap_update,carrera_v2_6b799dd9_992f_4f07_bcd0_a3815b27c6ec,,1748358140037,1748358140037,carrera_v2_lap_80687EFE,398,7
,2,5408,112,0:05.408,27.05.2025 17:02:22,,,ui.lap_update,carrera_v2_6b799dd9_992f_4f07_bcd0_a3815b27c6ec,,1748358141777,1748358141777,carrera_v2_lap_80687EFE,453,7
,2,14658,42,0:14.658,14.05.2025 17:40:28,,,ui.lap_update,carrera_v2_6b799dd9_992f_4f07_bcd0_a3815b27c6ec,,1747237228314,1747237228314,carrera_v2_lap_80687EFE,1146,7
,2,8483,42,0:08.483,14.05.2025 17:40:37,,,ui.lap_update,carrera_v2_6b799dd9_992f_4f07_bcd0_a3815b27c6ec,,1747237236829,1747237236829,carrera_v2_lap_80687EFE,1147,7
,2,7132,42,0:07.132,14.05.2025 17:40:44,,,ui.lap_update,carrera_v2_6b799dd9_992f_4f07_bcd0_a3815b27c6ec,,1747237244030,1747237244030,carrera_v2_lap_80687EFE,1148,7
,2,15003,42,0:15.003,14.05.2025 18:10:27,,,ui.lap_update,carrera_v2_6b799dd9_992f_4f07_bcd0_a3815b27c6ec,,1747239027134,1747239027134,carrera_v2_lap_80687EFE,1186,7
,1,14231,102,0:14.231,14.05.2025 18:10:27,,,ui.lap_update,carrera_v2_6b799dd9_992f_4f07_bcd0_a3815b27c6ec,,1747239027493,1747239027493,carrera_v2_lap_80687EFE,1458,3
,2,13326,42,0:13.326,14.05.2025 18:10:40,,,ui.lap_update,carrera_v2_6b799dd9_992f_4f07_bcd0_a3815b27c6ec,,1747239040394,1747239040394,carrera_v2_lap_80687EFE,1187,7
,1,21089,102,0:21.089,14.05.2025 18:10:49,,,ui.lap_update,carrera_v2_6b799dd9_992f_4f07_bcd0_a3815b27c6ec,,1747239048616,1747239048616,carrera_v2_lap_80687EFE,1459,3
,2,8244,42,0:08.244,14.05.2025 18:10:49,,,ui.lap_update,carrera_v2_6b799dd9_992f_4f07_bcd0_a3815b27c6ec,,1747239048735,1747239048735,carrera_v2_lap_80687EFE,1188,7
,1,6766,102,0:06.766,14.05.2025 18:10:55,,,ui.lap_update,carrera_v2_6b799dd9_992f_4f07_bcd0_a3815b27c6ec,,1747239055274,1747239055274,carrera_v2_lap_80687EFE,1460,3
,2,35233,42,0:35.233,14.05.2025 18:07:13,,,ui.lap_update,carrera_v2_6b799dd9_992f_4f07_bcd0_a3815b27c6ec,,1747238832608,1747238832608,carrera_v2_lap_80687EFE,1174,7
,2,4468,42,0:04.468,14.05.2025 18:07:17,,,ui.lap_update,carrera_v2_6b799dd9_992f_4f07_bcd0_a3815b27c6ec,,1747238837050,1747238837050,carrera_v2_lap_80687EFE,1175,7
,2,1549,42,0:01.549,14.05.2025 18:07:18,,,ui.lap_update,carrera_v2_6b799dd9_992f_4f07_bcd0_a3815b27c6ec,,1747238838488,1747238838488,carrera_v2_lap_80687EFE,1176,7
,2,28585,42,0:28.585,14.05.2025 17:38:28,,,ui.lap_update,carrera_v2_6b799dd9_992f_4f07_bcd0_a3815b27c6ec,,1747237108365,1747237108365,carrera_v2_lap_80687EFE,1138,7
,2,9677,42,0:09.677,14.05.2025 17:38:38,,,ui.lap_update,carrera_v2_6b799dd9_992f_4f07_bcd0_a3815b27c6ec,,1747237118147,1747237118147,carrera_v2_lap_80687EFE,1139,7
,1,20919,102,0:20.919,14.05.2025 17:38:46,,,ui.lap_update,carrera_v2_6b799dd9_992f_4f07_bcd0_a3815b27c6ec,,1747237125586,1747237125586,carrera_v2_lap_80687EFE,1425,3
,2,8656,42,0:08.656,14.05.2025 17:38:47,,,ui.lap_update,carrera_v2_6b799dd9_992f_4f07_bcd0_a3815b27c6ec,,1747237126666,1747237126666,carrera_v2_lap_80687EFE,1140,7
,1,165421,15,2:45.421,13.05.2025 17:24:30,,,ui.lap_update,carrera_v2_6b799dd9_992f_4f07_bcd0_a3815b27c6ec,,1747149869587,1747149869587,carrera_v2_lap_80687EFE,109,3
,1,4430,15,0:04.430,13.05.2025 17:24:34,,,ui.lap_update,carrera_v2_6b799dd9_992f_4f07_bcd0_a3815b27c6ec,,1747149874026,1747149874026,carrera_v2_lap_80687EFE,110,3
,1,14264,15,0:14.264,13.05.2025 17:24:48,,,ui.lap_update,carrera_v2_6b799dd9_992f_4f07_bcd0_a3815b27c6ec,,1747149888246,1747149888246,carrera_v2_lap_80687EFE,111,3
,2,19680,42,0:19.680,14.05.2025 17:41:04,,,ui.lap_update,carrera_v2_6b799dd9_992f_4f07_bcd0_a3815b27c6ec,,1747237263529,1747237263529,carrera_v2_lap_80687EFE,1149,7
,1,30348,102,0:30.348,14.05.2025 17:58:33,,,ui.lap_update,carrera_v2_6b799dd9_992f_4f07_bcd0_a3815b27c6ec,,1747238312993,1747238312993,carrera_v2_lap_80687EFE,1440,3
,2,18504,42,0:18.504,14.05.2025 17:58:34,,,ui.lap_update,carrera_v2_6b799dd9_992f_4f07_bcd0_a3815b27c6ec,,1747238314313,1747238314313,carrera_v2_lap_80687EFE,1165,7
,1,5563,102,0:05.563,14.05.2025 17:58:38,,,ui.lap_update,carrera_v2_6b799dd9_992f_4f07_bcd0_a3815b27c6ec,,1747238318393,1747238318393,carrera_v2_lap_80687EFE,1441,3
,2,10105,42,0:10.105,14.05.2025 17:58:44,,,ui.lap_update,carrera_v2_6b799dd9_992f_4f07_bcd0_a3815b27c6ec,,1747238324334,1747238324334,carrera_v2_lap_80687EFE,1166,7
,1,8189,102,0:08.189,14.05.2025 17:58:47,,,ui.lap_update,carrera_v2_6b799dd9_992f_4f07_bcd0_a3815b27c6ec,,1747238326613,1747238326613,carrera_v2_lap_80687EFE,1442,3
,1,280284,2,4:40.284,06.05.2025 16:50:08,,,ui.lap_update,carrera_v2_6b799dd9_992f_4f07_bcd0_a3815b27c6ec,,1746535808465,1746535808465,carrera_v2_lap_80687EFE,34,1
,1,260,2,0:00.260,06.05.2025 16:50:09,,,ui.lap_update,carrera_v2_6b799dd9_992f_4f07_bcd0_a3815b27c6ec,,1746535808703,1746535808703,carrera_v2_lap_80687EFE,35,1
,2,579961,129,09:39:96,03.09.2025 12:01:20,,,browser.lap_update,carrera_v2_6b799dd9_992f_4f07_bcd0_a3815b27c6ec,,1756893679623,1756893679623,carrera_v2_lap_80687EFE,75,123
,2,579961,129,09:39:96,07.05.2025 11:30:35,,,browser.lap_update,carrera_v2_6b799dd9_992f_4f07_bcd0_a3815b27c6ec,,1746610235393,1746610235393,carrera_v2_lap_80687EFE,80,123
,1,579372,4,9:39.372,07.05.2025 10:01:04,,,ui.lap_update,carrera_v2_6b799dd9_992f_4f07_bcd0_a3815b27c6ec,,1746604864120,1746604864120,carrera_v2_lap_80687EFE,64,7
,1,2592,4,0:02.592,07.05.2025 10:01:07,,,ui.lap_update,carrera_v2_6b799dd9_992f_4f07_bcd0_a3815b27c6ec,,1746604866699,1746604866699,carrera_v2_lap_80687EFE,65,7
,1,5162,15,0:05.162,13.05.2025 17:36:57,,,ui.lap_update,carrera_v2_6b799dd9_992f_4f07_bcd0_a3815b27c6ec,,1747150616543,1747150616543,carrera_v2_lap_80687EFE,118,3
,1,5204,15,0:05.204,13.05.2025 17:37:02,,,ui.lap_update,carrera_v2_6b799dd9_992f_4f07_bcd0_a3815b27c6ec,,1747150621642,1747150621642,carrera_v2_lap_80687EFE,119,3
,1,5053,15,0:05.053,13.05.2025 17:37:07,,,ui.lap_update,carrera_v2_6b799dd9_992f_4f07_bcd0_a3815b27c6ec,,1747150626803,1747150626803,carrera_v2_lap_80687EFE,120,3
,1,5145,15,0:05.145,13.05.2025 17:37:12,,,ui.lap_update,carrera_v2_6b799dd9_992f_4f07_bcd0_a3815b27c6ec,,1747150631903,1747150631903,carrera_v2_lap_80687EFE,121,3
,1,5188,15,0:05.188,13.05.2025 17:37:17,,,ui.lap_update,carrera_v2_6b799dd9_992f_4f07_bcd0_a3815b27c6ec,,1747150637062,1747150637062,carrera_v2_lap_80687EFE,122,3
,1,5098,15,0:05.098,13.05.2025 17:37:22,,,ui.lap_update,carrera_v2_6b799dd9_992f_4f07_bcd0_a3815b27c6ec,,1747150642103,1747150642103,carrera_v2_lap_80687EFE,123,3
,2,9713,42,0:09.713,14.05.2025 18:15:00,,,ui.lap_update,carrera_v2_6b799dd9_992f_4f07_bcd0_a3815b27c6ec,,1747239299902,1747239299902,carrera_v2_lap_80687EFE,1215,7
,1,11230,102,0:11.230,14.05.2025 18:15:04,,,ui.lap_update,carrera_v2_6b799dd9_992f_4f07_bcd0_a3815b27c6ec,,1747239303624,1747239303624,carrera_v2_lap_80687EFE,1487,3
,1,6995,102,0:06.995,14.05.2025 18:15:10,,,ui.lap_update,carrera_v2_6b799dd9_992f_4f07_bcd0_a3815b27c6ec,,1747239310462,1747239310462,carrera_v2_lap_80687EFE,1488,3
,1,6362,102,0:06.362,14.05.2025 18:15:17,,,ui.lap_update,carrera_v2_6b799dd9_992f_4f07_bcd0_a3815b27c6ec,,1747239316882,1747239316882,carrera_v2_lap_80687EFE,1489,3
,1,6329,102,0:06.329,14.05.2025 18:15:23,,,ui.lap_update,carrera_v2_6b799dd9_992f_4f07_bcd0_a3815b27c6ec,,1747239323184,1747239323184,carrera_v2_lap_80687EFE,1490,3
,2,579961,129,09:39:96,07.05.2025 16:53:40,,,browser.lap_update,carrera_v2_6b799dd9_992f_4f07_bcd0_a3815b27c6ec,,1746629619847,1746629619847,carrera_v2_lap_80687EFE,60,123
,controller1,199,7,199,30.04.2025 12:49:00,,,lap,carrera_v2_6b799dd9_992f_4f07_bcd0_a3815b27c6ec,True,1746003014,37,carrera_v2_lap_80687EFE,5,3
,controller1,199,7,199,30.04.2025 12:49:00,,,lap,carrera_v2_6b799dd9_992f_4f07_bcd0_a3815b27c6ec,True,1746003014,38,carrera_v2_lap_80687EFE,5,3
,1,9968,102,0:09.968,14.05.2025 17:58:57,,,ui.lap_update,carrera_v2_6b799dd9_992f_4f07_bcd0_a3815b27c6ec,,1747238336633,1747238336633,carrera_v2_lap_80687EFE,1443,3
,1,5094,113,0:05.094,27.05.2025 16:55:58,,,ui.lap_update,carrera_v2_6b799dd9_992f_4f07_bcd0_a3815b27c6ec,,1748357758133,1748357758133,carrera_v2_lap_80687EFE,363,3
,2,4997,112,0:04.997,27.05.2025 16:56:00,,,ui.lap_update,carrera_v2_6b799dd9_992f_4f07_bcd0_a3815b27c6ec,,1748357759572,1748357759572,carrera_v2_lap_80687EFE,408,7
,1,5111,113,0:05.111,27.05.2025 16:56:03,,,ui.lap_update,carrera_v2_6b799dd9_992f_4f07_bcd0_a3815b27c6ec,,1748357763292,1748357763292,carrera_v2_lap_80687EFE,364,3
,1,5614,113,0:05.614,27.05.2025 16:56:09,,,ui.lap_update,carrera_v2_6b799dd9_992f_4f07_bcd0_a3815b27c6ec,,1748357768934,1748357768934,carrera_v2_lap_80687EFE,365,3
,2,11929,112,0:11.929,27.05.2025 16:56:11,,,ui.lap_update,carrera_v2_6b799dd9_992f_4f07_bcd0_a3815b27c6ec,,1748357771453,1748357771453,carrera_v2_lap_80687EFE,409,7
,1,5150,113,0:05.150,27.05.2025 16:56:14,,,ui.lap_update,carrera_v2_6b799dd9_992f_4f07_bcd0_a3815b27c6ec,,1748357774035,1748357774035,carrera_v2_lap_80687EFE,366,3
,2,5842,112,0:05.842,27.05.2025 16:56:17,,,ui.lap_update,carrera_v2_6b799dd9_992f_4f07_bcd0_a3815b27c6ec,,1748357777212,1748357777212,carrera_v2_lap_80687EFE,410,7
,1,5231,113,0:05.231,27.05.2025 16:56:19,,,ui.lap_update,carrera_v2_6b799dd9_992f_4f07_bcd0_a3815b27c6ec,,1748357779252,1748357779252,carrera_v2_lap_80687EFE,367,3
,2,5056,112,0:05.056,27.05.2025 16:56:22,,,ui.lap_update,carrera_v2_6b799dd9_992f_4f07_bcd0_a3815b27c6ec,,1748357782314,1748357782314,carrera_v2_lap_80687EFE,411,7
,1,5141,113,0:05.141,27.05.2025 16:56:24,,,ui.lap_update,carrera_v2_6b799dd9_992f_4f07_bcd0_a3815b27c6ec,,1748357784355,1748357784355,carrera_v2_lap_80687EFE,368,3
,1,5025,15,0:05.025,13.05.2025 17:37:57,,,ui.lap_update,carrera_v2_6b799dd9_992f_4f07_bcd0_a3815b27c6ec,,1747150676962,1747150676962,carrera_v2_lap_80687EFE,129,3
,1,8909,15,0:08.909,13.05.2025 17:38:06,,,ui.lap_update,carrera_v2_6b799dd9_992f_4f07_bcd0_a3815b27c6ec,,1747150685784,1747150685784,carrera_v2_lap_80687EFE,130,3
,1,6193,15,0:06.193,13.05.2025 17:38:12,,,ui.lap_update,carrera_v2_6b799dd9_992f_4f07_bcd0_a3815b27c6ec,,1747150691963,1747150691963,carrera_v2_lap_80687EFE,131,3
,1,6535,15,0:06.535,13.05.2025 17:38:18,,,ui.lap_update,carrera_v2_6b799dd9_992f_4f07_bcd0_a3815b27c6ec,,1747150698443,1747150698443,carrera_v2_lap_80687EFE,132,3
,1,6835,15,0:06.835,13.05.2025 17:38:25,,,ui.lap_update,carrera_v2_6b799dd9_992f_4f07_bcd0_a3815b27c6ec,,1747150705284,1747150705284,carrera_v2_lap_80687EFE,133,3
,2,579961,129,09:39:96,08.05.2025 12:13:44,,,browser.lap_update,carrera_v2_6b799dd9_992f_4f07_bcd0_a3815b27c6ec,,1746699223587,1746699223587,carrera_v2_lap_80687EFE,20,123
,1,9236,113,0:09.236,27.05.2025 16:59:29,,,ui.lap_update,carrera_v2_6b799dd9_992f_4f07_bcd0_a3815b27c6ec,,1748357969277,1748357969277,carrera_v2_lap_80687EFE,382,5
,2,6908,112,0:06.908,27.05.2025 16:59:32,,,ui.lap_update,carrera_v2_6b799dd9_992f_4f07_bcd0_a3815b27c6ec,,1748357971555,1748357971555,carrera_v2_lap_80687EFE,429,7
,1,7237,113,0:07.237,27.05.2025 16:59:36,,,ui.lap_update,carrera_v2_6b799dd9_992f_4f07_bcd0_a3815b27c6ec,,1748357976478,1748357976478,carrera_v2_lap_80687EFE,383,5
,2,5810,112,0:05.810,27.05.2025 16:59:37,,,ui.lap_update,carrera_v2_6b799dd9_992f_4f07_bcd0_a3815b27c6ec,,1748357977315,1748357977315,carrera_v2_lap_80687EFE,430,7
,1,6828,113,0:06.828,27.05.2025 16:59:43,,,ui.lap_update,carrera_v2_6b799dd9_992f_4f07_bcd0_a3815b27c6ec,,1748357983195,1748357983195,carrera_v2_lap_80687EFE,384,5
,2,6649,112,0:06.649,27.05.2025 16:59:44,,,ui.lap_update,carrera_v2_6b799dd9_992f_4f07_bcd0_a3815b27c6ec,,1748357983977,1748357983977,carrera_v2_lap_80687EFE,431,7
,2,7584,112,0:07.584,27.05.2025 16:59:52,,,ui.lap_update,carrera_v2_6b799dd9_992f_4f07_bcd0_a3815b27c6ec,,1748357991535,1748357991535,carrera_v2_lap_80687EFE,432,7
,1,9487,113,0:09.487,27.05.2025 16:59:53,,,ui.lap_update,carrera_v2_6b799dd9_992f_4f07_bcd0_a3815b27c6ec,,1748357992734,1748357992734,carrera_v2_lap_80687EFE,385,5
,2,5975,112,0:05.975,27.05.2025 17:01:29,,,ui.lap_update,carrera_v2_6b799dd9_992f_4f07_bcd0_a3815b27c6ec,,1748358089336,1748358089336,carrera_v2_lap_80687EFE,444,7
,2,5618,112,0:05.618,27.05.2025 17:01:35,,,ui.lap_update,carrera_v2_6b799dd9_992f_4f07_bcd0_a3815b27c6ec,,1748358094918,1748358094918,carrera_v2_lap_80687EFE,445,7
,2,5912,112,0:05.912,27.05.2025 17:01:41,,,ui.lap_update,carrera_v2_6b799dd9_992f_4f07_bcd0_a3815b27c6ec,,1748358100919,1748358100919,carrera_v2_lap_80687EFE,446,7
,2,8589,112,0:08.589,27.05.2025 17:01:49,,,ui.lap_update,carrera_v2_6b799dd9_992f_4f07_bcd0_a3815b27c6ec,,1748358109436,1748358109436,carrera_v2_lap_80687EFE,447,7
,1,40934,113,0:40.934,27.05.2025 17:01:52,,,ui.lap_update,carrera_v2_6b799dd9_992f_4f07_bcd0_a3815b27c6ec,,1748358112137,1748358112137,carrera_v2_lap_80687EFE,393,7
,2,5598,112,0:05.598,27.05.2025 17:01:55,,,ui.lap_update,carrera_v2_6b799dd9_992f_4f07_bcd0_a3815b27c6ec,,1748358115020,1748358115020,carrera_v2_lap_80687EFE,448,7
,1,17882,112,0:17.882,27.05.2025 18:06:30,,,ui.lap_update,carrera_v2_6b799dd9_992f_4f07_bcd0_a3815b27c6ec,,1748361989737,1748361989737,carrera_v2_lap_80687EFE,453,7
,2,6181,129,0:06.181,27.05.2025 18:06:32,,,ui.lap_update,carrera_v2_6b799dd9_992f_4f07_bcd0_a3815b27c6ec,,1748361991657,1748361991657,carrera_v2_lap_80687EFE,514,4
,1,5608,112,0:05.608,27.05.2025 18:06:35,,,ui.lap_update,carrera_v2_6b799dd9_992f_4f07_bcd0_a3815b27c6ec,,1748361995258,1748361995258,carrera_v2_lap_80687EFE,454,7
,2,5703,129,0:05.703,27.05.2025 18:06:37,,,ui.lap_update,carrera_v2_6b799dd9_992f_4f07_bcd0_a3815b27c6ec,,1748361997421,1748361997421,carrera_v2_lap_80687EFE,515,4
,1,5469,112,0:05.469,27.05.2025 18:06:41,,,ui.lap_update,carrera_v2_6b799dd9_992f_4f07_bcd0_a3815b27c6ec,,1748362000779,1748362000779,carrera_v2_lap_80687EFE,455,7
,2,6249,129,0:06.249,27.05.2025 18:06:44,,,ui.lap_update,carrera_v2_6b799dd9_992f_4f07_bcd0_a3815b27c6ec,,1748362003658,1748362003658,carrera_v2_lap_80687EFE,516,4
,2,6092,129,0:06.092,27.05.2025 18:06:50,,,ui.lap_update,carrera_v2_6b799dd9_992f_4f07_bcd0_a3815b27c6ec,,1748362009658,1748362009658,carrera_v2_lap_80687EFE,517,4
,1,13689,112,0:13.689,27.05.2025 18:06:54,,,ui.lap_update,carrera_v2_6b799dd9_992f_4f07_bcd0_a3815b27c6ec,,1748362014339,1748362014339,carrera_v2_lap_80687EFE,456,7
,1,56004,2,0:56.004,06.05.2025 16:43:03,,,ui.lap_update,carrera_v2_6b799dd9_992f_4f07_bcd0_a3815b27c6ec,,1746535382620,1746535382620,carrera_v2_lap_80687EFE,31,1
,2,13842,42,0:13.842,14.05.2025 17:36:04,,,ui.lap_update,carrera_v2_6b799dd9_992f_4f07_bcd0_a3815b27c6ec,,1747236964270,1747236964270,carrera_v2_lap_80687EFE,1126,7
,2,347,42,0:00.347,14.05.2025 17:36:05,,,ui.lap_update,carrera_v2_6b799dd9_992f_4f07_bcd0_a3815b27c6ec,,1747236964630,1747236964630,carrera_v2_lap_80687EFE,1127,7
,2,991,42,0:00.991,14.05.2025 17:36:06,,,ui.lap_update,carrera_v2_6b799dd9_992f_4f07_bcd0_a3815b27c6ec,,1747236965590,1747236965590,carrera_v2_lap_80687EFE,1128,7
,2,318,42,0:00.318,14.05.2025 17:36:06,,,ui.lap_update,carrera_v2_6b799dd9_992f_4f07_bcd0_a3815b27c6ec,,1747236965830,1747236965830,carrera_v2_lap_80687EFE,1129,7
,1,17468,102,0:17.468,14.05.2025 17:36:11,,,ui.lap_update,carrera_v2_6b799dd9_992f_4f07_bcd0_a3815b27c6ec,,1747236970630,1747236970630,carrera_v2_lap_80687EFE,1417,3
,2,6143,42,0:06.143,14.05.2025 17:36:12,,,ui.lap_update,carrera_v2_6b799dd9_992f_4f07_bcd0_a3815b27c6ec,,1747236971950,1747236971950,carrera_v2_lap_80687EFE,1130,7
,1,10626,102,0:10.626,14.05.2025 17:36:21,,,ui.lap_update,carrera_v2_6b799dd9_992f_4f07_bcd0_a3815b27c6ec,,1747236981251,1747236981251,carrera_v2_lap_80687EFE,1418,3
,2,10262,42,0:10.262,14.05.2025 17:36:22,,,ui.lap_update,carrera_v2_6b799dd9_992f_4f07_bcd0_a3815b27c6ec,,1747236982210,1747236982210,carrera_v2_lap_80687EFE,1131,7
,2,579961,129,09:39:96,08.05.2025 11:06:32,,,browser.lap_update,carrera_v2_6b799dd9_992f_4f07_bcd0_a3815b27c6ec,,1746695192243,1746695192243,carrera_v2_lap_80687EFE,20,123
,1,13144,113,0:13.144,27.05.2025 16:57:58,,,ui.lap_update,carrera_v2_6b799dd9_992f_4f07_bcd0_a3815b27c6ec,,1748357878194,1748357878194,carrera_v2_lap_80687EFE,376,3
,1,6704,113,0:06.704,27.05.2025 16:58:05,,,ui.lap_update,carrera_v2_6b799dd9_992f_4f07_bcd0_a3815b27c6ec,,1748357884853,1748357884853,carrera_v2_lap_80687EFE,377,3
,1,6676,113,0:06.676,27.05.2025 16:58:12,,,ui.lap_update,carrera_v2_6b799dd9_992f_4f07_bcd0_a3815b27c6ec,,1748357891516,1748357891516,carrera_v2_lap_80687EFE,378,3
,2,37511,112,0:37.511,27.05.2025 16:58:24,,,ui.lap_update,carrera_v2_6b799dd9_992f_4f07_bcd0_a3815b27c6ec,,1748357903753,1748357903753,carrera_v2_lap_80687EFE,422,7
,controller1,225,7,225,28.04.2025 18:49:00,,,lap,carrera_v2_6b799dd9_992f_4f07_bcd0_a3815b27c6ec,False,1682001400,35,carrera_v2_lap_80687EFE,2,3
,2,5095,112,0:05.095,27.05.2025 16:56:57,,,ui.lap_update,carrera_v2_6b799dd9_992f_4f07_bcd0_a3815b27c6ec,,1748357816993,1748357816993,carrera_v2_lap_80687EFE,417,7
,2,2201,112,0:02.201,27.05.2025 16:56:59,,,ui.lap_update,carrera_v2_6b799dd9_992f_4f07_bcd0_a3815b27c6ec,,1748357819274,1748357819274,carrera_v2_lap_80687EFE,418,7
,2,3485,112,0:03.485,27.05.2025 16:57:03,,,ui.lap_update,carrera_v2_6b799dd9_992f_4f07_bcd0_a3815b27c6ec,,1748357822694,1748357822694,carrera_v2_lap_80687EFE,419,7
,1,23751,113,0:23.751,27.05.2025 16:57:12,,,ui.lap_update,carrera_v2_6b799dd9_992f_4f07_bcd0_a3815b27c6ec,,1748357832173,1748357832173,carrera_v2_lap_80687EFE,372,3
,1,11553,113,0:11.553,27.05.2025 16:57:24,,,ui.lap_update,carrera_v2_6b799dd9_992f_4f07_bcd0_a3815b27c6ec,,1748357843696,1748357843696,carrera_v2_lap_80687EFE,373,3
,1,184357,2,3:04.357,06.05.2025 16:42:06,,,ui.lap_update,carrera_v2_6b799dd9_992f_4f07_bcd0_a3815b27c6ec,,1746535325501,1746535325501,carrera_v2_lap_80687EFE,29,1
,1,1133,2,0:01.133,06.05.2025 16:42:07,,,ui.lap_update,carrera_v2_6b799dd9_992f_4f07_bcd0_a3815b27c6ec,,1746535326642,1746535326642,carrera_v2_lap_80687EFE,30,1
,2,12670,42,0:12.670,14.05.2025 17:38:00,,,ui.lap_update,carrera_v2_6b799dd9_992f_4f07_bcd0_a3815b27c6ec,,1747237079923,1747237079923,carrera_v2_lap_80687EFE,1137,7
,1,15638,102,0:15.638,14.05.2025 17:38:04,,,ui.lap_update,carrera_v2_6b799dd9_992f_4f07_bcd0_a3815b27c6ec,,1747237083643,1747237083643,carrera_v2_lap_80687EFE,1423,3
,1,21072,102,0:21.072,14.05.2025 17:38:25,,,ui.lap_update,carrera_v2_6b799dd9_992f_4f07_bcd0_a3815b27c6ec,,1747237104645,1747237104645,carrera_v2_lap_80687EFE,1424,3
,2,27057,112,0:27.057,27.05.2025 16:59:18,,,ui.lap_update,carrera_v2_6b799dd9_992f_4f07_bcd0_a3815b27c6ec,,1748357957817,1748357957817,carrera_v2_lap_80687EFE,427,7
,1,29665,113,0:29.665,27.05.2025 16:59:20,,,ui.lap_update,carrera_v2_6b799dd9_992f_4f07_bcd0_a3815b27c6ec,,1748357960036,1748357960036,carrera_v2_lap_80687EFE,381,5
,2,6953,112,0:06.953,27.05.2025 16:59:25,,,ui.lap_update,carrera_v2_6b799dd9_992f_4f07_bcd0_a3815b27c6ec,,1748357964717,1748357964717,carrera_v2_lap_80687EFE,428,7
,2,5750,112,0:05.750,27.05.2025 17:01:00,,,ui.lap_update,carrera_v2_6b799dd9_992f_4f07_bcd0_a3815b27c6ec,,1748358059876,1748358059876,carrera_v2_lap_80687EFE,442,7
,1,9914,113,0:09.914,27.05.2025 17:01:06,,,ui.lap_update,carrera_v2_6b799dd9_992f_4f07_bcd0_a3815b27c6ec,,1748358065877,1748358065877,carrera_v2_lap_80687EFE,390,7
,1,4206,113,0:04.206,27.05.2025 17:01:10,,,ui.lap_update,carrera_v2_6b799dd9_992f_4f07_bcd0_a3815b27c6ec,,1748358070016,1748358070016,carrera_v2_lap_80687EFE,391,7
,1,1276,113,0:01.276,27.05.2025 17:01:11,,,ui.lap_update,carrera_v2_6b799dd9_992f_4f07_bcd0_a3815b27c6ec,,1748358071276,1748358071276,carrera_v2_lap_80687EFE,392,7
,2,23663,112,0:23.663,27.05.2025 17:01:23,,,ui.lap_update,carrera_v2_6b799dd9_992f_4f07_bcd0_a3815b27c6ec,,1748358083398,1748358083398,carrera_v2_lap_80687EFE,443,7
,2,5367,112,0:05.367,27.05.2025 16:53:29,,,ui.lap_update,carrera_v2_6b799dd9_992f_4f07_bcd0_a3815b27c6ec,,1748357609090,1748357609090,carrera_v2_lap_80687EFE,388,7
,2,11139,112,0:11.139,27.05.2025 16:53:40,,,ui.lap_update,carrera_v2_6b799dd9_992f_4f07_bcd0_a3815b27c6ec,,1748357620254,1748357620254,carrera_v2_lap_80687EFE,389,7
,2,5638,112,0:05.638,27.05.2025 16:53:46,,,ui.lap_update,carrera_v2_6b799dd9_992f_4f07_bcd0_a3815b27c6ec,,1748357625891,1748357625891,carrera_v2_lap_80687EFE,390,7
,1,886478,129,14:46.478,27.05.2025 18:03:08,,,ui.lap_update,carrera_v2_6b799dd9_992f_4f07_bcd0_a3815b27c6ec,,1748361787714,1748361787714,carrera_v2_lap_80687EFE,431,7
,2,888366,112,14:48.366,27.05.2025 18:03:08,,,ui.lap_update,carrera_v2_6b799dd9_992f_4f07_bcd0_a3815b27c6ec,,1748361787954,1748361787954,carrera_v2_lap_80687EFE,487,4
,2,8450,112,0:08.450,27.05.2025 18:03:16,,,ui.lap_update,carrera_v2_6b799dd9_992f_4f07_bcd0_a3815b27c6ec,,1748361796474,1748361796474,carrera_v2_lap_80687EFE,488,4
,2,7147,112,0:07.147,27.05.2025 18:03:24,,,ui.lap_update,carrera_v2_6b799dd9_992f_4f07_bcd0_a3815b27c6ec,,1748361803554,1748361803554,carrera_v2_lap_80687EFE,489,4
,1,20950,129,0:20.950,27.05.2025 18:03:29,,,ui.lap_update,carrera_v2_6b799dd9_992f_4f07_bcd0_a3815b27c6ec,,1748361808594,1748361808594,carrera_v2_lap_80687EFE,432,7
,2,6149,112,0:06.149,27.05.2025 18:03:30,,,ui.lap_update,carrera_v2_6b799dd9_992f_4f07_bcd0_a3815b27c6ec,,1748361809673,1748361809673,carrera_v2_lap_80687EFE,490,4
,1,6338,129,0:06.338,27.05.2025 18:03:35,,,ui.lap_update,carrera_v2_6b799dd9_992f_4f07_bcd0_a3815b27c6ec,,1748361814894,1748361814894,carrera_v2_lap_80687EFE,433,7
,2,6453,112,0:06.453,27.05.2025 18:03:36,,,ui.lap_update,carrera_v2_6b799dd9_992f_4f07_bcd0_a3815b27c6ec,,1748361816096,1748361816096,carrera_v2_lap_80687EFE,491,4
,1,5797,129,0:05.797,27.05.2025 18:03:41,,,ui.lap_update,carrera_v2_6b799dd9_992f_4f07_bcd0_a3815b27c6ec,,1748361820774,1748361820774,carrera_v2_lap_80687EFE,434,7
,2,5638,112,0:05.638,27.05.2025 18:03:42,,,ui.lap_update,carrera_v2_6b799dd9_992f_4f07_bcd0_a3815b27c6ec,,1748361821734,1748361821734,carrera_v2_lap_80687EFE,492,4
,1,6031,129,0:06.031,27.05.2025 18:03:47,,,ui.lap_update,carrera_v2_6b799dd9_992f_4f07_bcd0_a3815b27c6ec,,1748361826773,1748361826773,carrera_v2_lap_80687EFE,435,7
,2,5374,112,0:05.374,27.05.2025 18:03:47,,,ui.lap_update,carrera_v2_6b799dd9_992f_4f07_bcd0_a3815b27c6ec,,1748361827140,1748361827140,carrera_v2_lap_80687EFE,493,4
,2,6284,112,0:06.284,27.05.2025 18:03:53,,,ui.lap_update,carrera_v2_6b799dd9_992f_4f07_bcd0_a3815b27c6ec,,1748361833314,1748361833314,carrera_v2_lap_80687EFE,494,4
,1,9600,129,0:09.600,27.05.2025 18:03:56,,,ui.lap_update,carrera_v2_6b799dd9_992f_4f07_bcd0_a3815b27c6ec,,1748361836255,1748361836255,carrera_v2_lap_80687EFE,436,7
,2,5488,112,0:05.488,27.05.2025 18:03:59,,,ui.lap_update,carrera_v2_6b799dd9_992f_4f07_bcd0_a3815b27c6ec,,1748361838894,1748361838894,carrera_v2_lap_80687EFE,495,4
,1,5478,129,0:05.478,27.05.2025 18:04:02,,,ui.lap_update,carrera_v2_6b799dd9_992f_4f07_bcd0_a3815b27c6ec,,1748361841715,1748361841715,carrera_v2_lap_80687EFE,437,7
,2,5334,112,0:05.334,27.05.2025 18:04:04,,,ui.lap_update,carrera_v2_6b799dd9_992f_4f07_bcd0_a3815b27c6ec,,1748361844175,1748361844175,carrera_v2_lap_80687EFE,496,4
,1,5456,129,0:05.456,27.05.2025 18:04:07,,,ui.lap_update,carrera_v2_6b799dd9_992f_4f07_bcd0_a3815b27c6ec,,1748361847177,1748361847177,carrera_v2_lap_80687EFE,438,7
,2,5621,112,0:05.621,27.05.2025 18:04:10,,,ui.lap_update,carrera_v2_6b799dd9_992f_4f07_bcd0_a3815b27c6ec,,1748361849695,1748361849695,carrera_v2_lap_80687EFE,497,4
,1,5149,129,0:05.149,27.05.2025 18:04:12,,,ui.lap_update,carrera_v2_6b799dd9_992f_4f07_bcd0_a3815b27c6ec,,1748361852335,1748361852335,carrera_v2_lap_80687EFE,439,7
,2,5152,112,0:05.152,27.05.2025 18:04:15,,,ui.lap_update,carrera_v2_6b799dd9_992f_4f07_bcd0_a3815b27c6ec,,1748361854855,1748361854855,carrera_v2_lap_80687EFE,498,4
,1,7415,129,0:07.415,27.05.2025 18:04:20,,,ui.lap_update,carrera_v2_6b799dd9_992f_4f07_bcd0_a3815b27c6ec,,1748361859715,1748361859715,carrera_v2_lap_80687EFE,440,7
,1,27622,112,0:27.622,27.05.2025 18:04:55,,,ui.lap_update,carrera_v2_6b799dd9_992f_4f07_bcd0_a3815b27c6ec,,1748361895116,1748361895116,carrera_v2_lap_80687EFE,441,7
,2,32843,129,0:32.843,27.05.2025 18:04:55,,,ui.lap_update,carrera_v2_6b799dd9_992f_4f07_bcd0_a3815b27c6ec,,1748361895369,1748361895369,carrera_v2_lap_80687EFE,499,4
,2,6872,129,0:06.872,27.05.2025 18:05:02,,,ui.lap_update,carrera_v2_6b799dd9_992f_4f07_bcd0_a3815b27c6ec,,1748361902258,1748361902258,carrera_v2_lap_80687EFE,500,4
,1,8336,112,0:08.336,27.05.2025 18:05:03,,,ui.lap_update,carrera_v2_6b799dd9_992f_4f07_bcd0_a3815b27c6ec,,1748361903338,1748361903338,carrera_v2_lap_80687EFE,442,7
,2,6281,129,0:06.281,27.05.2025 18:05:08,,,ui.lap_update,carrera_v2_6b799dd9_992f_4f07_bcd0_a3815b27c6ec,,1748361908499,1748361908499,carrera_v2_lap_80687EFE,501,4
,1,5549,112,0:05.549,27.05.2025 18:05:09,,,ui.lap_update,carrera_v2_6b799dd9_992f_4f07_bcd0_a3815b27c6ec,,1748361908855,1748361908855,carrera_v2_lap_80687EFE,443,7
,2,5320,129,0:05.320,27.05.2025 18:05:14,,,ui.lap_update,carrera_v2_6b799dd9_992f_4f07_bcd0_a3815b27c6ec,,1748361913899,1748361913899,carrera_v2_lap_80687EFE,502,4
,1,5186,112,0:05.186,27.05.2025 18:05:14,,,ui.lap_update,carrera_v2_6b799dd9_992f_4f07_bcd0_a3815b27c6ec,,1748361914016,1748361914016,carrera_v2_lap_80687EFE,444,7
,1,7449,112,0:07.449,27.05.2025 18:05:22,,,ui.lap_update,carrera_v2_6b799dd9_992f_4f07_bcd0_a3815b27c6ec,,1748361921515,1748361921515,carrera_v2_lap_80687EFE,445,7
,2,9782,129,0:09.782,27.05.2025 18:05:24,,,ui.lap_update,carrera_v2_6b799dd9_992f_4f07_bcd0_a3815b27c6ec,,1748361923555,1748361923555,carrera_v2_lap_80687EFE,503,4
,1,5268,112,0:05.268,27.05.2025 18:05:27,,,ui.lap_update,carrera_v2_6b799dd9_992f_4f07_bcd0_a3815b27c6ec,,1748361926678,1748361926678,carrera_v2_lap_80687EFE,446,7
,2,8040,129,0:08.040,27.05.2025 18:05:32,,,ui.lap_update,carrera_v2_6b799dd9_992f_4f07_bcd0_a3815b27c6ec,,1748361931596,1748361931596,carrera_v2_lap_80687EFE,504,4
,1,7730,112,0:07.730,27.05.2025 18:05:34,,,ui.lap_update,carrera_v2_6b799dd9_992f_4f07_bcd0_a3815b27c6ec,,1748361934477,1748361934477,carrera_v2_lap_80687EFE,447,7
,2,5261,129,0:05.261,27.05.2025 18:05:37,,,ui.lap_update,carrera_v2_6b799dd9_992f_4f07_bcd0_a3815b27c6ec,,1748361936879,1748361936879,carrera_v2_lap_80687EFE,505,4
,1,5366,112,0:05.366,27.05.2025 18:05:40,,,ui.lap_update,carrera_v2_6b799dd9_992f_4f07_bcd0_a3815b27c6ec,,1748361939818,1748361939818,carrera_v2_lap_80687EFE,448,7
,2,5431,129,0:05.431,27.05.2025 18:05:42,,,ui.lap_update,carrera_v2_6b799dd9_992f_4f07_bcd0_a3815b27c6ec,,1748361942216,1748361942216,carrera_v2_lap_80687EFE,506,4
,1,5187,112,0:05.187,27.05.2025 18:05:45,,,ui.lap_update,carrera_v2_6b799dd9_992f_4f07_bcd0_a3815b27c6ec,,1748361944978,1748361944978,carrera_v2_lap_80687EFE,449,7
,2,5470,129,0:05.470,27.05.2025 18:05:48,,,ui.lap_update,carrera_v2_6b799dd9_992f_4f07_bcd0_a3815b27c6ec,,1748361947736,1748361947736,carrera_v2_lap_80687EFE,507,4
,1,7195,112,0:07.195,27.05.2025 18:05:52,,,ui.lap_update,carrera_v2_6b799dd9_992f_4f07_bcd0_a3815b27c6ec,,1748361952117,1748361952117,carrera_v2_lap_80687EFE,450,7
,2,6133,129,0:06.133,27.05.2025 18:05:54,,,ui.lap_update,carrera_v2_6b799dd9_992f_4f07_bcd0_a3815b27c6ec,,1748361953797,1748361953797,carrera_v2_lap_80687EFE,508,4
,1,6722,112,0:06.722,27.05.2025 18:05:59,,,ui.lap_update,carrera_v2_6b799dd9_992f_4f07_bcd0_a3815b27c6ec,,1748361958838,1748361958838,carrera_v2_lap_80687EFE,451,7
,2,6078,129,0:06.078,27.05.2025 18:06:00,,,ui.lap_update,carrera_v2_6b799dd9_992f_4f07_bcd0_a3815b27c6ec,,1748361959918,1748361959918,carrera_v2_lap_80687EFE,509,4
,2,5733,129,0:05.733,27.05.2025 18:06:06,,,ui.lap_update,carrera_v2_6b799dd9_992f_4f07_bcd0_a3815b27c6ec,,1748361965617,1748361965617,carrera_v2_lap_80687EFE,510,4
,1,61452,2,1:01.452,06.05.2025 16:34:08,,,ui.lap_update,carrera_v2_6b799dd9_992f_4f07_bcd0_a3815b27c6ec,,1746534848377,1746534848377,carrera_v2_lap_80687EFE,24,1
,1,13460,2,0:13.460,06.05.2025 16:34:22,,,ui.lap_update,carrera_v2_6b799dd9_992f_4f07_bcd0_a3815b27c6ec,,1746534861811,1746534861811,carrera_v2_lap_80687EFE,25,1
,1,2122,2,0:02.122,06.05.2025 16:34:24,,,ui.lap_update,carrera_v2_6b799dd9_992f_4f07_bcd0_a3815b27c6ec,,1746534863914,1746534863914,carrera_v2_lap_80687EFE,26,1
,1,28594,16,0:28.594,14.05.2025 08:03:43,,,ui.lap_update,carrera_v2_6b799dd9_992f_4f07_bcd0_a3815b27c6ec,,1747202623258,1747202623258,carrera_v2_lap_80687EFE,148,3
,1,9111,16,0:09.111,14.05.2025 08:03:52,,,ui.lap_update,carrera_v2_6b799dd9_992f_4f07_bcd0_a3815b27c6ec,,1747202632318,1747202632318,carrera_v2_lap_80687EFE,149,3
,1,6275,16,0:06.275,14.05.2025 08:03:59,,,ui.lap_update,carrera_v2_6b799dd9_992f_4f07_bcd0_a3815b27c6ec,,1747202638618,1747202638618,carrera_v2_lap_80687EFE,150,3
,1,14505,16,0:14.505,14.05.2025 08:04:13,,,ui.lap_update,carrera_v2_6b799dd9_992f_4f07_bcd0_a3815b27c6ec,,1747202653139,1747202653139,carrera_v2_lap_80687EFE,151,3
,1,14363,16,0:14.363,14.05.2025 08:04:27,,,ui.lap_update,carrera_v2_6b799dd9_992f_4f07_bcd0_a3815b27c6ec,,1747202667361,1747202667361,carrera_v2_lap_80687EFE,152,3
,1,5307,16,0:05.307,14.05.2025 08:04:33,,,ui.lap_update,carrera_v2_6b799dd9_992f_4f07_bcd0_a3815b27c6ec,,1747202672698,1747202672698,carrera_v2_lap_80687EFE,153,3
,1,9578,16,0:09.578,14.05.2025 08:05:56,,,ui.lap_update,carrera_v2_6b799dd9_992f_4f07_bcd0_a3815b27c6ec,,1747202755628,1747202755628,carrera_v2_lap_80687EFE,1,3
,1,5653,16,0:05.653,14.05.2025 08:06:01,,,ui.lap_update,carrera_v2_6b799dd9_992f_4f07_bcd0_a3815b27c6ec,,1747202761203,1747202761203,carrera_v2_lap_80687EFE,2,3
,1,40160,16,0:40.160,14.05.2025 08:06:41,,,ui.lap_update,carrera_v2_6b799dd9_992f_4f07_bcd0_a3815b27c6ec,,1747202801282,1747202801282,carrera_v2_lap_80687EFE,3,3
,1,11873,16,0:11.873,14.05.2025 08:06:53,,,ui.lap_update,carrera_v2_6b799dd9_992f_4f07_bcd0_a3815b27c6ec,,1747202813102,1747202813102,carrera_v2_lap_80687EFE,4,3
,1,213291,2,3:33.291,14.05.2025 08:10:26,,,ui.lap_update,carrera_v2_6b799dd9_992f_4f07_bcd0_a3815b27c6ec,,1747203025807,1747203025807,carrera_v2_lap_80687EFE,5,3
,1,5463,2,0:05.463,14.05.2025 08:10:31,,,ui.lap_update,carrera_v2_6b799dd9_992f_4f07_bcd0_a3815b27c6ec,,1747203031295,1747203031295,carrera_v2_lap_80687EFE,6,3
,1,107343,2,1:47.343,14.05.2025 08:14:30,,,ui.lap_update,carrera_v2_6b799dd9_992f_4f07_bcd0_a3815b27c6ec,,1747203270072,1747203270072,carrera_v2_lap_80687EFE,9,3
,1,5412,2,0:05.412,14.05.2025 08:14:36,,,ui.lap_update,carrera_v2_6b799dd9_992f_4f07_bcd0_a3815b27c6ec,,1747203275530,1747203275530,carrera_v2_lap_80687EFE,10,3
,2,628746,15,10:28.746,14.05.2025 08:17:21,,,ui.lap_update,carrera_v2_6b799dd9_992f_4f07_bcd0_a3815b27c6ec,,1747203440896,1747203440896,carrera_v2_lap_80687EFE,1,4
,2,41247,15,0:41.247,14.05.2025 08:18:02,,,ui.lap_update,carrera_v2_6b799dd9_992f_4f07_bcd0_a3815b27c6ec,,1747203481936,1747203481936,carrera_v2_lap_80687EFE,2,4
,2,16429,15,0:16.429,14.05.2025 08:18:18,,,ui.lap_update,carrera_v2_6b799dd9_992f_4f07_bcd0_a3815b27c6ec,,1747203498377,1747203498377,carrera_v2_lap_80687EFE,3,4
,1,552638,2,9:12.638,14.05.2025 08:21:37,,,ui.lap_update,carrera_v2_6b799dd9_992f_4f07_bcd0_a3815b27c6ec,,1747203696862,1747203696862,carrera_v2_lap_80687EFE,11,3
,2,199404,15,3:19.404,14.05.2025 08:21:37,,,ui.lap_update,carrera_v2_6b799dd9_992f_4f07_bcd0_a3815b27c6ec,,1747203697221,1747203697221,carrera_v2_lap_80687EFE,4,4
,2,11514,15,0:11.514,14.05.2025 08:21:49,,,ui.lap_update,carrera_v2_6b799dd9_992f_4f07_bcd0_a3815b27c6ec,,1747203708681,1747203708681,carrera_v2_lap_80687EFE,5,4
,2,2712,15,0:02.712,14.05.2025 08:21:51,,,ui.lap_update,carrera_v2_6b799dd9_992f_4f07_bcd0_a3815b27c6ec,,1747203711440,1747203711440,carrera_v2_lap_80687EFE,6,4
,2,716,15,0:00.716,14.05.2025 08:21:52,,,ui.lap_update,carrera_v2_6b799dd9_992f_4f07_bcd0_a3815b27c6ec,,1747203712101,1747203712101,carrera_v2_lap_80687EFE,7,4
,1,16267,2,0:16.267,14.05.2025 08:21:53,,,ui.lap_update,carrera_v2_6b799dd9_992f_4f07_bcd0_a3815b27c6ec,,1747203713180,1747203713180,carrera_v2_lap_80687EFE,12,3
,1,663,2,0:00.663,14.05.2025 08:21:54,,,ui.lap_update,carrera_v2_6b799dd9_992f_4f07_bcd0_a3815b27c6ec,,1747203713780,1747203713780,carrera_v2_lap_80687EFE,13,3
,2,138792,15,2:18.792,14.05.2025 08:24:11,,,ui.lap_update,carrera_v2_6b799dd9_992f_4f07_bcd0_a3815b27c6ec,,1747203850524,1747203850524,carrera_v2_lap_80687EFE,8,4
,1,155699,2,2:35.699,14.05.2025 08:24:29,,,ui.lap_update,carrera_v2_6b799dd9_992f_4f07_bcd0_a3815b27c6ec,,1747203869065,1747203869065,carrera_v2_lap_80687EFE,14,3
,1,1253,2,0:01.253,14.05.2025 08:24:30,,,ui.lap_update,carrera_v2_6b799dd9_992f_4f07_bcd0_a3815b27c6ec,,1747203870264,1747203870264,carrera_v2_lap_80687EFE,15,3
,2,37302,17,0:37.302,14.05.2025 08:24:48,,,ui.lap_update,carrera_v2_6b799dd9_992f_4f07_bcd0_a3815b27c6ec,,1747203887666,1747203887666,carrera_v2_lap_80687EFE,9,4
,2,8101,17,0:08.101,14.05.2025 08:24:56,,,ui.lap_update,carrera_v2_6b799dd9_992f_4f07_bcd0_a3815b27c6ec,,1747203895885,1747203895885,carrera_v2_lap_80687EFE,10,4
,2,9863,17,0:09.863,14.05.2025 08:25:06,,,ui.lap_update,carrera_v2_6b799dd9_992f_4f07_bcd0_a3815b27c6ec,,1747203905606,1747203905606,carrera_v2_lap_80687EFE,11,4
,2,9768,17,0:09.768,14.05.2025 08:25:15,,,ui.lap_update,carrera_v2_6b799dd9_992f_4f07_bcd0_a3815b27c6ec,,1747203915266,1747203915266,carrera_v2_lap_80687EFE,12,4
,2,6600,17,0:06.600,14.05.2025 08:25:22,,,ui.lap_update,carrera_v2_6b799dd9_992f_4f07_bcd0_a3815b27c6ec,,1747203921985,1747203921985,carrera_v2_lap_80687EFE,13,4
,1,244834,2,4:04.834,14.05.2025 08:28:34,,,ui.lap_update,carrera_v2_6b799dd9_992f_4f07_bcd0_a3815b27c6ec,,1747204114410,1747204114410,carrera_v2_lap_80687EFE,16,3
,2,200574,17,3:20.574,14.05.2025 08:28:42,,,ui.lap_update,carrera_v2_6b799dd9_992f_4f07_bcd0_a3815b27c6ec,,1747204121970,1747204121970,carrera_v2_lap_80687EFE,14,4
,1,7745,2,0:07.745,14.05.2025 08:28:42,,,ui.lap_update,carrera_v2_6b799dd9_992f_4f07_bcd0_a3815b27c6ec,,1747204122089,1747204122089,carrera_v2_lap_80687EFE,17,3
,1,10056,2,0:10.056,14.05.2025 08:28:52,,,ui.lap_update,carrera_v2_6b799dd9_992f_4f07_bcd0_a3815b27c6ec,,1747204132112,1747204132112,carrera_v2_lap_80687EFE,18,3
,1,5805,2,0:05.805,14.05.2025 08:28:58,,,ui.lap_update,carrera_v2_6b799dd9_992f_4f07_bcd0_a3815b27c6ec,,1747204137870,1747204137870,carrera_v2_lap_80687EFE,19,3
,1,156414,3,2:36.414,14.05.2025 08:31:34,,,ui.lap_update,carrera_v2_6b799dd9_992f_4f07_bcd0_a3815b27c6ec,,1747204293816,1747204293816,carrera_v2_lap_80687EFE,20,3
,1,5174,3,0:05.174,14.05.2025 08:31:39,,,ui.lap_update,carrera_v2_6b799dd9_992f_4f07_bcd0_a3815b27c6ec,,1747204298977,1747204298977,carrera_v2_lap_80687EFE,21,3
,1,4938,3,0:04.938,14.05.2025 08:31:44,,,ui.lap_update,carrera_v2_6b799dd9_992f_4f07_bcd0_a3815b27c6ec,,1747204303952,1747204303952,carrera_v2_lap_80687EFE,22,3
,1,5367,3,0:05.367,14.05.2025 08:31:49,,,ui.lap_update,carrera_v2_6b799dd9_992f_4f07_bcd0_a3815b27c6ec,,1747204309293,1747204309293,carrera_v2_lap_80687EFE,23,3
,1,533333,18,8:53.333,14.05.2025 08:40:41,,,ui.lap_update,carrera_v2_6b799dd9_992f_4f07_bcd0_a3815b27c6ec,,1747204841026,1747204841026,carrera_v2_lap_80687EFE,24,3
,1,68238,18,1:08.238,14.05.2025 08:41:49,,,ui.lap_update,carrera_v2_6b799dd9_992f_4f07_bcd0_a3815b27c6ec,,1747204909128,1747204909128,carrera_v2_lap_80687EFE,25,3
,1,5627,18,0:05.627,14.05.2025 08:41:55,,,ui.lap_update,carrera_v2_6b799dd9_992f_4f07_bcd0_a3815b27c6ec,,1747204914706,1747204914706,carrera_v2_lap_80687EFE,26,3
,1,5333,18,0:05.333,14.05.2025 08:42:00,,,ui.lap_update,carrera_v2_6b799dd9_992f_4f07_bcd0_a3815b27c6ec,,1747204920047,1747204920047,carrera_v2_lap_80687EFE,27,3
,1,262181,19,4:22.181,14.05.2025 08:46:21,,,ui.lap_update,carrera_v2_6b799dd9_992f_4f07_bcd0_a3815b27c6ec,,1747205181326,1747205181326,carrera_v2_lap_80687EFE,28,3
,1,5246,19,0:05.246,14.05.2025 08:46:27,,,ui.lap_update,carrera_v2_6b799dd9_992f_4f07_bcd0_a3815b27c6ec,,1747205186607,1747205186607,carrera_v2_lap_80687EFE,29,3
,1,38529,19,0:38.529,14.05.2025 08:47:05,,,ui.lap_update,carrera_v2_6b799dd9_992f_4f07_bcd0_a3815b27c6ec,,1747205225067,1747205225067,carrera_v2_lap_80687EFE,30,3
,1,5791,19,0:05.791,14.05.2025 08:47:11,,,ui.lap_update,carrera_v2_6b799dd9_992f_4f07_bcd0_a3815b27c6ec,,1747205230770,1747205230770,carrera_v2_lap_80687EFE,31,3
,1,5664,19,0:05.664,14.05.2025 08:47:16,,,ui.lap_update,carrera_v2_6b799dd9_992f_4f07_bcd0_a3815b27c6ec,,1747205236407,1747205236407,carrera_v2_lap_80687EFE,32,3
,1,5180,19,0:05.180,14.05.2025 08:47:22,,,ui.lap_update,carrera_v2_6b799dd9_992f_4f07_bcd0_a3815b27c6ec,,1747205241687,1747205241687,carrera_v2_lap_80687EFE,33,3
,1,5153,19,0:05.153,14.05.2025 08:47:27,,,ui.lap_update,carrera_v2_6b799dd9_992f_4f07_bcd0_a3815b27c6ec,,1747205246729,1747205246729,carrera_v2_lap_80687EFE,34,3
,1,5081,19,0:05.081,14.05.2025 08:47:32,,,ui.lap_update,carrera_v2_6b799dd9_992f_4f07_bcd0_a3815b27c6ec,,1747205251827,1747205251827,carrera_v2_lap_80687EFE,35,3
,1,20479,19,0:20.479,14.05.2025 08:47:52,,,ui.lap_update,carrera_v2_6b799dd9_992f_4f07_bcd0_a3815b27c6ec,,1747205272227,1747205272227,carrera_v2_lap_80687EFE,36,3
,1,5046,19,0:05.046,14.05.2025 08:47:57,,,ui.lap_update,carrera_v2_6b799dd9_992f_4f07_bcd0_a3815b27c6ec,,1747205277268,1747205277268,carrera_v2_lap_80687EFE,37,3
,1,5005,19,0:05.005,14.05.2025 08:48:02,,,ui.lap_update,carrera_v2_6b799dd9_992f_4f07_bcd0_a3815b27c6ec,,1747205282248,1747205282248,carrera_v2_lap_80687EFE,38,3
,1,5341,19,0:05.341,14.05.2025 08:48:08,,,ui.lap_update,carrera_v2_6b799dd9_992f_4f07_bcd0_a3815b27c6ec,,1747205287708,1747205287708,carrera_v2_lap_80687EFE,39,3
,1,5032,19,0:05.032,14.05.2025 08:48:13,,,ui.lap_update,carrera_v2_6b799dd9_992f_4f07_bcd0_a3815b27c6ec,,1747205292628,1747205292628,carrera_v2_lap_80687EFE,40,3
,1,28183,19,0:28.183,14.05.2025 08:48:41,,,ui.lap_update,carrera_v2_6b799dd9_992f_4f07_bcd0_a3815b27c6ec,,1747205320948,1747205320948,carrera_v2_lap_80687EFE,41,3
,1,5017,19,0:05.017,14.05.2025 08:48:46,,,ui.lap_update,carrera_v2_6b799dd9_992f_4f07_bcd0_a3815b27c6ec,,1747205325809,1747205325809,carrera_v2_lap_80687EFE,42,3
,1,5014,19,0:05.014,14.05.2025 08:48:51,,,ui.lap_update,carrera_v2_6b799dd9_992f_4f07_bcd0_a3815b27c6ec,,1747205330788,1747205330788,carrera_v2_lap_80687EFE,43,3
,1,4975,19,0:04.975,14.05.2025 08:48:56,,,ui.lap_update,carrera_v2_6b799dd9_992f_4f07_bcd0_a3815b27c6ec,,1747205335647,1747205335647,carrera_v2_lap_80687EFE,44,3
,1,274849,19,4:34.849,14.05.2025 08:53:30,,,ui.lap_update,carrera_v2_6b799dd9_992f_4f07_bcd0_a3815b27c6ec,,1747205609672,1747205609672,carrera_v2_lap_80687EFE,45,3
,1,7816,19,0:07.816,14.05.2025 08:53:38,,,ui.lap_update,carrera_v2_6b799dd9_992f_4f07_bcd0_a3815b27c6ec,,1747205617594,1747205617594,carrera_v2_lap_80687EFE,46,3
,1,7204,19,0:07.204,14.05.2025 08:53:45,,,ui.lap_update,carrera_v2_6b799dd9_992f_4f07_bcd0_a3815b27c6ec,,1747205624672,1747205624672,carrera_v2_lap_80687EFE,47,3
,1,249681,20,4:09.681,14.05.2025 08:57:54,,,ui.lap_update,carrera_v2_6b799dd9_992f_4f07_bcd0_a3815b27c6ec,,1747205873619,1747205873619,carrera_v2_lap_80687EFE,48,3
,2,1775895,21,29:35.895,14.05.2025 08:58:28,,,ui.lap_update,carrera_v2_6b799dd9_992f_4f07_bcd0_a3815b27c6ec,,1747205908000,1747205908000,carrera_v2_lap_80687EFE,15,4
,1,28868,20,0:28.868,14.05.2025 08:58:38,,,ui.lap_update,carrera_v2_6b799dd9_992f_4f07_bcd0_a3815b27c6ec,,1747205917898,1747205917898,carrera_v2_lap_80687EFE,49,3
,2,12444,21,0:12.444,14.05.2025 08:58:40,,,ui.lap_update,carrera_v2_6b799dd9_992f_4f07_bcd0_a3815b27c6ec,,1747205920357,1747205920357,carrera_v2_lap_80687EFE,16,4
,1,5332,20,0:05.332,14.05.2025 08:58:43,,,ui.lap_update,carrera_v2_6b799dd9_992f_4f07_bcd0_a3815b27c6ec,,1747205923298,1747205923298,carrera_v2_lap_80687EFE,50,3
,2,7590,21,0:07.590,14.05.2025 08:58:48,,,ui.lap_update,carrera_v2_6b799dd9_992f_4f07_bcd0_a3815b27c6ec,,1747205927978,1747205927978,carrera_v2_lap_80687EFE,17,4
,1,6178,20,0:06.178,14.05.2025 08:58:49,,,ui.lap_update,carrera_v2_6b799dd9_992f_4f07_bcd0_a3815b27c6ec,,1747205929478,1747205929478,carrera_v2_lap_80687EFE,51,3
,2,5719,21,0:05.719,14.05.2025 08:58:54,,,ui.lap_update,carrera_v2_6b799dd9_992f_4f07_bcd0_a3815b27c6ec,,1747205933679,1747205933679,carrera_v2_lap_80687EFE,18,4
,1,5897,20,0:05.897,14.05.2025 08:58:55,,,ui.lap_update,carrera_v2_6b799dd9_992f_4f07_bcd0_a3815b27c6ec,,1747205935419,1747205935419,carrera_v2_lap_80687EFE,52,3
,2,5948,21,0:05.948,14.05.2025 08:59:00,,,ui.lap_update,carrera_v2_6b799dd9_992f_4f07_bcd0_a3815b27c6ec,,1747205939618,1747205939618,carrera_v2_lap_80687EFE,19,4
,1,5887,20,0:05.887,14.05.2025 08:59:01,,,ui.lap_update,carrera_v2_6b799dd9_992f_4f07_bcd0_a3815b27c6ec,,1747205941119,1747205941119,carrera_v2_lap_80687EFE,53,3
,2,5717,21,0:05.717,14.05.2025 08:59:05,,,ui.lap_update,carrera_v2_6b799dd9_992f_4f07_bcd0_a3815b27c6ec,,1747205945258,1747205945258,carrera_v2_lap_80687EFE,20,4
,1,6252,20,0:06.252,14.05.2025 08:59:07,,,ui.lap_update,carrera_v2_6b799dd9_992f_4f07_bcd0_a3815b27c6ec,,1747205947358,1747205947358,carrera_v2_lap_80687EFE,54,3
,2,5720,21,0:05.720,14.05.2025 08:59:11,,,ui.lap_update,carrera_v2_6b799dd9_992f_4f07_bcd0_a3815b27c6ec,,1747205951138,1747205951138,carrera_v2_lap_80687EFE,21,4
,1,6625,20,0:06.625,14.05.2025 08:59:14,,,ui.lap_update,carrera_v2_6b799dd9_992f_4f07_bcd0_a3815b27c6ec,,1747205954019,1747205954019,carrera_v2_lap_80687EFE,55,3
,2,5566,21,0:05.566,14.05.2025 08:59:17,,,ui.lap_update,carrera_v2_6b799dd9_992f_4f07_bcd0_a3815b27c6ec,,1747205956599,1747205956599,carrera_v2_lap_80687EFE,22,4
,1,6532,20,0:06.532,14.05.2025 08:59:21,,,ui.lap_update,carrera_v2_6b799dd9_992f_4f07_bcd0_a3815b27c6ec,,1747205960623,1747205960623,carrera_v2_lap_80687EFE,56,3
,2,5821,21,0:05.821,14.05.2025 08:59:22,,,ui.lap_update,carrera_v2_6b799dd9_992f_4f07_bcd0_a3815b27c6ec,,1747205962419,1747205962419,carrera_v2_lap_80687EFE,23,4
,1,6473,20,0:06.473,14.05.2025 08:59:27,,,ui.lap_update,carrera_v2_6b799dd9_992f_4f07_bcd0_a3815b27c6ec,,1747205966981,1747205966981,carrera_v2_lap_80687EFE,57,3
,2,5711,21,0:05.711,14.05.2025 08:59:28,,,ui.lap_update,carrera_v2_6b799dd9_992f_4f07_bcd0_a3815b27c6ec,,1747205968119,1747205968119,carrera_v2_lap_80687EFE,24,4
,1,5824,20,0:05.824,14.05.2025 08:59:33,,,ui.lap_update,carrera_v2_6b799dd9_992f_4f07_bcd0_a3815b27c6ec,,1747205972860,1747205972860,carrera_v2_lap_80687EFE,58,3
,2,5580,21,0:05.580,14.05.2025 08:59:34,,,ui.lap_update,carrera_v2_6b799dd9_992f_4f07_bcd0_a3815b27c6ec,,1747205973644,1747205973644,carrera_v2_lap_80687EFE,25,4
,1,5667,20,0:05.667,14.05.2025 08:59:38,,,ui.lap_update,carrera_v2_6b799dd9_992f_4f07_bcd0_a3815b27c6ec,,1747205978379,1747205978379,carrera_v2_lap_80687EFE,59,3
,2,5610,21,0:05.610,14.05.2025 08:59:39,,,ui.lap_update,carrera_v2_6b799dd9_992f_4f07_bcd0_a3815b27c6ec,,1747205979219,1747205979219,carrera_v2_lap_80687EFE,26,4
,2,6194,21,0:06.194,14.05.2025 08:59:45,,,ui.lap_update,carrera_v2_6b799dd9_992f_4f07_bcd0_a3815b27c6ec,,1747205985460,1747205985460,carrera_v2_lap_80687EFE,27,4
,1,7550,20,0:07.550,14.05.2025 08:59:46,,,ui.lap_update,carrera_v2_6b799dd9_992f_4f07_bcd0_a3815b27c6ec,,1747205986001,1747205986001,carrera_v2_lap_80687EFE,60,3
,2,5549,21,0:05.549,14.05.2025 08:59:51,,,ui.lap_update,carrera_v2_6b799dd9_992f_4f07_bcd0_a3815b27c6ec,,1747205990920,1747205990920,carrera_v2_lap_80687EFE,28,4
,1,8608,20,0:08.608,14.05.2025 08:59:55,,,ui.lap_update,carrera_v2_6b799dd9_992f_4f07_bcd0_a3815b27c6ec,,1747205994517,1747205994517,carrera_v2_lap_80687EFE,61,3
,2,5667,21,0:05.667,14.05.2025 08:59:57,,,ui.lap_update,carrera_v2_6b799dd9_992f_4f07_bcd0_a3815b27c6ec,,1747205996618,1747205996618,carrera_v2_lap_80687EFE,29,4
,1,5670,20,0:05.670,14.05.2025 09:00:00,,,ui.lap_update,carrera_v2_6b799dd9_992f_4f07_bcd0_a3815b27c6ec,,1747206000217,1747206000217,carrera_v2_lap_80687EFE,62,3
,2,5957,21,0:05.957,14.05.2025 09:00:03,,,ui.lap_update,carrera_v2_6b799dd9_992f_4f07_bcd0_a3815b27c6ec,,1747206002559,1747206002559,carrera_v2_lap_80687EFE,30,4
,1,5889,20,0:05.889,14.05.2025 09:00:06,,,ui.lap_update,carrera_v2_6b799dd9_992f_4f07_bcd0_a3815b27c6ec,,1747206006100,1747206006100,carrera_v2_lap_80687EFE,63,3
,2,5667,21,0:05.667,14.05.2025 09:00:08,,,ui.lap_update,carrera_v2_6b799dd9_992f_4f07_bcd0_a3815b27c6ec,,1747206008259,1747206008259,carrera_v2_lap_80687EFE,31,4
,1,6191,20,0:06.191,14.05.2025 09:00:12,,,ui.lap_update,carrera_v2_6b799dd9_992f_4f07_bcd0_a3815b27c6ec,,1747206012219,1747206012219,carrera_v2_lap_80687EFE,64,3
,2,5531,21,0:05.531,14.05.2025 09:00:14,,,ui.lap_update,carrera_v2_6b799dd9_992f_4f07_bcd0_a3815b27c6ec,,1747206013721,1747206013721,carrera_v2_lap_80687EFE,32,4
,1,5297,20,0:05.297,14.05.2025 09:00:18,,,ui.lap_update,carrera_v2_6b799dd9_992f_4f07_bcd0_a3815b27c6ec,,1747206017501,1747206017501,carrera_v2_lap_80687EFE,65,3
,2,5495,21,0:05.495,14.05.2025 09:00:19,,,ui.lap_update,carrera_v2_6b799dd9_992f_4f07_bcd0_a3815b27c6ec,,1747206019310,1747206019310,carrera_v2_lap_80687EFE,33,4
,2,6991,21,0:06.991,14.05.2025 09:00:26,,,ui.lap_update,carrera_v2_6b799dd9_992f_4f07_bcd0_a3815b27c6ec,,1747206026091,1747206026091,carrera_v2_lap_80687EFE,34,4
,1,9630,20,0:09.630,14.05.2025 09:00:27,,,ui.lap_update,carrera_v2_6b799dd9_992f_4f07_bcd0_a3815b27c6ec,,1747206027111,1747206027111,carrera_v2_lap_80687EFE,66,3
,2,5393,21,0:05.393,14.05.2025 09:00:32,,,ui.lap_update,carrera_v2_6b799dd9_992f_4f07_bcd0_a3815b27c6ec,,1747206031552,1747206031552,carrera_v2_lap_80687EFE,35,4
,1,6476,20,0:06.476,14.05.2025 09:00:34,,,ui.lap_update,carrera_v2_6b799dd9_992f_4f07_bcd0_a3815b27c6ec,,1747206033531,1747206033531,carrera_v2_lap_80687EFE,67,3
,2,5732,21,0:05.732,14.05.2025 09:00:37,,,ui.lap_update,carrera_v2_6b799dd9_992f_4f07_bcd0_a3815b27c6ec,,1747206037250,1747206037250,carrera_v2_lap_80687EFE,36,4
,1,6282,20,0:06.282,14.05.2025 09:00:40,,,ui.lap_update,carrera_v2_6b799dd9_992f_4f07_bcd0_a3815b27c6ec,,1747206039891,1747206039891,carrera_v2_lap_80687EFE,68,3
,2,5671,21,0:05.671,14.05.2025 09:00:43,,,ui.lap_update,carrera_v2_6b799dd9_992f_4f07_bcd0_a3815b27c6ec,,1747206042831,1747206042831,carrera_v2_lap_80687EFE,37,4
,1,6348,20,0:06.348,14.05.2025 09:00:46,,,ui.lap_update,carrera_v2_6b799dd9_992f_4f07_bcd0_a3815b27c6ec,,1747206046131,1747206046131,carrera_v2_lap_80687EFE,69,3
,2,5420,21,0:05.420,14.05.2025 09:00:48,,,ui.lap_update,carrera_v2_6b799dd9_992f_4f07_bcd0_a3815b27c6ec,,1747206048292,1747206048292,carrera_v2_lap_80687EFE,38,4
,1,5947,20,0:05.947,14.05.2025 09:00:52,,,ui.lap_update,carrera_v2_6b799dd9_992f_4f07_bcd0_a3815b27c6ec,,1747206052071,1747206052071,carrera_v2_lap_80687EFE,70,3
,2,5736,21,0:05.736,14.05.2025 09:00:54,,,ui.lap_update,carrera_v2_6b799dd9_992f_4f07_bcd0_a3815b27c6ec,,1747206053992,1747206053992,carrera_v2_lap_80687EFE,39,4
,1,5573,20,0:05.573,14.05.2025 09:00:58,,,ui.lap_update,carrera_v2_6b799dd9_992f_4f07_bcd0_a3815b27c6ec,,1747206057711,1747206057711,carrera_v2_lap_80687EFE,71,3
,2,5407,21,0:05.407,14.05.2025 09:00:59,,,ui.lap_update,carrera_v2_6b799dd9_992f_4f07_bcd0_a3815b27c6ec,,1747206059392,1747206059392,carrera_v2_lap_80687EFE,40,4
,1,5320,20,0:05.320,14.05.2025 09:01:03,,,ui.lap_update,carrera_v2_6b799dd9_992f_4f07_bcd0_a3815b27c6ec,,1747206062931,1747206062931,carrera_v2_lap_80687EFE,72,3
,2,5450,21,0:05.450,14.05.2025 09:01:05,,,ui.lap_update,carrera_v2_6b799dd9_992f_4f07_bcd0_a3815b27c6ec,,1747206064794,1747206064794,carrera_v2_lap_80687EFE,41,4
,1,5453,20,0:05.453,14.05.2025 09:01:08,,,ui.lap_update,carrera_v2_6b799dd9_992f_4f07_bcd0_a3815b27c6ec,,1747206068453,1747206068453,carrera_v2_lap_80687EFE,73,3
,2,5464,21,0:05.464,14.05.2025 09:01:10,,,ui.lap_update,carrera_v2_6b799dd9_992f_4f07_bcd0_a3815b27c6ec,,1747206070255,1747206070255,carrera_v2_lap_80687EFE,42,4
,1,8295,20,0:08.295,14.05.2025 09:01:17,,,ui.lap_update,carrera_v2_6b799dd9_992f_4f07_bcd0_a3815b27c6ec,,1747206076673,1747206076673,carrera_v2_lap_80687EFE,74,3
,2,6495,21,0:06.495,14.05.2025 09:01:17,,,ui.lap_update,carrera_v2_6b799dd9_992f_4f07_bcd0_a3815b27c6ec,,1747206076853,1747206076853,carrera_v2_lap_80687EFE,43,4
,1,5628,20,0:05.628,14.05.2025 09:01:22,,,ui.lap_update,carrera_v2_6b799dd9_992f_4f07_bcd0_a3815b27c6ec,,1747206082253,1747206082253,carrera_v2_lap_80687EFE,75,3
,2,5524,21,0:05.524,14.05.2025 09:01:22,,,ui.lap_update,carrera_v2_6b799dd9_992f_4f07_bcd0_a3815b27c6ec,,1747206082433,1747206082433,carrera_v2_lap_80687EFE,44,4
,1,5442,20,0:05.442,14.05.2025 09:01:28,,,ui.lap_update,carrera_v2_6b799dd9_992f_4f07_bcd0_a3815b27c6ec,,1747206087773,1747206087773,carrera_v2_lap_80687EFE,76,3
,2,5448,21,0:05.448,14.05.2025 09:01:28,,,ui.lap_update,carrera_v2_6b799dd9_992f_4f07_bcd0_a3815b27c6ec,,1747206088252,1747206088252,carrera_v2_lap_80687EFE,45,4
,2,10550,21,0:10.550,14.05.2025 09:01:38,,,ui.lap_update,carrera_v2_6b799dd9_992f_4f07_bcd0_a3815b27c6ec,,1747206098154,1747206098154,carrera_v2_lap_80687EFE,46,4
,1,13520,20,0:13.520,14.05.2025 09:01:41,,,ui.lap_update,carrera_v2_6b799dd9_992f_4f07_bcd0_a3815b27c6ec,,1747206101154,1747206101154,carrera_v2_lap_80687EFE,77,3
,2,5824,21,0:05.824,14.05.2025 09:01:44,,,ui.lap_update,carrera_v2_6b799dd9_992f_4f07_bcd0_a3815b27c6ec,,1747206104210,1747206104210,carrera_v2_lap_80687EFE,47,4
,1,6083,20,0:06.083,14.05.2025 09:01:47,,,ui.lap_update,carrera_v2_6b799dd9_992f_4f07_bcd0_a3815b27c6ec,,1747206107273,1747206107273,carrera_v2_lap_80687EFE,78,3
,2,5500,21,0:05.500,14.05.2025 09:01:49,,,ui.lap_update,carrera_v2_6b799dd9_992f_4f07_bcd0_a3815b27c6ec,,1747206109493,1747206109493,carrera_v2_lap_80687EFE,48,4
,1,5520,20,0:05.520,14.05.2025 09:01:53,,,ui.lap_update,carrera_v2_6b799dd9_992f_4f07_bcd0_a3815b27c6ec,,1747206112911,1747206112911,carrera_v2_lap_80687EFE,79,3
,2,5406,21,0:05.406,14.05.2025 09:01:55,,,ui.lap_update,carrera_v2_6b799dd9_992f_4f07_bcd0_a3815b27c6ec,,1747206114833,1747206114833,carrera_v2_lap_80687EFE,49,4
,1,5453,20,0:05.453,14.05.2025 09:01:58,,,ui.lap_update,carrera_v2_6b799dd9_992f_4f07_bcd0_a3815b27c6ec,,1747206118192,1747206118192,carrera_v2_lap_80687EFE,80,3
,2,5454,21,0:05.454,14.05.2025 09:02:00,,,ui.lap_update,carrera_v2_6b799dd9_992f_4f07_bcd0_a3815b27c6ec,,1747206120353,1747206120353,carrera_v2_lap_80687EFE,50,4
,1,5776,20,0:05.776,14.05.2025 09:02:04,,,ui.lap_update,carrera_v2_6b799dd9_992f_4f07_bcd0_a3815b27c6ec,,1747206124012,1747206124012,carrera_v2_lap_80687EFE,81,3
,2,5416,21,0:05.416,14.05.2025 09:02:06,,,ui.lap_update,carrera_v2_6b799dd9_992f_4f07_bcd0_a3815b27c6ec,,1747206125753,1747206125753,carrera_v2_lap_80687EFE,51,4
,1,5834,20,0:05.834,14.05.2025 09:02:10,,,ui.lap_update,carrera_v2_6b799dd9_992f_4f07_bcd0_a3815b27c6ec,,1747206129776,1747206129776,carrera_v2_lap_80687EFE,82,3
,2,5414,21,0:05.414,14.05.2025 09:02:11,,,ui.lap_update,carrera_v2_6b799dd9_992f_4f07_bcd0_a3815b27c6ec,,1747206131093,1747206131093,carrera_v2_lap_80687EFE,52,4
,1,5800,20,0:05.800,14.05.2025 09:02:16,,,ui.lap_update,carrera_v2_6b799dd9_992f_4f07_bcd0_a3815b27c6ec,,1747206135534,1747206135534,carrera_v2_lap_80687EFE,83,3
,2,5544,21,0:05.544,14.05.2025 09:02:17,,,ui.lap_update,carrera_v2_6b799dd9_992f_4f07_bcd0_a3815b27c6ec,,1747206136674,1747206136674,carrera_v2_lap_80687EFE,53,4
,2,7033,21,0:07.033,14.05.2025 09:02:24,,,ui.lap_update,carrera_v2_6b799dd9_992f_4f07_bcd0_a3815b27c6ec,,1747206143874,1747206143874,carrera_v2_lap_80687EFE,54,4
,1,12957,20,0:12.957,14.05.2025 09:02:28,,,ui.lap_update,carrera_v2_6b799dd9_992f_4f07_bcd0_a3815b27c6ec,,1747206148493,1747206148493,carrera_v2_lap_80687EFE,84,3
,2,5516,21,0:05.516,14.05.2025 09:02:29,,,ui.lap_update,carrera_v2_6b799dd9_992f_4f07_bcd0_a3815b27c6ec,,1747206149213,1747206149213,carrera_v2_lap_80687EFE,55,4
,2,5676,21,0:05.676,14.05.2025 09:02:35,,,ui.lap_update,carrera_v2_6b799dd9_992f_4f07_bcd0_a3815b27c6ec,,1747206154854,1747206154854,carrera_v2_lap_80687EFE,56,4
,1,6501,20,0:06.501,14.05.2025 09:02:35,,,ui.lap_update,carrera_v2_6b799dd9_992f_4f07_bcd0_a3815b27c6ec,,1747206154973,1747206154973,carrera_v2_lap_80687EFE,85,3
,2,5347,21,0:05.347,14.05.2025 09:02:40,,,ui.lap_update,carrera_v2_6b799dd9_992f_4f07_bcd0_a3815b27c6ec,,1747206160134,1747206160134,carrera_v2_lap_80687EFE,57,4
,1,5789,20,0:05.789,14.05.2025 09:02:41,,,ui.lap_update,carrera_v2_6b799dd9_992f_4f07_bcd0_a3815b27c6ec,,1747206160674,1747206160674,carrera_v2_lap_80687EFE,86,3
,2,9705,21,0:09.705,14.05.2025 09:02:50,,,ui.lap_update,carrera_v2_6b799dd9_992f_4f07_bcd0_a3815b27c6ec,,1747206169795,1747206169795,carrera_v2_lap_80687EFE,58,4
,1,10299,20,0:10.299,14.05.2025 09:02:51,,,ui.lap_update,carrera_v2_6b799dd9_992f_4f07_bcd0_a3815b27c6ec,,1747206170935,1747206170935,carrera_v2_lap_80687EFE,87,3
,2,5528,21,0:05.528,14.05.2025 09:02:55,,,ui.lap_update,carrera_v2_6b799dd9_992f_4f07_bcd0_a3815b27c6ec,,1747206175315,1747206175315,carrera_v2_lap_80687EFE,59,4
,1,5573,20,0:05.573,14.05.2025 09:02:57,,,ui.lap_update,carrera_v2_6b799dd9_992f_4f07_bcd0_a3815b27c6ec,,1747206176514,1747206176514,carrera_v2_lap_80687EFE,88,3
,2,5583,21,0:05.583,14.05.2025 09:03:01,,,ui.lap_update,carrera_v2_6b799dd9_992f_4f07_bcd0_a3815b27c6ec,,1747206180954,1747206180954,carrera_v2_lap_80687EFE,60,4
,1,10913,20,0:10.913,14.05.2025 09:03:07,,,ui.lap_update,carrera_v2_6b799dd9_992f_4f07_bcd0_a3815b27c6ec,,1747206187496,1747206187496,carrera_v2_lap_80687EFE,89,3
,2,7826,21,0:07.826,14.05.2025 09:03:09,,,ui.lap_update,carrera_v2_6b799dd9_992f_4f07_bcd0_a3815b27c6ec,,1747206188757,1747206188757,carrera_v2_lap_80687EFE,61,4
,1,5616,20,0:05.616,14.05.2025 09:03:13,,,ui.lap_update,carrera_v2_6b799dd9_992f_4f07_bcd0_a3815b27c6ec,,1747206192954,1747206192954,carrera_v2_lap_80687EFE,90,3
,2,5310,21,0:05.310,14.05.2025 09:03:14,,,ui.lap_update,carrera_v2_6b799dd9_992f_4f07_bcd0_a3815b27c6ec,,1747206194033,1747206194033,carrera_v2_lap_80687EFE,62,4
,1,5592,20,0:05.592,14.05.2025 09:03:19,,,ui.lap_update,carrera_v2_6b799dd9_992f_4f07_bcd0_a3815b27c6ec,,1747206198654,1747206198654,carrera_v2_lap_80687EFE,91,3
,2,5363,21,0:05.363,14.05.2025 09:03:19,,,ui.lap_update,carrera_v2_6b799dd9_992f_4f07_bcd0_a3815b27c6ec,,1747206199495,1747206199495,carrera_v2_lap_80687EFE,63,4
,1,5484,20,0:05.484,14.05.2025 09:03:24,,,ui.lap_update,carrera_v2_6b799dd9_992f_4f07_bcd0_a3815b27c6ec,,1747206204055,1747206204055,carrera_v2_lap_80687EFE,92,3
,2,5220,21,0:05.220,14.05.2025 09:03:25,,,ui.lap_update,carrera_v2_6b799dd9_992f_4f07_bcd0_a3815b27c6ec,,1747206204534,1747206204534,carrera_v2_lap_80687EFE,64,4
,1,9434,20,0:09.434,14.05.2025 09:03:33,,,ui.lap_update,carrera_v2_6b799dd9_992f_4f07_bcd0_a3815b27c6ec,,1747206213474,1747206213474,carrera_v2_lap_80687EFE,93,3
,2,9686,21,0:09.686,14.05.2025 09:03:34,,,ui.lap_update,carrera_v2_6b799dd9_992f_4f07_bcd0_a3815b27c6ec,,1747206214227,1747206214227,carrera_v2_lap_80687EFE,65,4
,1,5741,20,0:05.741,14.05.2025 09:03:39,,,ui.lap_update,carrera_v2_6b799dd9_992f_4f07_bcd0_a3815b27c6ec,,1747206219296,1747206219296,carrera_v2_lap_80687EFE,94,3
,2,5092,21,0:05.092,14.05.2025 09:03:39,,,ui.lap_update,carrera_v2_6b799dd9_992f_4f07_bcd0_a3815b27c6ec,,1747206219416,1747206219416,carrera_v2_lap_80687EFE,66,4
,2,4825,21,0:04.825,14.05.2025 09:03:44,,,ui.lap_update,carrera_v2_6b799dd9_992f_4f07_bcd0_a3815b27c6ec,,1747206224095,1747206224095,carrera_v2_lap_80687EFE,67,4
,1,5522,20,0:05.522,14.05.2025 09:03:45,,,ui.lap_update,carrera_v2_6b799dd9_992f_4f07_bcd0_a3815b27c6ec,,1747206224697,1747206224697,carrera_v2_lap_80687EFE,95,3
,1,6305,20,0:06.305,14.05.2025 09:03:51,,,ui.lap_update,carrera_v2_6b799dd9_992f_4f07_bcd0_a3815b27c6ec,,1747206231056,1747206231056,carrera_v2_lap_80687EFE,96,3
,2,13641,21,0:13.641,14.05.2025 09:03:58,,,ui.lap_update,carrera_v2_6b799dd9_992f_4f07_bcd0_a3815b27c6ec,,1747206237718,1747206237718,carrera_v2_lap_80687EFE,68,4
,1,8492,20,0:08.492,14.05.2025 09:03:59,,,ui.lap_update,carrera_v2_6b799dd9_992f_4f07_bcd0_a3815b27c6ec,,1747206239397,1747206239397,carrera_v2_lap_80687EFE,97,3
,1,6900,20,0:06.900,14.05.2025 09:04:07,,,ui.lap_update,carrera_v2_6b799dd9_992f_4f07_bcd0_a3815b27c6ec,,1747206246536,1747206246536,carrera_v2_lap_80687EFE,98,3
,2,8859,21,0:08.859,14.05.2025 09:04:07,,,ui.lap_update,carrera_v2_6b799dd9_992f_4f07_bcd0_a3815b27c6ec,,1747206246836,1747206246836,carrera_v2_lap_80687EFE,69,4
,2,5297,21,0:05.297,14.05.2025 09:04:12,,,ui.lap_update,carrera_v2_6b799dd9_992f_4f07_bcd0_a3815b27c6ec,,1747206251876,1747206251876,carrera_v2_lap_80687EFE,70,4
,1,6422,20,0:06.422,14.05.2025 09:04:13,,,ui.lap_update,carrera_v2_6b799dd9_992f_4f07_bcd0_a3815b27c6ec,,1747206252837,1747206252837,carrera_v2_lap_80687EFE,99,3
,1,11126,20,0:11.126,14.05.2025 09:04:24,,,ui.lap_update,carrera_v2_6b799dd9_992f_4f07_bcd0_a3815b27c6ec,,1747206264117,1747206264117,carrera_v2_lap_80687EFE,100,3
,2,15732,21,0:15.732,14.05.2025 09:04:28,,,ui.lap_update,carrera_v2_6b799dd9_992f_4f07_bcd0_a3815b27c6ec,,1747206267535,1747206267535,carrera_v2_lap_80687EFE,71,4
,2,395965,21,6:35.965,14.05.2025 09:11:02,,,ui.lap_update,carrera_v2_6b799dd9_992f_4f07_bcd0_a3815b27c6ec,,1747206662344,1747206662344,carrera_v2_lap_80687EFE,72,4
,2,13826,21,0:13.826,14.05.2025 09:11:16,,,ui.lap_update,carrera_v2_6b799dd9_992f_4f07_bcd0_a3815b27c6ec,,1747206676084,1747206676084,carrera_v2_lap_80687EFE,73,4
,2,9274,21,0:09.274,14.05.2025 09:11:25,,,ui.lap_update,carrera_v2_6b799dd9_992f_4f07_bcd0_a3815b27c6ec,,1747206685324,1747206685324,carrera_v2_lap_80687EFE,74,4
,2,481207,21,8:01.207,14.05.2025 09:19:25,,,ui.lap_update,carrera_v2_6b799dd9_992f_4f07_bcd0_a3815b27c6ec,,1747207165094,1747207165094,carrera_v2_lap_80687EFE,75,4
,1,904167,2,15:04.167,14.05.2025 09:19:25,,,ui.lap_update,carrera_v2_6b799dd9_992f_4f07_bcd0_a3815b27c6ec,,1747207165332,1747207165332,carrera_v2_lap_80687EFE,101,3
,1,6418,2,0:06.418,14.05.2025 09:19:32,,,ui.lap_update,carrera_v2_6b799dd9_992f_4f07_bcd0_a3815b27c6ec,,1747207171690,1747207171690,carrera_v2_lap_80687EFE,102,3
,1,41672,2,0:41.672,14.05.2025 09:20:31,,,ui.lap_update,carrera_v2_6b799dd9_992f_4f07_bcd0_a3815b27c6ec,,1747207230911,1747207230911,carrera_v2_lap_80687EFE,103,3
,2,48558,22,0:48.558,14.05.2025 09:20:31,,,ui.lap_update,carrera_v2_6b799dd9_992f_4f07_bcd0_a3815b27c6ec,,1747207231211,1747207231211,carrera_v2_lap_80687EFE,76,4
,1,5687,2,0:05.687,14.05.2025 09:20:37,,,ui.lap_update,carrera_v2_6b799dd9_992f_4f07_bcd0_a3815b27c6ec,,1747207236550,1747207236550,carrera_v2_lap_80687EFE,104,3
,2,8908,22,0:08.908,14.05.2025 09:20:40,,,ui.lap_update,carrera_v2_6b799dd9_992f_4f07_bcd0_a3815b27c6ec,,1747207240031,1747207240031,carrera_v2_lap_80687EFE,77,4
,1,5490,2,0:05.490,14.05.2025 09:20:42,,,ui.lap_update,carrera_v2_6b799dd9_992f_4f07_bcd0_a3815b27c6ec,,1747207241950,1747207241950,carrera_v2_lap_80687EFE,105,3
,1,4897,2,0:04.897,14.05.2025 09:20:47,,,ui.lap_update,carrera_v2_6b799dd9_992f_4f07_bcd0_a3815b27c6ec,,1747207246990,1747207246990,carrera_v2_lap_80687EFE,106,3
,2,8714,22,0:08.714,14.05.2025 09:20:49,,,ui.lap_update,carrera_v2_6b799dd9_992f_4f07_bcd0_a3815b27c6ec,,1747207248671,1747207248671,carrera_v2_lap_80687EFE,78,4
,2,5868,22,0:05.868,14.05.2025 09:20:55,,,ui.lap_update,carrera_v2_6b799dd9_992f_4f07_bcd0_a3815b27c6ec,,1747207254550,1747207254550,carrera_v2_lap_80687EFE,79,4
,1,8867,2,0:08.867,14.05.2025 09:20:56,,,ui.lap_update,carrera_v2_6b799dd9_992f_4f07_bcd0_a3815b27c6ec,,1747207255811,1747207255811,carrera_v2_lap_80687EFE,107,3
,1,5515,2,0:05.515,14.05.2025 09:21:01,,,ui.lap_update,carrera_v2_6b799dd9_992f_4f07_bcd0_a3815b27c6ec,,1747207261210,1747207261210,carrera_v2_lap_80687EFE,108,3
,2,11187,22,0:11.187,14.05.2025 09:21:06,,,ui.lap_update,carrera_v2_6b799dd9_992f_4f07_bcd0_a3815b27c6ec,,1747207265651,1747207265651,carrera_v2_lap_80687EFE,80,4
,1,5342,2,0:05.342,14.05.2025 09:21:07,,,ui.lap_update,carrera_v2_6b799dd9_992f_4f07_bcd0_a3815b27c6ec,,1747207266551,1747207266551,carrera_v2_lap_80687EFE,109,3
,2,5707,22,0:05.707,14.05.2025 09:21:11,,,ui.lap_update,carrera_v2_6b799dd9_992f_4f07_bcd0_a3815b27c6ec,,1747207271471,1747207271471,carrera_v2_lap_80687EFE,81,4
,1,5756,2,0:05.756,14.05.2025 09:21:12,,,ui.lap_update,carrera_v2_6b799dd9_992f_4f07_bcd0_a3815b27c6ec,,1747207272371,1747207272371,carrera_v2_lap_80687EFE,110,3
,1,6957,2,0:06.957,14.05.2025 09:21:19,,,ui.lap_update,carrera_v2_6b799dd9_992f_4f07_bcd0_a3815b27c6ec,,1747207279272,1747207279272,carrera_v2_lap_80687EFE,111,3
,2,9084,22,0:09.084,14.05.2025 09:21:20,,,ui.lap_update,carrera_v2_6b799dd9_992f_4f07_bcd0_a3815b27c6ec,,1747207280417,1747207280417,carrera_v2_lap_80687EFE,82,4
,1,5308,2,0:05.308,14.05.2025 09:21:24,,,ui.lap_update,carrera_v2_6b799dd9_992f_4f07_bcd0_a3815b27c6ec,,1747207284491,1747207284491,carrera_v2_lap_80687EFE,112,3
,2,6097,22,0:06.097,14.05.2025 09:21:27,,,ui.lap_update,carrera_v2_6b799dd9_992f_4f07_bcd0_a3815b27c6ec,,1747207286532,1747207286532,carrera_v2_lap_80687EFE,83,4
,1,5123,2,0:05.123,14.05.2025 09:21:30,,,ui.lap_update,carrera_v2_6b799dd9_992f_4f07_bcd0_a3815b27c6ec,,1747207289650,1747207289650,carrera_v2_lap_80687EFE,113,3
,2,5240,22,0:05.240,14.05.2025 09:21:32,,,ui.lap_update,carrera_v2_6b799dd9_992f_4f07_bcd0_a3815b27c6ec,,1747207291811,1747207291811,carrera_v2_lap_80687EFE,84,4
,1,5387,2,0:05.387,14.05.2025 09:21:35,,,ui.lap_update,carrera_v2_6b799dd9_992f_4f07_bcd0_a3815b27c6ec,,1747207294991,1747207294991,carrera_v2_lap_80687EFE,114,3
,2,5120,22,0:05.120,14.05.2025 09:21:37,,,ui.lap_update,carrera_v2_6b799dd9_992f_4f07_bcd0_a3815b27c6ec,,1747207296912,1747207296912,carrera_v2_lap_80687EFE,85,4
,2,5048,22,0:05.048,14.05.2025 09:21:42,,,ui.lap_update,carrera_v2_6b799dd9_992f_4f07_bcd0_a3815b27c6ec,,1747207301951,1747207301951,carrera_v2_lap_80687EFE,86,4
,2,4889,22,0:04.889,14.05.2025 09:21:47,,,ui.lap_update,carrera_v2_6b799dd9_992f_4f07_bcd0_a3815b27c6ec,,1747207306812,1747207306812,carrera_v2_lap_80687EFE,87,4
,2,4936,22,0:04.936,14.05.2025 09:21:52,,,ui.lap_update,carrera_v2_6b799dd9_992f_4f07_bcd0_a3815b27c6ec,,1747207311671,1747207311671,carrera_v2_lap_80687EFE,88,4
,2,4996,22,0:04.996,14.05.2025 09:21:57,,,ui.lap_update,carrera_v2_6b799dd9_992f_4f07_bcd0_a3815b27c6ec,,1747207316713,1747207316713,carrera_v2_lap_80687EFE,89,4
,2,4967,22,0:04.967,14.05.2025 09:22:02,,,ui.lap_update,carrera_v2_6b799dd9_992f_4f07_bcd0_a3815b27c6ec,,1747207321573,1747207321573,carrera_v2_lap_80687EFE,90,4
,2,4835,22,0:04.835,14.05.2025 09:22:06,,,ui.lap_update,carrera_v2_6b799dd9_992f_4f07_bcd0_a3815b27c6ec,,1747207326432,1747207326432,carrera_v2_lap_80687EFE,91,4
,2,4833,22,0:04.833,14.05.2025 09:22:11,,,ui.lap_update,carrera_v2_6b799dd9_992f_4f07_bcd0_a3815b27c6ec,,1747207331292,1747207331292,carrera_v2_lap_80687EFE,92,4
,2,4965,22,0:04.965,14.05.2025 09:22:16,,,ui.lap_update,carrera_v2_6b799dd9_992f_4f07_bcd0_a3815b27c6ec,,1747207336393,1747207336393,carrera_v2_lap_80687EFE,93,4
,2,4978,22,0:04.978,14.05.2025 09:22:21,,,ui.lap_update,carrera_v2_6b799dd9_992f_4f07_bcd0_a3815b27c6ec,,1747207341193,1747207341193,carrera_v2_lap_80687EFE,94,4
,2,4863,22,0:04.863,14.05.2025 09:22:26,,,ui.lap_update,carrera_v2_6b799dd9_992f_4f07_bcd0_a3815b27c6ec,,1747207346052,1747207346052,carrera_v2_lap_80687EFE,95,4
,2,4839,22,0:04.839,14.05.2025 09:22:31,,,ui.lap_update,carrera_v2_6b799dd9_992f_4f07_bcd0_a3815b27c6ec,,1747207350852,1747207350852,carrera_v2_lap_80687EFE,96,4
,2,5028,22,0:05.028,14.05.2025 09:22:36,,,ui.lap_update,carrera_v2_6b799dd9_992f_4f07_bcd0_a3815b27c6ec,,1747207355893,1747207355893,carrera_v2_lap_80687EFE,97,4
,2,4733,22,0:04.733,14.05.2025 09:22:41,,,ui.lap_update,carrera_v2_6b799dd9_992f_4f07_bcd0_a3815b27c6ec,,1747207360572,1747207360572,carrera_v2_lap_80687EFE,98,4
,2,5293,22,0:05.293,14.05.2025 09:22:46,,,ui.lap_update,carrera_v2_6b799dd9_992f_4f07_bcd0_a3815b27c6ec,,1747207365913,1747207365913,carrera_v2_lap_80687EFE,99,4
,2,4937,22,0:04.937,14.05.2025 09:22:51,,,ui.lap_update,carrera_v2_6b799dd9_992f_4f07_bcd0_a3815b27c6ec,,1747207370833,1747207370833,carrera_v2_lap_80687EFE,100,4
,2,5098,22,0:05.098,14.05.2025 09:22:56,,,ui.lap_update,carrera_v2_6b799dd9_992f_4f07_bcd0_a3815b27c6ec,,1747207375873,1747207375873,carrera_v2_lap_80687EFE,101,4
,2,5323,22,0:05.323,14.05.2025 09:23:01,,,ui.lap_update,carrera_v2_6b799dd9_992f_4f07_bcd0_a3815b27c6ec,,1747207381154,1747207381154,carrera_v2_lap_80687EFE,102,4
,2,5438,22,0:05.438,14.05.2025 09:23:07,,,ui.lap_update,carrera_v2_6b799dd9_992f_4f07_bcd0_a3815b27c6ec,,1747207386673,1747207386673,carrera_v2_lap_80687EFE,103,4
,1,269349,2,4:29.349,14.05.2025 09:26:04,,,ui.lap_update,carrera_v2_6b799dd9_992f_4f07_bcd0_a3815b27c6ec,,1747207563618,1747207563618,carrera_v2_lap_80687EFE,115,3
,2,186009,22,3:06.009,14.05.2025 09:26:12,,,ui.lap_update,carrera_v2_6b799dd9_992f_4f07_bcd0_a3815b27c6ec,,1747207572142,1747207572142,carrera_v2_lap_80687EFE,104,4
,2,8073,22,0:08.073,14.05.2025 09:26:20,,,ui.lap_update,carrera_v2_6b799dd9_992f_4f07_bcd0_a3815b27c6ec,,1747207580117,1747207580117,carrera_v2_lap_80687EFE,105,4
,1,453055,23,7:33.055,14.05.2025 09:33:35,,,ui.lap_update,carrera_v2_6b799dd9_992f_4f07_bcd0_a3815b27c6ec,,1747208015305,1747208015305,carrera_v2_lap_80687EFE,116,3
,1,8520,23,0:08.520,14.05.2025 09:33:44,,,ui.lap_update,carrera_v2_6b799dd9_992f_4f07_bcd0_a3815b27c6ec,,1747208023825,1747208023825,carrera_v2_lap_80687EFE,117,3
,1,5806,23,0:05.806,14.05.2025 09:33:50,,,ui.lap_update,carrera_v2_6b799dd9_992f_4f07_bcd0_a3815b27c6ec,,1747208029524,1747208029524,carrera_v2_lap_80687EFE,118,3
,1,5686,23,0:05.686,14.05.2025 09:33:55,,,ui.lap_update,carrera_v2_6b799dd9_992f_4f07_bcd0_a3815b27c6ec,,1747208035164,1747208035164,carrera_v2_lap_80687EFE,119,3
,1,5905,23,0:05.905,14.05.2025 09:34:01,,,ui.lap_update,carrera_v2_6b799dd9_992f_4f07_bcd0_a3815b27c6ec,,1747208041165,1747208041165,carrera_v2_lap_80687EFE,120,3
,1,5343,23,0:05.343,14.05.2025 09:34:06,,,ui.lap_update,carrera_v2_6b799dd9_992f_4f07_bcd0_a3815b27c6ec,,1747208046443,1747208046443,carrera_v2_lap_80687EFE,121,3
,1,6064,23,0:06.064,14.05.2025 09:34:13,,,ui.lap_update,carrera_v2_6b799dd9_992f_4f07_bcd0_a3815b27c6ec,,1747208052505,1747208052505,carrera_v2_lap_80687EFE,122,3
,1,5799,23,0:05.799,14.05.2025 09:34:18,,,ui.lap_update,carrera_v2_6b799dd9_992f_4f07_bcd0_a3815b27c6ec,,1747208058204,1747208058204,carrera_v2_lap_80687EFE,123,3
,1,5660,23,0:05.660,14.05.2025 09:34:24,,,ui.lap_update,carrera_v2_6b799dd9_992f_4f07_bcd0_a3815b27c6ec,,1747208063846,1747208063846,carrera_v2_lap_80687EFE,124,3
,1,5546,23,0:05.546,14.05.2025 09:34:29,,,ui.lap_update,carrera_v2_6b799dd9_992f_4f07_bcd0_a3815b27c6ec,,1747208069364,1747208069364,carrera_v2_lap_80687EFE,125,3
,1,5783,23,0:05.783,14.05.2025 09:34:35,,,ui.lap_update,carrera_v2_6b799dd9_992f_4f07_bcd0_a3815b27c6ec,,1747208075124,1747208075124,carrera_v2_lap_80687EFE,126,3
,1,5183,23,0:05.183,14.05.2025 09:34:40,,,ui.lap_update,carrera_v2_6b799dd9_992f_4f07_bcd0_a3815b27c6ec,,1747208080345,1747208080345,carrera_v2_lap_80687EFE,127,3
,1,5306,23,0:05.306,14.05.2025 09:34:46,,,ui.lap_update,carrera_v2_6b799dd9_992f_4f07_bcd0_a3815b27c6ec,,1747208085805,1747208085805,carrera_v2_lap_80687EFE,128,3
,1,18627,23,0:18.627,14.05.2025 09:35:04,,,ui.lap_update,carrera_v2_6b799dd9_992f_4f07_bcd0_a3815b27c6ec,,1747208104225,1747208104225,carrera_v2_lap_80687EFE,129,3
,1,181939,23,3:01.939,14.05.2025 09:38:06,,,ui.lap_update,carrera_v2_6b799dd9_992f_4f07_bcd0_a3815b27c6ec,,1747208285669,1747208285669,carrera_v2_lap_80687EFE,130,3
,1,128302,24,2:08.302,14.05.2025 09:40:14,,,ui.lap_update,carrera_v2_6b799dd9_992f_4f07_bcd0_a3815b27c6ec,,1747208413531,1747208413531,carrera_v2_lap_80687EFE,131,3
,1,15148,24,0:15.148,14.05.2025 09:40:29,,,ui.lap_update,carrera_v2_6b799dd9_992f_4f07_bcd0_a3815b27c6ec,,1747208428651,1747208428651,carrera_v2_lap_80687EFE,132,3
,1,13577,24,0:13.577,14.05.2025 09:40:42,,,ui.lap_update,carrera_v2_6b799dd9_992f_4f07_bcd0_a3815b27c6ec,,1747208442150,1747208442150,carrera_v2_lap_80687EFE,133,3
,1,13300,24,0:13.300,14.05.2025 09:40:56,,,ui.lap_update,carrera_v2_6b799dd9_992f_4f07_bcd0_a3815b27c6ec,,1747208455530,1747208455530,carrera_v2_lap_80687EFE,134,3
,1,7446,24,0:07.446,14.05.2025 09:41:03,,,ui.lap_update,carrera_v2_6b799dd9_992f_4f07_bcd0_a3815b27c6ec,,1747208462912,1747208462912,carrera_v2_lap_80687EFE,135,3
,1,9885,24,0:09.885,14.05.2025 09:41:13,,,ui.lap_update,carrera_v2_6b799dd9_992f_4f07_bcd0_a3815b27c6ec,,1747208472811,1747208472811,carrera_v2_lap_80687EFE,136,3
,1,8317,24,0:08.317,14.05.2025 09:41:21,,,ui.lap_update,carrera_v2_6b799dd9_992f_4f07_bcd0_a3815b27c6ec,,1747208481031,1747208481031,carrera_v2_lap_80687EFE,137,3
,1,6593,24,0:06.593,14.05.2025 09:41:28,,,ui.lap_update,carrera_v2_6b799dd9_992f_4f07_bcd0_a3815b27c6ec,,1747208487511,1747208487511,carrera_v2_lap_80687EFE,138,3
,1,6236,24,0:06.236,14.05.2025 09:41:34,,,ui.lap_update,carrera_v2_6b799dd9_992f_4f07_bcd0_a3815b27c6ec,,1747208493992,1747208493992,carrera_v2_lap_80687EFE,139,3
,1,8528,24,0:08.528,14.05.2025 09:41:42,,,ui.lap_update,carrera_v2_6b799dd9_992f_4f07_bcd0_a3815b27c6ec,,1747208502272,1747208502272,carrera_v2_lap_80687EFE,140,3
,1,7803,24,0:07.803,14.05.2025 09:41:50,,,ui.lap_update,carrera_v2_6b799dd9_992f_4f07_bcd0_a3815b27c6ec,,1747208510071,1747208510071,carrera_v2_lap_80687EFE,141,3
,1,19072,24,0:19.072,14.05.2025 09:42:09,,,ui.lap_update,carrera_v2_6b799dd9_992f_4f07_bcd0_a3815b27c6ec,,1747208529152,1747208529152,carrera_v2_lap_80687EFE,142,3
,2,982394,22,16:22.394,14.05.2025 09:42:40,,,ui.lap_update,carrera_v2_6b799dd9_992f_4f07_bcd0_a3815b27c6ec,,1747208559573,1747208559573,carrera_v2_lap_80687EFE,106,4
,1,30623,24,0:30.623,14.05.2025 09:42:40,,,ui.lap_update,carrera_v2_6b799dd9_992f_4f07_bcd0_a3815b27c6ec,,1747208559693,1747208559693,carrera_v2_lap_80687EFE,143,3
,2,6084,22,0:06.084,14.05.2025 09:42:46,,,ui.lap_update,carrera_v2_6b799dd9_992f_4f07_bcd0_a3815b27c6ec,,1747208565692,1747208565692,carrera_v2_lap_80687EFE,107,4
,1,7138,24,0:07.138,14.05.2025 09:42:47,,,ui.lap_update,carrera_v2_6b799dd9_992f_4f07_bcd0_a3815b27c6ec,,1747208566772,1747208566772,carrera_v2_lap_80687EFE,144,3
,2,6065,22,0:06.065,14.05.2025 09:42:52,,,ui.lap_update,carrera_v2_6b799dd9_992f_4f07_bcd0_a3815b27c6ec,,1747208571692,1747208571692,carrera_v2_lap_80687EFE,108,4
,1,6537,24,0:06.537,14.05.2025 09:42:53,,,ui.lap_update,carrera_v2_6b799dd9_992f_4f07_bcd0_a3815b27c6ec,,1747208573312,1747208573312,carrera_v2_lap_80687EFE,145,3
,2,5546,22,0:05.546,14.05.2025 09:42:57,,,ui.lap_update,carrera_v2_6b799dd9_992f_4f07_bcd0_a3815b27c6ec,,1747208577153,1747208577153,carrera_v2_lap_80687EFE,109,4
,1,6063,24,0:06.063,14.05.2025 09:42:59,,,ui.lap_update,carrera_v2_6b799dd9_992f_4f07_bcd0_a3815b27c6ec,,1747208579253,1747208579253,carrera_v2_lap_80687EFE,146,3
,2,5107,22,0:05.107,14.05.2025 09:43:02,,,ui.lap_update,carrera_v2_6b799dd9_992f_4f07_bcd0_a3815b27c6ec,,1747208582372,1747208582372,carrera_v2_lap_80687EFE,110,4
,1,9582,24,0:09.582,14.05.2025 09:43:09,,,ui.lap_update,carrera_v2_6b799dd9_992f_4f07_bcd0_a3815b27c6ec,,1747208588914,1747208588914,carrera_v2_lap_80687EFE,147,3
,2,9510,22,0:09.510,14.05.2025 09:43:12,,,ui.lap_update,carrera_v2_6b799dd9_992f_4f07_bcd0_a3815b27c6ec,,1747208591793,1747208591793,carrera_v2_lap_80687EFE,111,4
,1,277985,25,4:37.985,14.05.2025 09:47:54,,,ui.lap_update,carrera_v2_6b799dd9_992f_4f07_bcd0_a3815b27c6ec,,1747208873858,1747208873858,carrera_v2_lap_80687EFE,148,3
,2,276202,26,4:36.202,14.05.2025 09:47:55,,,ui.lap_update,carrera_v2_6b799dd9_992f_4f07_bcd0_a3815b27c6ec,,1747208875119,1747208875119,carrera_v2_lap_80687EFE,112,4
,2,6549,26,0:06.549,14.05.2025 09:48:02,,,ui.lap_update,carrera_v2_6b799dd9_992f_4f07_bcd0_a3815b27c6ec,,1747208881658,1747208881658,carrera_v2_lap_80687EFE,113,4
,2,5187,26,0:05.187,14.05.2025 09:48:07,,,ui.lap_update,carrera_v2_6b799dd9_992f_4f07_bcd0_a3815b27c6ec,,1747208886817,1747208886817,carrera_v2_lap_80687EFE,114,4
,2,5164,26,0:05.164,14.05.2025 09:48:12,,,ui.lap_update,carrera_v2_6b799dd9_992f_4f07_bcd0_a3815b27c6ec,,1747208891917,1747208891917,carrera_v2_lap_80687EFE,115,4
,1,22134,25,0:22.134,14.05.2025 09:48:16,,,ui.lap_update,carrera_v2_6b799dd9_992f_4f07_bcd0_a3815b27c6ec,,1747208896059,1747208896059,carrera_v2_lap_80687EFE,149,3
,2,4956,26,0:04.956,14.05.2025 09:48:17,,,ui.lap_update,carrera_v2_6b799dd9_992f_4f07_bcd0_a3815b27c6ec,,1747208896777,1747208896777,carrera_v2_lap_80687EFE,116,4
,1,7181,25,0:07.181,14.05.2025 09:48:23,,,ui.lap_update,carrera_v2_6b799dd9_992f_4f07_bcd0_a3815b27c6ec,,1747208903197,1747208903197,carrera_v2_lap_80687EFE,150,3
,2,17078,26,0:17.078,14.05.2025 09:48:34,,,ui.lap_update,carrera_v2_6b799dd9_992f_4f07_bcd0_a3815b27c6ec,,1747208913817,1747208913817,carrera_v2_lap_80687EFE,117,4
,1,12264,25,0:12.264,14.05.2025 09:48:35,,,ui.lap_update,carrera_v2_6b799dd9_992f_4f07_bcd0_a3815b27c6ec,,1747208915317,1747208915317,carrera_v2_lap_80687EFE,151,3
,1,7648,25,0:07.648,14.05.2025 09:48:43,,,ui.lap_update,carrera_v2_6b799dd9_992f_4f07_bcd0_a3815b27c6ec,,1747208922997,1747208922997,carrera_v2_lap_80687EFE,152,3
,2,10893,26,0:10.893,14.05.2025 09:48:45,,,ui.lap_update,carrera_v2_6b799dd9_992f_4f07_bcd0_a3815b27c6ec,,1747208924798,1747208924798,carrera_v2_lap_80687EFE,118,4
,1,16557,25,0:16.557,14.05.2025 09:48:59,,,ui.lap_update,carrera_v2_6b799dd9_992f_4f07_bcd0_a3815b27c6ec,,1747208939499,1747208939499,carrera_v2_lap_80687EFE,153,3
,1,5997,25,0:05.997,14.05.2025 09:49:06,,,ui.lap_update,carrera_v2_6b799dd9_992f_4f07_bcd0_a3815b27c6ec,,1747208945558,1747208945558,carrera_v2_lap_80687EFE,154,3
,2,25996,26,0:25.996,14.05.2025 09:49:11,,,ui.lap_update,carrera_v2_6b799dd9_992f_4f07_bcd0_a3815b27c6ec,,1747208950598,1747208950598,carrera_v2_lap_80687EFE,119,4
,1,6320,25,0:06.320,14.05.2025 09:49:12,,,ui.lap_update,carrera_v2_6b799dd9_992f_4f07_bcd0_a3815b27c6ec,,1747208951797,1747208951797,carrera_v2_lap_80687EFE,155,3
,1,11793,25,0:11.793,14.05.2025 09:49:24,,,ui.lap_update,carrera_v2_6b799dd9_992f_4f07_bcd0_a3815b27c6ec,,1747208963559,1747208963559,carrera_v2_lap_80687EFE,156,3
,1,6578,25,0:06.578,14.05.2025 09:49:30,,,ui.lap_update,carrera_v2_6b799dd9_992f_4f07_bcd0_a3815b27c6ec,,1747208970098,1747208970098,carrera_v2_lap_80687EFE,157,3
,1,6472,25,0:06.472,14.05.2025 09:49:37,,,ui.lap_update,carrera_v2_6b799dd9_992f_4f07_bcd0_a3815b27c6ec,,1747208976579,1747208976579,carrera_v2_lap_80687EFE,158,3
,1,6145,25,0:06.145,14.05.2025 09:49:43,,,ui.lap_update,carrera_v2_6b799dd9_992f_4f07_bcd0_a3815b27c6ec,,1747208982699,1747208982699,carrera_v2_lap_80687EFE,159,3
,1,6284,25,0:06.284,14.05.2025 09:49:49,,,ui.lap_update,carrera_v2_6b799dd9_992f_4f07_bcd0_a3815b27c6ec,,1747208988879,1747208988879,carrera_v2_lap_80687EFE,160,3
,1,203198,25,3:23.198,14.05.2025 09:53:12,,,ui.lap_update,carrera_v2_6b799dd9_992f_4f07_bcd0_a3815b27c6ec,,1747209191504,1747209191504,carrera_v2_lap_80687EFE,161,3
,1,5603,25,0:05.603,14.05.2025 09:53:17,,,ui.lap_update,carrera_v2_6b799dd9_992f_4f07_bcd0_a3815b27c6ec,,1747209197084,1747209197084,carrera_v2_lap_80687EFE,162,3
,1,5391,25,0:05.391,14.05.2025 09:53:22,,,ui.lap_update,carrera_v2_6b799dd9_992f_4f07_bcd0_a3815b27c6ec,,1747209202482,1747209202482,carrera_v2_lap_80687EFE,163,3
,1,5360,25,0:05.360,14.05.2025 09:53:28,,,ui.lap_update,carrera_v2_6b799dd9_992f_4f07_bcd0_a3815b27c6ec,,1747209207882,1747209207882,carrera_v2_lap_80687EFE,164,3
,1,12008,25,0:12.008,14.05.2025 09:53:40,,,ui.lap_update,carrera_v2_6b799dd9_992f_4f07_bcd0_a3815b27c6ec,,1747209219823,1747209219823,carrera_v2_lap_80687EFE,165,3
,1,5571,27,0:05.571,14.05.2025 09:53:45,,,ui.lap_update,carrera_v2_6b799dd9_992f_4f07_bcd0_a3815b27c6ec,,1747209225400,1747209225400,carrera_v2_lap_80687EFE,166,3
,2,276619,26,4:36.619,14.05.2025 09:53:46,,,ui.lap_update,carrera_v2_6b799dd9_992f_4f07_bcd0_a3815b27c6ec,,1747209226480,1747209226480,carrera_v2_lap_80687EFE,120,4
,1,5266,27,0:05.266,14.05.2025 09:53:51,,,ui.lap_update,carrera_v2_6b799dd9_992f_4f07_bcd0_a3815b27c6ec,,1747209230562,1747209230562,carrera_v2_lap_80687EFE,167,3
,1,5432,27,0:05.432,14.05.2025 09:53:56,,,ui.lap_update,carrera_v2_6b799dd9_992f_4f07_bcd0_a3815b27c6ec,,1747209236022,1747209236022,carrera_v2_lap_80687EFE,168,3
,1,5887,27,0:05.887,14.05.2025 09:54:02,,,ui.lap_update,carrera_v2_6b799dd9_992f_4f07_bcd0_a3815b27c6ec,,1747209241902,1747209241902,carrera_v2_lap_80687EFE,169,3
,1,13624,27,0:13.624,14.05.2025 09:54:16,,,ui.lap_update,carrera_v2_6b799dd9_992f_4f07_bcd0_a3815b27c6ec,,1747209255523,1747209255523,carrera_v2_lap_80687EFE,170,3
,2,29802,28,0:29.802,14.05.2025 09:54:16,,,ui.lap_update,carrera_v2_6b799dd9_992f_4f07_bcd0_a3815b27c6ec,,1747209256242,1747209256242,carrera_v2_lap_80687EFE,121,4
,1,5652,27,0:05.652,14.05.2025 09:54:21,,,ui.lap_update,carrera_v2_6b799dd9_992f_4f07_bcd0_a3815b27c6ec,,1747209261043,1747209261043,carrera_v2_lap_80687EFE,171,3
,2,21719,28,0:21.719,14.05.2025 09:54:38,,,ui.lap_update,carrera_v2_6b799dd9_992f_4f07_bcd0_a3815b27c6ec,,1747209277783,1747209277783,carrera_v2_lap_80687EFE,122,4
,1,19785,27,0:19.785,14.05.2025 09:54:41,,,ui.lap_update,carrera_v2_6b799dd9_992f_4f07_bcd0_a3815b27c6ec,,1747209280842,1747209280842,carrera_v2_lap_80687EFE,172,3
,1,5182,27,0:05.182,14.05.2025 09:54:46,,,ui.lap_update,carrera_v2_6b799dd9_992f_4f07_bcd0_a3815b27c6ec,,1747209286003,1747209286003,carrera_v2_lap_80687EFE,173,3
,1,642552,29,10:42.552,14.05.2025 10:05:27,,,ui.lap_update,carrera_v2_6b799dd9_992f_4f07_bcd0_a3815b27c6ec,,1747209926695,1747209926695,carrera_v2_lap_80687EFE,174,3
,1,8912,29,0:08.912,14.05.2025 10:05:36,,,ui.lap_update,carrera_v2_6b799dd9_992f_4f07_bcd0_a3815b27c6ec,,1747209935575,1747209935575,carrera_v2_lap_80687EFE,175,3
,1,6617,29,0:06.617,14.05.2025 10:05:42,,,ui.lap_update,carrera_v2_6b799dd9_992f_4f07_bcd0_a3815b27c6ec,,1747209942115,1747209942115,carrera_v2_lap_80687EFE,176,3
,1,5538,29,0:05.538,14.05.2025 10:05:48,,,ui.lap_update,carrera_v2_6b799dd9_992f_4f07_bcd0_a3815b27c6ec,,1747209947694,1747209947694,carrera_v2_lap_80687EFE,177,3
,1,5726,29,0:05.726,14.05.2025 10:05:53,,,ui.lap_update,carrera_v2_6b799dd9_992f_4f07_bcd0_a3815b27c6ec,,1747209953335,1747209953335,carrera_v2_lap_80687EFE,178,3
,1,5212,29,0:05.212,14.05.2025 10:05:59,,,ui.lap_update,carrera_v2_6b799dd9_992f_4f07_bcd0_a3815b27c6ec,,1747209958555,1747209958555,carrera_v2_lap_80687EFE,179,3
,1,5358,29,0:05.358,14.05.2025 10:06:04,,,ui.lap_update,carrera_v2_6b799dd9_992f_4f07_bcd0_a3815b27c6ec,,1747209963895,1747209963895,carrera_v2_lap_80687EFE,180,3
,1,5444,29,0:05.444,14.05.2025 10:06:09,,,ui.lap_update,carrera_v2_6b799dd9_992f_4f07_bcd0_a3815b27c6ec,,1747209969355,1747209969355,carrera_v2_lap_80687EFE,181,3
,1,39028,29,0:39.028,14.05.2025 10:06:48,,,ui.lap_update,carrera_v2_6b799dd9_992f_4f07_bcd0_a3815b27c6ec,,1747210008237,1747210008237,carrera_v2_lap_80687EFE,182,3
,1,19713,29,0:19.713,14.05.2025 10:07:08,,,ui.lap_update,carrera_v2_6b799dd9_992f_4f07_bcd0_a3815b27c6ec,,1747210027976,1747210027976,carrera_v2_lap_80687EFE,183,3
,1,19930,29,0:19.930,14.05.2025 10:07:28,,,ui.lap_update,carrera_v2_6b799dd9_992f_4f07_bcd0_a3815b27c6ec,,1747210047776,1747210047776,carrera_v2_lap_80687EFE,184,3
,1,6270,29,0:06.270,14.05.2025 10:07:34,,,ui.lap_update,carrera_v2_6b799dd9_992f_4f07_bcd0_a3815b27c6ec,,1747210054017,1747210054017,carrera_v2_lap_80687EFE,185,3
,1,5712,29,0:05.712,14.05.2025 10:07:40,,,ui.lap_update,carrera_v2_6b799dd9_992f_4f07_bcd0_a3815b27c6ec,,1747210059656,1747210059656,carrera_v2_lap_80687EFE,186,3
,1,5158,29,0:05.158,14.05.2025 10:07:45,,,ui.lap_update,carrera_v2_6b799dd9_992f_4f07_bcd0_a3815b27c6ec,,1747210064816,1747210064816,carrera_v2_lap_80687EFE,187,3
,1,4976,29,0:04.976,14.05.2025 10:07:50,,,ui.lap_update,carrera_v2_6b799dd9_992f_4f07_bcd0_a3815b27c6ec,,1747210069796,1747210069796,carrera_v2_lap_80687EFE,188,3
,1,5192,29,0:05.192,14.05.2025 10:07:55,,,ui.lap_update,carrera_v2_6b799dd9_992f_4f07_bcd0_a3815b27c6ec,,1747210075017,1747210075017,carrera_v2_lap_80687EFE,189,3
,1,5201,29,0:05.201,14.05.2025 10:08:00,,,ui.lap_update,carrera_v2_6b799dd9_992f_4f07_bcd0_a3815b27c6ec,,1747210080177,1747210080177,carrera_v2_lap_80687EFE,190,3
,1,4953,29,0:04.953,14.05.2025 10:08:05,,,ui.lap_update,carrera_v2_6b799dd9_992f_4f07_bcd0_a3815b27c6ec,,1747210085157,1747210085157,carrera_v2_lap_80687EFE,191,3
,1,4870,29,0:04.870,14.05.2025 10:08:10,,,ui.lap_update,carrera_v2_6b799dd9_992f_4f07_bcd0_a3815b27c6ec,,1747210089957,1747210089957,carrera_v2_lap_80687EFE,192,3
,1,5176,29,0:05.176,14.05.2025 10:08:15,,,ui.lap_update,carrera_v2_6b799dd9_992f_4f07_bcd0_a3815b27c6ec,,1747210095177,1747210095177,carrera_v2_lap_80687EFE,193,3
,1,7155,29,0:07.155,14.05.2025 10:08:22,,,ui.lap_update,carrera_v2_6b799dd9_992f_4f07_bcd0_a3815b27c6ec,,1747210102318,1747210102318,carrera_v2_lap_80687EFE,194,3
,1,1630,29,0:01.630,14.05.2025 10:08:24,,,ui.lap_update,carrera_v2_6b799dd9_992f_4f07_bcd0_a3815b27c6ec,,1747210103878,1747210103878,carrera_v2_lap_80687EFE,195,3
,2,980685,28,16:20.685,14.05.2025 10:10:56,,,ui.lap_update,carrera_v2_6b799dd9_992f_4f07_bcd0_a3815b27c6ec,,1747210255562,1747210255562,carrera_v2_lap_80687EFE,123,4
,1,157518,29,2:37.518,14.05.2025 10:11:01,,,ui.lap_update,carrera_v2_6b799dd9_992f_4f07_bcd0_a3815b27c6ec,,1747210260961,1747210260961,carrera_v2_lap_80687EFE,196,3
,1,6793,29,0:06.793,14.05.2025 10:11:08,,,ui.lap_update,carrera_v2_6b799dd9_992f_4f07_bcd0_a3815b27c6ec,,1747210267739,1747210267739,carrera_v2_lap_80687EFE,197,3
,1,9599,29,0:09.599,14.05.2025 10:11:17,,,ui.lap_update,carrera_v2_6b799dd9_992f_4f07_bcd0_a3815b27c6ec,,1747210277219,1747210277219,carrera_v2_lap_80687EFE,198,3
,1,4945,29,0:04.945,14.05.2025 10:11:22,,,ui.lap_update,carrera_v2_6b799dd9_992f_4f07_bcd0_a3815b27c6ec,,1747210282140,1747210282140,carrera_v2_lap_80687EFE,199,3
,1,4915,29,0:04.915,14.05.2025 10:11:27,,,ui.lap_update,carrera_v2_6b799dd9_992f_4f07_bcd0_a3815b27c6ec,,1747210287120,1747210287120,carrera_v2_lap_80687EFE,200,3
,1,4875,29,0:04.875,14.05.2025 10:11:32,,,ui.lap_update,carrera_v2_6b799dd9_992f_4f07_bcd0_a3815b27c6ec,,1747210291920,1747210291920,carrera_v2_lap_80687EFE,201,3
,1,5317,29,0:05.317,14.05.2025 10:11:37,,,ui.lap_update,carrera_v2_6b799dd9_992f_4f07_bcd0_a3815b27c6ec,,1747210297320,1747210297320,carrera_v2_lap_80687EFE,202,3
,1,4915,29,0:04.915,14.05.2025 10:11:42,,,ui.lap_update,carrera_v2_6b799dd9_992f_4f07_bcd0_a3815b27c6ec,,1747210302181,1747210302181,carrera_v2_lap_80687EFE,203,3
,1,59420,29,0:59.420,14.05.2025 10:12:41,,,ui.lap_update,carrera_v2_6b799dd9_992f_4f07_bcd0_a3815b27c6ec,,1747210361462,1747210361462,carrera_v2_lap_80687EFE,204,3
,1,20030,29,0:20.030,14.05.2025 10:13:01,,,ui.lap_update,carrera_v2_6b799dd9_992f_4f07_bcd0_a3815b27c6ec,,1747210381322,1747210381322,carrera_v2_lap_80687EFE,205,3
,1,9809,29,0:09.809,14.05.2025 10:13:11,,,ui.lap_update,carrera_v2_6b799dd9_992f_4f07_bcd0_a3815b27c6ec,,1747210391102,1747210391102,carrera_v2_lap_80687EFE,206,3
,1,27829,29,0:27.829,14.05.2025 10:13:39,,,ui.lap_update,carrera_v2_6b799dd9_992f_4f07_bcd0_a3815b27c6ec,,1747210418942,1747210418942,carrera_v2_lap_80687EFE,207,3
,1,1041,29,0:01.041,14.05.2025 10:13:40,,,ui.lap_update,carrera_v2_6b799dd9_992f_4f07_bcd0_a3815b27c6ec,,1747210419904,1747210419904,carrera_v2_lap_80687EFE,208,3
,1,17521,30,0:17.521,14.05.2025 10:13:57,,,ui.lap_update,carrera_v2_6b799dd9_992f_4f07_bcd0_a3815b27c6ec,,1747210437482,1747210437482,carrera_v2_lap_80687EFE,209,3
,1,6864,30,0:06.864,14.05.2025 10:14:04,,,ui.lap_update,carrera_v2_6b799dd9_992f_4f07_bcd0_a3815b27c6ec,,1747210444382,1747210444382,carrera_v2_lap_80687EFE,210,3
,1,9589,30,0:09.589,14.05.2025 10:14:14,,,ui.lap_update,carrera_v2_6b799dd9_992f_4f07_bcd0_a3815b27c6ec,,1747210453743,1747210453743,carrera_v2_lap_80687EFE,211,3
,1,5371,30,0:05.371,14.05.2025 10:14:19,,,ui.lap_update,carrera_v2_6b799dd9_992f_4f07_bcd0_a3815b27c6ec,,1747210459202,1747210459202,carrera_v2_lap_80687EFE,212,3
,2,217527,28,3:37.527,14.05.2025 10:14:32,,,ui.lap_update,carrera_v2_6b799dd9_992f_4f07_bcd0_a3815b27c6ec,,1747210472402,1747210472402,carrera_v2_lap_80687EFE,124,4
,1,14668,30,0:14.668,14.05.2025 10:14:34,,,ui.lap_update,carrera_v2_6b799dd9_992f_4f07_bcd0_a3815b27c6ec,,1747210473784,1747210473784,carrera_v2_lap_80687EFE,213,3
,1,19381,30,0:19.381,14.05.2025 10:14:53,,,ui.lap_update,carrera_v2_6b799dd9_992f_4f07_bcd0_a3815b27c6ec,,1747210493162,1747210493162,carrera_v2_lap_80687EFE,214,3
,1,8838,30,0:08.838,14.05.2025 10:15:02,,,ui.lap_update,carrera_v2_6b799dd9_992f_4f07_bcd0_a3815b27c6ec,,1747210501923,1747210501923,carrera_v2_lap_80687EFE,215,3
,1,6143,30,0:06.143,14.05.2025 10:15:08,,,ui.lap_update,carrera_v2_6b799dd9_992f_4f07_bcd0_a3815b27c6ec,,1747210508045,1747210508045,carrera_v2_lap_80687EFE,216,3
,2,333102,28,5:33.102,14.05.2025 10:20:05,,,ui.lap_update,carrera_v2_6b799dd9_992f_4f07_bcd0_a3815b27c6ec,,1747210804509,1747210804509,carrera_v2_lap_80687EFE,125,4
,2,34894,28,0:34.894,14.05.2025 10:20:39,,,ui.lap_update,carrera_v2_6b799dd9_992f_4f07_bcd0_a3815b27c6ec,,1747210839309,1747210839309,carrera_v2_lap_80687EFE,126,4
,1,455041,31,7:35.041,14.05.2025 10:22:42,,,ui.lap_update,carrera_v2_6b799dd9_992f_4f07_bcd0_a3815b27c6ec,,1747210961653,1747210961653,carrera_v2_lap_80687EFE,217,3
,2,150470,32,2:30.470,14.05.2025 10:23:09,,,ui.lap_update,carrera_v2_6b799dd9_992f_4f07_bcd0_a3815b27c6ec,,1747210989312,1747210989312,carrera_v2_lap_80687EFE,127,4
,1,29499,31,0:29.499,14.05.2025 10:23:11,,,ui.lap_update,carrera_v2_6b799dd9_992f_4f07_bcd0_a3815b27c6ec,,1747210991112,1747210991112,carrera_v2_lap_80687EFE,218,3
,2,9710,32,0:09.710,14.05.2025 10:23:19,,,ui.lap_update,carrera_v2_6b799dd9_992f_4f07_bcd0_a3815b27c6ec,,1747210999032,1747210999032,carrera_v2_lap_80687EFE,128,4
,1,10312,31,0:10.312,14.05.2025 10:23:21,,,ui.lap_update,carrera_v2_6b799dd9_992f_4f07_bcd0_a3815b27c6ec,,1747211001431,1747211001431,carrera_v2_lap_80687EFE,219,3
,2,5848,32,0:05.848,14.05.2025 10:23:25,,,ui.lap_update,carrera_v2_6b799dd9_992f_4f07_bcd0_a3815b27c6ec,,1747211004790,1747211004790,carrera_v2_lap_80687EFE,129,4
,1,12911,31,0:12.911,14.05.2025 10:23:34,,,ui.lap_update,carrera_v2_6b799dd9_992f_4f07_bcd0_a3815b27c6ec,,1747211014331,1747211014331,carrera_v2_lap_80687EFE,220,3
,2,11409,32,0:11.409,14.05.2025 10:23:36,,,ui.lap_update,carrera_v2_6b799dd9_992f_4f07_bcd0_a3815b27c6ec,,1747211016251,1747211016251,carrera_v2_lap_80687EFE,130,4
,1,6438,31,0:06.438,14.05.2025 10:23:41,,,ui.lap_update,carrera_v2_6b799dd9_992f_4f07_bcd0_a3815b27c6ec,,1747211020631,1747211020631,carrera_v2_lap_80687EFE,221,3
,2,10346,32,0:10.346,14.05.2025 10:23:47,,,ui.lap_update,carrera_v2_6b799dd9_992f_4f07_bcd0_a3815b27c6ec,,1747211026693,1747211026693,carrera_v2_lap_80687EFE,131,4
,1,6036,31,0:06.036,14.05.2025 10:23:47,,,ui.lap_update,carrera_v2_6b799dd9_992f_4f07_bcd0_a3815b27c6ec,,1747211026812,1747211026812,carrera_v2_lap_80687EFE,222,3
,1,13174,31,0:13.174,14.05.2025 10:24:00,,,ui.lap_update,carrera_v2_6b799dd9_992f_4f07_bcd0_a3815b27c6ec,,1747211039892,1747211039892,carrera_v2_lap_80687EFE,223,3
,2,16078,32,0:16.078,14.05.2025 10:24:03,,,ui.lap_update,carrera_v2_6b799dd9_992f_4f07_bcd0_a3815b27c6ec,,1747211042652,1747211042652,carrera_v2_lap_80687EFE,132,4
,1,7113,31,0:07.113,14.05.2025 10:24:07,,,ui.lap_update,carrera_v2_6b799dd9_992f_4f07_bcd0_a3815b27c6ec,,1747211046976,1747211046976,carrera_v2_lap_80687EFE,224,3
,2,6038,32,0:06.038,14.05.2025 10:24:09,,,ui.lap_update,carrera_v2_6b799dd9_992f_4f07_bcd0_a3815b27c6ec,,1747211048594,1747211048594,carrera_v2_lap_80687EFE,133,4
,1,12744,31,0:12.744,14.05.2025 10:24:20,,,ui.lap_update,carrera_v2_6b799dd9_992f_4f07_bcd0_a3815b27c6ec,,1747211059633,1747211059633,carrera_v2_lap_80687EFE,225,3
,2,16125,32,0:16.125,14.05.2025 10:24:25,,,ui.lap_update,carrera_v2_6b799dd9_992f_4f07_bcd0_a3815b27c6ec,,1747211064673,1747211064673,carrera_v2_lap_80687EFE,134,4
,1,7053,31,0:07.053,14.05.2025 10:24:27,,,ui.lap_update,carrera_v2_6b799dd9_992f_4f07_bcd0_a3815b27c6ec,,1747211066714,1747211066714,carrera_v2_lap_80687EFE,226,3
,2,5469,32,0:05.469,14.05.2025 10:24:30,,,ui.lap_update,carrera_v2_6b799dd9_992f_4f07_bcd0_a3815b27c6ec,,1747211070133,1747211070133,carrera_v2_lap_80687EFE,135,4
,2,6102,32,0:06.102,14.05.2025 10:24:36,,,ui.lap_update,carrera_v2_6b799dd9_992f_4f07_bcd0_a3815b27c6ec,,1747211076195,1747211076195,carrera_v2_lap_80687EFE,136,4
,1,10108,31,0:10.108,14.05.2025 10:24:37,,,ui.lap_update,carrera_v2_6b799dd9_992f_4f07_bcd0_a3815b27c6ec,,1747211076793,1747211076793,carrera_v2_lap_80687EFE,227,3
,1,11790,31,0:11.790,14.05.2025 10:24:49,,,ui.lap_update,carrera_v2_6b799dd9_992f_4f07_bcd0_a3815b27c6ec,,1747211088554,1747211088554,carrera_v2_lap_80687EFE,228,3
,2,18941,32,0:18.941,14.05.2025 10:24:55,,,ui.lap_update,carrera_v2_6b799dd9_992f_4f07_bcd0_a3815b27c6ec,,1747211095093,1747211095093,carrera_v2_lap_80687EFE,137,4
,1,6922,31,0:06.922,14.05.2025 10:24:56,,,ui.lap_update,carrera_v2_6b799dd9_992f_4f07_bcd0_a3815b27c6ec,,1747211095513,1747211095513,carrera_v2_lap_80687EFE,229,3
,2,5659,32,0:05.659,14.05.2025 10:25:01,,,ui.lap_update,carrera_v2_6b799dd9_992f_4f07_bcd0_a3815b27c6ec,,1747211100733,1747211100733,carrera_v2_lap_80687EFE,138,4
,1,5832,31,0:05.832,14.05.2025 10:25:01,,,ui.lap_update,carrera_v2_6b799dd9_992f_4f07_bcd0_a3815b27c6ec,,1747211101216,1747211101216,carrera_v2_lap_80687EFE,230,3
,1,13469,31,0:13.469,14.05.2025 10:25:15,,,ui.lap_update,carrera_v2_6b799dd9_992f_4f07_bcd0_a3815b27c6ec,,1747211114654,1747211114654,carrera_v2_lap_80687EFE,231,3
,1,6606,31,0:06.606,14.05.2025 10:25:21,,,ui.lap_update,carrera_v2_6b799dd9_992f_4f07_bcd0_a3815b27c6ec,,1747211121254,1747211121254,carrera_v2_lap_80687EFE,232,3
,1,10922,31,0:10.922,14.05.2025 10:25:32,,,ui.lap_update,carrera_v2_6b799dd9_992f_4f07_bcd0_a3815b27c6ec,,1747211132113,1747211132113,carrera_v2_lap_80687EFE,233,3
,2,31530,32,0:31.530,14.05.2025 10:25:32,,,ui.lap_update,carrera_v2_6b799dd9_992f_4f07_bcd0_a3815b27c6ec,,1747211132234,1747211132234,carrera_v2_lap_80687EFE,139,4
,1,5616,31,0:05.616,14.05.2025 10:25:38,,,ui.lap_update,carrera_v2_6b799dd9_992f_4f07_bcd0_a3815b27c6ec,,1747211137693,1747211137693,carrera_v2_lap_80687EFE,234,3
,1,6277,31,0:06.277,14.05.2025 10:25:44,,,ui.lap_update,carrera_v2_6b799dd9_992f_4f07_bcd0_a3815b27c6ec,,1747211143994,1747211143994,carrera_v2_lap_80687EFE,235,3
,1,10096,31,0:10.096,14.05.2025 10:25:54,,,ui.lap_update,carrera_v2_6b799dd9_992f_4f07_bcd0_a3815b27c6ec,,1747211154075,1747211154075,carrera_v2_lap_80687EFE,236,3
,2,24718,32,0:24.718,14.05.2025 10:25:57,,,ui.lap_update,carrera_v2_6b799dd9_992f_4f07_bcd0_a3815b27c6ec,,1747211156773,1747211156773,carrera_v2_lap_80687EFE,140,4
,1,8116,31,0:08.116,14.05.2025 10:26:02,,,ui.lap_update,carrera_v2_6b799dd9_992f_4f07_bcd0_a3815b27c6ec,,1747211162174,1747211162174,carrera_v2_lap_80687EFE,237,3
,2,7065,32,0:07.065,14.05.2025 10:26:04,,,ui.lap_update,carrera_v2_6b799dd9_992f_4f07_bcd0_a3815b27c6ec,,1747211163795,1747211163795,carrera_v2_lap_80687EFE,141,4
,1,5282,31,0:05.282,14.05.2025 10:26:07,,,ui.lap_update,carrera_v2_6b799dd9_992f_4f07_bcd0_a3815b27c6ec,,1747211167454,1747211167454,carrera_v2_lap_80687EFE,238,3
,2,5025,32,0:05.025,14.05.2025 10:26:09,,,ui.lap_update,carrera_v2_6b799dd9_992f_4f07_bcd0_a3815b27c6ec,,1747211168834,1747211168834,carrera_v2_lap_80687EFE,142,4
,1,5340,31,0:05.340,14.05.2025 10:26:13,,,ui.lap_update,carrera_v2_6b799dd9_992f_4f07_bcd0_a3815b27c6ec,,1747211172733,1747211172733,carrera_v2_lap_80687EFE,239,3
,1,5838,31,0:05.838,14.05.2025 10:26:19,,,ui.lap_update,carrera_v2_6b799dd9_992f_4f07_bcd0_a3815b27c6ec,,1747211178555,1747211178555,carrera_v2_lap_80687EFE,240,3
,1,5272,31,0:05.272,14.05.2025 10:26:24,,,ui.lap_update,carrera_v2_6b799dd9_992f_4f07_bcd0_a3815b27c6ec,,1747211183834,1747211183834,carrera_v2_lap_80687EFE,241,3
,1,836742,33,13:56.742,14.05.2025 10:40:18,,,ui.lap_update,carrera_v2_6b799dd9_992f_4f07_bcd0_a3815b27c6ec,,1747212018031,1747212018031,carrera_v2_lap_80687EFE,242,3
,1,9559,33,0:09.559,14.05.2025 10:40:28,,,ui.lap_update,carrera_v2_6b799dd9_992f_4f07_bcd0_a3815b27c6ec,,1747212027569,1747212027569,carrera_v2_lap_80687EFE,243,3
,1,6011,33,0:06.011,14.05.2025 10:40:34,,,ui.lap_update,carrera_v2_6b799dd9_992f_4f07_bcd0_a3815b27c6ec,,1747212033629,1747212033629,carrera_v2_lap_80687EFE,244,3
,1,8568,33,0:08.568,14.05.2025 10:40:42,,,ui.lap_update,carrera_v2_6b799dd9_992f_4f07_bcd0_a3815b27c6ec,,1747212042150,1747212042150,carrera_v2_lap_80687EFE,245,3
,1,7568,33,0:07.568,14.05.2025 10:40:50,,,ui.lap_update,carrera_v2_6b799dd9_992f_4f07_bcd0_a3815b27c6ec,,1747212049650,1747212049650,carrera_v2_lap_80687EFE,246,3
,1,11725,33,0:11.725,14.05.2025 10:41:01,,,ui.lap_update,carrera_v2_6b799dd9_992f_4f07_bcd0_a3815b27c6ec,,1747212061290,1747212061290,carrera_v2_lap_80687EFE,247,3
,1,5184,33,0:05.184,14.05.2025 10:41:07,,,ui.lap_update,carrera_v2_6b799dd9_992f_4f07_bcd0_a3815b27c6ec,,1747212066567,1747212066567,carrera_v2_lap_80687EFE,248,3
,1,5776,33,0:05.776,14.05.2025 10:41:12,,,ui.lap_update,carrera_v2_6b799dd9_992f_4f07_bcd0_a3815b27c6ec,,1747212072322,1747212072322,carrera_v2_lap_80687EFE,249,3
,1,5016,33,0:05.016,14.05.2025 10:41:17,,,ui.lap_update,carrera_v2_6b799dd9_992f_4f07_bcd0_a3815b27c6ec,,1747212077360,1747212077360,carrera_v2_lap_80687EFE,250,3
,1,6066,33,0:06.066,14.05.2025 10:41:23,,,ui.lap_update,carrera_v2_6b799dd9_992f_4f07_bcd0_a3815b27c6ec,,1747212083298,1747212083298,carrera_v2_lap_80687EFE,251,3
,1,5380,33,0:05.380,14.05.2025 10:41:29,,,ui.lap_update,carrera_v2_6b799dd9_992f_4f07_bcd0_a3815b27c6ec,,1747212088696,1747212088696,carrera_v2_lap_80687EFE,252,3
,1,5618,33,0:05.618,14.05.2025 10:41:34,,,ui.lap_update,carrera_v2_6b799dd9_992f_4f07_bcd0_a3815b27c6ec,,1747212094277,1747212094277,carrera_v2_lap_80687EFE,253,3
,1,8689626,33,24:49.626,14.05.2025 11:10:00,,,ui.lap_update,carrera_v2_6b799dd9_992f_4f07_bcd0_a3815b27c6ec,,1747213800367,1747213800367,carrera_v2_lap_80687EFE,254,3
,2,7761411,34,9:21.411,14.05.2025 11:10:14,,,ui.lap_update,carrera_v2_6b799dd9_992f_4f07_bcd0_a3815b27c6ec,,1747213813927,1747213813927,carrera_v2_lap_80687EFE,143,4
,1,13735,33,0:13.735,14.05.2025 11:10:14,,,ui.lap_update,carrera_v2_6b799dd9_992f_4f07_bcd0_a3815b27c6ec,,1747213814046,1747213814046,carrera_v2_lap_80687EFE,255,3
,2,6433,34,0:06.433,14.05.2025 11:10:20,,,ui.lap_update,carrera_v2_6b799dd9_992f_4f07_bcd0_a3815b27c6ec,,1747213820406,1747213820406,carrera_v2_lap_80687EFE,144,4
,1,6599,33,0:06.599,14.05.2025 11:10:21,,,ui.lap_update,carrera_v2_6b799dd9_992f_4f07_bcd0_a3815b27c6ec,,1747213820526,1747213820526,carrera_v2_lap_80687EFE,256,3
,1,5694,33,0:05.694,14.05.2025 11:10:26,,,ui.lap_update,carrera_v2_6b799dd9_992f_4f07_bcd0_a3815b27c6ec,,1747213826349,1747213826349,carrera_v2_lap_80687EFE,257,3
,2,8027,34,0:08.027,14.05.2025 11:10:29,,,ui.lap_update,carrera_v2_6b799dd9_992f_4f07_bcd0_a3815b27c6ec,,1747213828507,1747213828507,carrera_v2_lap_80687EFE,145,4
,1,5104,33,0:05.104,14.05.2025 11:10:31,,,ui.lap_update,carrera_v2_6b799dd9_992f_4f07_bcd0_a3815b27c6ec,,1747213831326,1747213831326,carrera_v2_lap_80687EFE,258,3
,2,7757,34,0:07.757,14.05.2025 11:10:36,,,ui.lap_update,carrera_v2_6b799dd9_992f_4f07_bcd0_a3815b27c6ec,,1747213836127,1747213836127,carrera_v2_lap_80687EFE,146,4
,1,4983,33,0:04.983,14.05.2025 11:10:36,,,ui.lap_update,carrera_v2_6b799dd9_992f_4f07_bcd0_a3815b27c6ec,,1747213836366,1747213836366,carrera_v2_lap_80687EFE,259,3
,2,7570,34,0:07.570,14.05.2025 11:10:44,,,ui.lap_update,carrera_v2_6b799dd9_992f_4f07_bcd0_a3815b27c6ec,,1747213843688,1747213843688,carrera_v2_lap_80687EFE,147,4
,1,10419,33,0:10.419,14.05.2025 11:10:47,,,ui.lap_update,carrera_v2_6b799dd9_992f_4f07_bcd0_a3815b27c6ec,,1747213846688,1747213846688,carrera_v2_lap_80687EFE,260,3
,2,5355,34,0:05.355,14.05.2025 11:10:49,,,ui.lap_update,carrera_v2_6b799dd9_992f_4f07_bcd0_a3815b27c6ec,,1747213849089,1747213849089,carrera_v2_lap_80687EFE,148,4
,1,5003,33,0:05.003,14.05.2025 11:10:52,,,ui.lap_update,carrera_v2_6b799dd9_992f_4f07_bcd0_a3815b27c6ec,,1747213851790,1747213851790,carrera_v2_lap_80687EFE,261,3
,2,5147,34,0:05.147,14.05.2025 11:10:54,,,ui.lap_update,carrera_v2_6b799dd9_992f_4f07_bcd0_a3815b27c6ec,,1747213854188,1747213854188,carrera_v2_lap_80687EFE,149,4
,1,5180,33,0:05.180,14.05.2025 11:10:57,,,ui.lap_update,carrera_v2_6b799dd9_992f_4f07_bcd0_a3815b27c6ec,,1747213856887,1747213856887,carrera_v2_lap_80687EFE,262,3
,2,5420,34,0:05.420,14.05.2025 11:11:00,,,ui.lap_update,carrera_v2_6b799dd9_992f_4f07_bcd0_a3815b27c6ec,,1747213859527,1747213859527,carrera_v2_lap_80687EFE,150,4
,1,5118,33,0:05.118,14.05.2025 11:11:02,,,ui.lap_update,carrera_v2_6b799dd9_992f_4f07_bcd0_a3815b27c6ec,,1747213861927,1747213861927,carrera_v2_lap_80687EFE,263,3
,2,5394,34,0:05.394,14.05.2025 11:11:05,,,ui.lap_update,carrera_v2_6b799dd9_992f_4f07_bcd0_a3815b27c6ec,,1747213864985,1747213864985,carrera_v2_lap_80687EFE,151,4
,1,5135,33,0:05.135,14.05.2025 11:11:07,,,ui.lap_update,carrera_v2_6b799dd9_992f_4f07_bcd0_a3815b27c6ec,,1747213867087,1747213867087,carrera_v2_lap_80687EFE,264,3
,2,5368,34,0:05.368,14.05.2025 11:11:10,,,ui.lap_update,carrera_v2_6b799dd9_992f_4f07_bcd0_a3815b27c6ec,,1747213870268,1747213870268,carrera_v2_lap_80687EFE,152,4
,1,5172,33,0:05.172,14.05.2025 11:11:12,,,ui.lap_update,carrera_v2_6b799dd9_992f_4f07_bcd0_a3815b27c6ec,,1747213872247,1747213872247,carrera_v2_lap_80687EFE,265,3
,2,5380,34,0:05.380,14.05.2025 11:11:16,,,ui.lap_update,carrera_v2_6b799dd9_992f_4f07_bcd0_a3815b27c6ec,,1747213875609,1747213875609,carrera_v2_lap_80687EFE,153,4
,1,5120,33,0:05.120,14.05.2025 11:11:17,,,ui.lap_update,carrera_v2_6b799dd9_992f_4f07_bcd0_a3815b27c6ec,,1747213877287,1747213877287,carrera_v2_lap_80687EFE,266,3
,2,4874,34,0:04.874,14.05.2025 11:11:21,,,ui.lap_update,carrera_v2_6b799dd9_992f_4f07_bcd0_a3815b27c6ec,,1747213880528,1747213880528,carrera_v2_lap_80687EFE,154,4
,2,7065,34,0:07.065,14.05.2025 11:11:28,,,ui.lap_update,carrera_v2_6b799dd9_992f_4f07_bcd0_a3815b27c6ec,,1747213887608,1747213887608,carrera_v2_lap_80687EFE,155,4
,2,5541,34,0:05.541,14.05.2025 11:11:33,,,ui.lap_update,carrera_v2_6b799dd9_992f_4f07_bcd0_a3815b27c6ec,,1747213893189,1747213893189,carrera_v2_lap_80687EFE,156,4
,2,286850,34,4:46.850,14.05.2025 11:16:19,,,ui.lap_update,carrera_v2_6b799dd9_992f_4f07_bcd0_a3815b27c6ec,,1747214179035,1747214179035,carrera_v2_lap_80687EFE,157,4
,1,311579,35,5:11.579,14.05.2025 11:16:28,,,ui.lap_update,carrera_v2_6b799dd9_992f_4f07_bcd0_a3815b27c6ec,,1747214188095,1747214188095,carrera_v2_lap_80687EFE,267,3
,1,69,35,0:00.069,14.05.2025 11:16:28,,,ui.lap_update,carrera_v2_6b799dd9_992f_4f07_bcd0_a3815b27c6ec,,1747214188227,1747214188227,carrera_v2_lap_80687EFE,268,3
,1,21784,35,0:21.784,14.05.2025 11:16:50,,,ui.lap_update,carrera_v2_6b799dd9_992f_4f07_bcd0_a3815b27c6ec,,1747214209934,1747214209934,carrera_v2_lap_80687EFE,269,3
,1,222648,35,3:42.648,14.05.2025 11:20:32,,,ui.lap_update,carrera_v2_6b799dd9_992f_4f07_bcd0_a3815b27c6ec,,1747214431818,1747214431818,carrera_v2_lap_80687EFE,270,3
,1,9822,35,0:09.822,14.05.2025 11:20:42,,,ui.lap_update,carrera_v2_6b799dd9_992f_4f07_bcd0_a3815b27c6ec,,1747214441538,1747214441538,carrera_v2_lap_80687EFE,271,3
,1,6290,35,0:06.290,14.05.2025 11:20:48,,,ui.lap_update,carrera_v2_6b799dd9_992f_4f07_bcd0_a3815b27c6ec,,1747214447898,1747214447898,carrera_v2_lap_80687EFE,272,3
,1,12037,35,0:12.037,14.05.2025 11:21:00,,,ui.lap_update,carrera_v2_6b799dd9_992f_4f07_bcd0_a3815b27c6ec,,1747214459899,1747214459899,carrera_v2_lap_80687EFE,273,3
,1,6291,35,0:06.291,14.05.2025 11:21:06,,,ui.lap_update,carrera_v2_6b799dd9_992f_4f07_bcd0_a3815b27c6ec,,1747214466141,1747214466141,carrera_v2_lap_80687EFE,274,3
,1,225909,35,3:45.909,14.05.2025 11:24:51,,,ui.lap_update,carrera_v2_6b799dd9_992f_4f07_bcd0_a3815b27c6ec,,1747214691385,1747214691385,carrera_v2_lap_80687EFE,275,3
,1,15322,35,0:15.322,14.05.2025 11:25:07,,,ui.lap_update,carrera_v2_6b799dd9_992f_4f07_bcd0_a3815b27c6ec,,1747214706566,1747214706566,carrera_v2_lap_80687EFE,276,3
,2,532304,34,8:52.304,14.05.2025 11:25:10,,,ui.lap_update,carrera_v2_6b799dd9_992f_4f07_bcd0_a3815b27c6ec,,1747214709805,1747214709805,carrera_v2_lap_80687EFE,158,4
,2,1795,34,0:01.795,14.05.2025 11:25:12,,,ui.lap_update,carrera_v2_6b799dd9_992f_4f07_bcd0_a3815b27c6ec,,1747214711544,1747214711544,carrera_v2_lap_80687EFE,159,4
,2,4445,34,0:04.445,14.05.2025 11:25:16,,,ui.lap_update,carrera_v2_6b799dd9_992f_4f07_bcd0_a3815b27c6ec,,1747214715985,1747214715985,carrera_v2_lap_80687EFE,160,4
,2,97745,37,1:37.745,14.05.2025 11:26:53,,,ui.lap_update,carrera_v2_6b799dd9_992f_4f07_bcd0_a3815b27c6ec,,1747214813426,1747214813426,carrera_v2_lap_80687EFE,161,4
,2,2083,37,0:02.083,14.05.2025 11:26:56,,,ui.lap_update,carrera_v2_6b799dd9_992f_4f07_bcd0_a3815b27c6ec,,1747214815526,1747214815526,carrera_v2_lap_80687EFE,162,4
,1,111137,36,1:51.137,14.05.2025 11:26:57,,,ui.lap_update,carrera_v2_6b799dd9_992f_4f07_bcd0_a3815b27c6ec,,1747214817446,1747214817446,carrera_v2_lap_80687EFE,277,3
,1,17968,36,0:17.968,14.05.2025 11:27:23,,,ui.lap_update,carrera_v2_6b799dd9_992f_4f07_bcd0_a3815b27c6ec,,1747214843186,1747214843186,carrera_v2_lap_80687EFE,278,3
,2,20223,37,0:20.223,14.05.2025 11:27:24,,,ui.lap_update,carrera_v2_6b799dd9_992f_4f07_bcd0_a3815b27c6ec,,1747214843547,1747214843547,carrera_v2_lap_80687EFE,163,4
,1,7389,36,0:07.389,14.05.2025 11:27:31,,,ui.lap_update,carrera_v2_6b799dd9_992f_4f07_bcd0_a3815b27c6ec,,1747214850627,1747214850627,carrera_v2_lap_80687EFE,279,3
,2,7139,37,0:07.139,14.05.2025 11:27:31,,,ui.lap_update,carrera_v2_6b799dd9_992f_4f07_bcd0_a3815b27c6ec,,1747214850747,1747214850747,carrera_v2_lap_80687EFE,164,4
,1,6659,36,0:06.659,14.05.2025 11:27:37,,,ui.lap_update,carrera_v2_6b799dd9_992f_4f07_bcd0_a3815b27c6ec,,1747214857227,1747214857227,carrera_v2_lap_80687EFE,280,3
,2,6644,37,0:06.644,14.05.2025 11:27:37,,,ui.lap_update,carrera_v2_6b799dd9_992f_4f07_bcd0_a3815b27c6ec,,1747214857348,1747214857348,carrera_v2_lap_80687EFE,165,4
,1,5280,36,0:05.280,14.05.2025 11:27:42,,,ui.lap_update,carrera_v2_6b799dd9_992f_4f07_bcd0_a3815b27c6ec,,1747214862447,1747214862447,carrera_v2_lap_80687EFE,281,3
,2,5275,37,0:05.275,14.05.2025 11:27:43,,,ui.lap_update,carrera_v2_6b799dd9_992f_4f07_bcd0_a3815b27c6ec,,1747214862567,1747214862567,carrera_v2_lap_80687EFE,166,4
,1,5419,36,0:05.419,14.05.2025 11:27:48,,,ui.lap_update,carrera_v2_6b799dd9_992f_4f07_bcd0_a3815b27c6ec,,1747214867907,1747214867907,carrera_v2_lap_80687EFE,282,3
,2,6525,37,0:06.525,14.05.2025 11:27:49,,,ui.lap_update,carrera_v2_6b799dd9_992f_4f07_bcd0_a3815b27c6ec,,1747214869048,1747214869048,carrera_v2_lap_80687EFE,167,4
,1,13827,36,0:13.827,14.05.2025 11:28:02,,,ui.lap_update,carrera_v2_6b799dd9_992f_4f07_bcd0_a3815b27c6ec,,1747214881769,1747214881769,carrera_v2_lap_80687EFE,283,3
,2,14237,37,0:14.237,14.05.2025 11:28:03,,,ui.lap_update,carrera_v2_6b799dd9_992f_4f07_bcd0_a3815b27c6ec,,1747214883327,1747214883327,carrera_v2_lap_80687EFE,168,4
,2,10554,37,0:10.554,14.05.2025 11:28:14,,,ui.lap_update,carrera_v2_6b799dd9_992f_4f07_bcd0_a3815b27c6ec,,1747214893767,1747214893767,carrera_v2_lap_80687EFE,169,4
,1,12484,36,0:12.484,14.05.2025 11:28:14,,,ui.lap_update,carrera_v2_6b799dd9_992f_4f07_bcd0_a3815b27c6ec,,1747214894128,1747214894128,carrera_v2_lap_80687EFE,284,3
,2,6290,37,0:06.290,14.05.2025 11:28:20,,,ui.lap_update,carrera_v2_6b799dd9_992f_4f07_bcd0_a3815b27c6ec,,1747214900068,1747214900068,carrera_v2_lap_80687EFE,170,4
,1,6100,36,0:06.100,14.05.2025 11:28:20,,,ui.lap_update,carrera_v2_6b799dd9_992f_4f07_bcd0_a3815b27c6ec,,1747214900188,1747214900188,carrera_v2_lap_80687EFE,285,3
,2,5173,37,0:05.173,14.05.2025 11:28:25,,,ui.lap_update,carrera_v2_6b799dd9_992f_4f07_bcd0_a3815b27c6ec,,1747214905168,1747214905168,carrera_v2_lap_80687EFE,171,4
,1,12146,36,0:12.146,14.05.2025 11:28:32,,,ui.lap_update,carrera_v2_6b799dd9_992f_4f07_bcd0_a3815b27c6ec,,1747214912428,1747214912428,carrera_v2_lap_80687EFE,286,3
,1,14019,36,0:14.019,14.05.2025 11:28:46,,,ui.lap_update,carrera_v2_6b799dd9_992f_4f07_bcd0_a3815b27c6ec,,1747214926288,1747214926288,carrera_v2_lap_80687EFE,287,3
,2,36889,37,0:36.889,14.05.2025 11:29:02,,,ui.lap_update,carrera_v2_6b799dd9_992f_4f07_bcd0_a3815b27c6ec,,1747214942010,1747214942010,carrera_v2_lap_80687EFE,172,4
,1,18162,36,0:18.162,14.05.2025 11:29:04,,,ui.lap_update,carrera_v2_6b799dd9_992f_4f07_bcd0_a3815b27c6ec,,1747214944408,1747214944408,carrera_v2_lap_80687EFE,288,3
,1,8803,36,0:08.803,14.05.2025 11:29:13,,,ui.lap_update,carrera_v2_6b799dd9_992f_4f07_bcd0_a3815b27c6ec,,1747214953168,1747214953168,carrera_v2_lap_80687EFE,289,3
,2,11419,37,0:11.419,14.05.2025 11:29:13,,,ui.lap_update,carrera_v2_6b799dd9_992f_4f07_bcd0_a3815b27c6ec,,1747214953409,1747214953409,carrera_v2_lap_80687EFE,173,4
,1,6013,36,0:06.013,14.05.2025 11:29:19,,,ui.lap_update,carrera_v2_6b799dd9_992f_4f07_bcd0_a3815b27c6ec,,1747214959228,1747214959228,carrera_v2_lap_80687EFE,290,3
,2,5893,37,0:05.893,14.05.2025 11:29:19,,,ui.lap_update,carrera_v2_6b799dd9_992f_4f07_bcd0_a3815b27c6ec,,1747214959350,1747214959350,carrera_v2_lap_80687EFE,174,4
,1,24584,36,0:24.584,14.05.2025 11:29:44,,,ui.lap_update,carrera_v2_6b799dd9_992f_4f07_bcd0_a3815b27c6ec,,1747214983649,1747214983649,carrera_v2_lap_80687EFE,291,3
,1,12511,36,0:12.511,14.05.2025 11:29:56,,,ui.lap_update,carrera_v2_6b799dd9_992f_4f07_bcd0_a3815b27c6ec,,1747214996250,1747214996250,carrera_v2_lap_80687EFE,292,3
,1,5825,36,0:05.825,14.05.2025 11:30:02,,,ui.lap_update,carrera_v2_6b799dd9_992f_4f07_bcd0_a3815b27c6ec,,1747215002011,1747215002011,carrera_v2_lap_80687EFE,293,3
,1,9448,36,0:09.448,14.05.2025 11:30:11,,,ui.lap_update,carrera_v2_6b799dd9_992f_4f07_bcd0_a3815b27c6ec,,1747215011369,1747215011369,carrera_v2_lap_80687EFE,294,3
,1,55975,36,0:55.975,14.05.2025 11:31:07,,,ui.lap_update,carrera_v2_6b799dd9_992f_4f07_bcd0_a3815b27c6ec,,1747215067231,1747215067231,carrera_v2_lap_80687EFE,295,3
,1,9232,36,0:09.232,14.05.2025 11:31:16,,,ui.lap_update,carrera_v2_6b799dd9_992f_4f07_bcd0_a3815b27c6ec,,1747215076350,1747215076350,carrera_v2_lap_80687EFE,296,3
,1,6408,36,0:06.408,14.05.2025 11:31:23,,,ui.lap_update,carrera_v2_6b799dd9_992f_4f07_bcd0_a3815b27c6ec,,1747215082832,1747215082832,carrera_v2_lap_80687EFE,297,3
,1,7067,36,0:07.067,14.05.2025 11:31:30,,,ui.lap_update,carrera_v2_6b799dd9_992f_4f07_bcd0_a3815b27c6ec,,1747215089851,1747215089851,carrera_v2_lap_80687EFE,298,3
,1,6394,36,0:06.394,14.05.2025 11:31:36,,,ui.lap_update,carrera_v2_6b799dd9_992f_4f07_bcd0_a3815b27c6ec,,1747215096211,1747215096211,carrera_v2_lap_80687EFE,299,3
,1,6355,36,0:06.355,14.05.2025 11:31:43,,,ui.lap_update,carrera_v2_6b799dd9_992f_4f07_bcd0_a3815b27c6ec,,1747215102572,1747215102572,carrera_v2_lap_80687EFE,300,3
,1,5853,36,0:05.853,14.05.2025 11:31:48,,,ui.lap_update,carrera_v2_6b799dd9_992f_4f07_bcd0_a3815b27c6ec,,1747215108332,1747215108332,carrera_v2_lap_80687EFE,301,3
,1,5879,36,0:05.879,14.05.2025 11:31:54,,,ui.lap_update,carrera_v2_6b799dd9_992f_4f07_bcd0_a3815b27c6ec,,1747215114274,1747215114274,carrera_v2_lap_80687EFE,302,3
,1,8545,36,0:08.545,14.05.2025 11:32:03,,,ui.lap_update,carrera_v2_6b799dd9_992f_4f07_bcd0_a3815b27c6ec,,1747215122734,1747215122734,carrera_v2_lap_80687EFE,303,3
,1,7647,36,0:07.647,14.05.2025 11:32:10,,,ui.lap_update,carrera_v2_6b799dd9_992f_4f07_bcd0_a3815b27c6ec,,1747215130412,1747215130412,carrera_v2_lap_80687EFE,304,3
,1,6022,36,0:06.022,14.05.2025 11:32:16,,,ui.lap_update,carrera_v2_6b799dd9_992f_4f07_bcd0_a3815b27c6ec,,1747215136412,1747215136412,carrera_v2_lap_80687EFE,305,3
,1,5631,36,0:05.631,14.05.2025 11:32:22,,,ui.lap_update,carrera_v2_6b799dd9_992f_4f07_bcd0_a3815b27c6ec,,1747215141993,1747215141993,carrera_v2_lap_80687EFE,306,3
,1,5855,36,0:05.855,14.05.2025 11:32:28,,,ui.lap_update,carrera_v2_6b799dd9_992f_4f07_bcd0_a3815b27c6ec,,1747215147872,1747215147872,carrera_v2_lap_80687EFE,307,3
,1,74638,36,1:14.638,14.05.2025 11:33:42,,,ui.lap_update,carrera_v2_6b799dd9_992f_4f07_bcd0_a3815b27c6ec,,1747215222283,1747215222283,carrera_v2_lap_80687EFE,308,3
,1,488581,36,8:08.581,14.05.2025 11:41:49,,,ui.lap_update,carrera_v2_6b799dd9_992f_4f07_bcd0_a3815b27c6ec,,1747215709425,1747215709425,carrera_v2_lap_80687EFE,309,3
,2,769100,39,12:49.100,14.05.2025 11:42:20,,,ui.lap_update,carrera_v2_6b799dd9_992f_4f07_bcd0_a3815b27c6ec,,1747215739786,1747215739786,carrera_v2_lap_80687EFE,175,4
,1,17096,38,0:17.096,14.05.2025 11:42:20,,,ui.lap_update,carrera_v2_6b799dd9_992f_4f07_bcd0_a3815b27c6ec,,1747215740145,1747215740145,carrera_v2_lap_80687EFE,310,3
,2,6142,39,0:06.142,14.05.2025 11:42:26,,,ui.lap_update,carrera_v2_6b799dd9_992f_4f07_bcd0_a3815b27c6ec,,1747215745905,1747215745905,carrera_v2_lap_80687EFE,176,4
,1,7092,38,0:07.092,14.05.2025 11:42:27,,,ui.lap_update,carrera_v2_6b799dd9_992f_4f07_bcd0_a3815b27c6ec,,1747215747225,1747215747225,carrera_v2_lap_80687EFE,311,3
,2,5181,39,0:05.181,14.05.2025 11:42:31,,,ui.lap_update,carrera_v2_6b799dd9_992f_4f07_bcd0_a3815b27c6ec,,1747215751125,1747215751125,carrera_v2_lap_80687EFE,177,4
,2,10658,39,0:10.658,14.05.2025 11:42:42,,,ui.lap_update,carrera_v2_6b799dd9_992f_4f07_bcd0_a3815b27c6ec,,1747215761805,1747215761805,carrera_v2_lap_80687EFE,178,4
,1,19584,38,0:19.584,14.05.2025 11:42:47,,,ui.lap_update,carrera_v2_6b799dd9_992f_4f07_bcd0_a3815b27c6ec,,1747215766724,1747215766724,carrera_v2_lap_80687EFE,312,3
,2,5307,39,0:05.307,14.05.2025 11:42:47,,,ui.lap_update,carrera_v2_6b799dd9_992f_4f07_bcd0_a3815b27c6ec,,1747215766965,1747215766965,carrera_v2_lap_80687EFE,179,4
,2,4848,39,0:04.848,14.05.2025 11:42:52,,,ui.lap_update,carrera_v2_6b799dd9_992f_4f07_bcd0_a3815b27c6ec,,1747215771765,1747215771765,carrera_v2_lap_80687EFE,180,4
,2,16321,39,0:16.321,14.05.2025 11:43:08,,,ui.lap_update,carrera_v2_6b799dd9_992f_4f07_bcd0_a3815b27c6ec,,1747215788147,1747215788147,carrera_v2_lap_80687EFE,181,4
,1,21824,38,0:21.824,14.05.2025 11:43:09,,,ui.lap_update,carrera_v2_6b799dd9_992f_4f07_bcd0_a3815b27c6ec,,1747215788505,1747215788505,carrera_v2_lap_80687EFE,313,3
,2,5461,39,0:05.461,14.05.2025 11:43:13,,,ui.lap_update,carrera_v2_6b799dd9_992f_4f07_bcd0_a3815b27c6ec,,1747215793486,1747215793486,carrera_v2_lap_80687EFE,182,4
,1,8429,38,0:08.429,14.05.2025 11:43:17,,,ui.lap_update,carrera_v2_6b799dd9_992f_4f07_bcd0_a3815b27c6ec,,1747215796904,1747215796904,carrera_v2_lap_80687EFE,314,3
,2,4937,39,0:04.937,14.05.2025 11:43:18,,,ui.lap_update,carrera_v2_6b799dd9_992f_4f07_bcd0_a3815b27c6ec,,1747215798466,1747215798466,carrera_v2_lap_80687EFE,183,4
,2,4637,39,0:04.637,14.05.2025 11:43:23,,,ui.lap_update,carrera_v2_6b799dd9_992f_4f07_bcd0_a3815b27c6ec,,1747215803026,1747215803026,carrera_v2_lap_80687EFE,184,4
,1,6851,38,0:06.851,14.05.2025 11:43:24,,,ui.lap_update,carrera_v2_6b799dd9_992f_4f07_bcd0_a3815b27c6ec,,1747215803686,1747215803686,carrera_v2_lap_80687EFE,315,3
,2,5185,39,0:05.185,14.05.2025 11:43:28,,,ui.lap_update,carrera_v2_6b799dd9_992f_4f07_bcd0_a3815b27c6ec,,1747215808305,1747215808305,carrera_v2_lap_80687EFE,185,4
,2,5133,39,0:05.133,14.05.2025 11:43:33,,,ui.lap_update,carrera_v2_6b799dd9_992f_4f07_bcd0_a3815b27c6ec,,1747215813406,1747215813406,carrera_v2_lap_80687EFE,186,4
,1,16943,38,0:16.943,14.05.2025 11:43:41,,,ui.lap_update,carrera_v2_6b799dd9_992f_4f07_bcd0_a3815b27c6ec,,1747215820667,1747215820667,carrera_v2_lap_80687EFE,316,3
,2,9624,39,0:09.624,14.05.2025 11:43:43,,,ui.lap_update,carrera_v2_6b799dd9_992f_4f07_bcd0_a3815b27c6ec,,1747215822886,1747215822886,carrera_v2_lap_80687EFE,187,4
,2,4898,39,0:04.898,14.05.2025 11:43:48,,,ui.lap_update,carrera_v2_6b799dd9_992f_4f07_bcd0_a3815b27c6ec,,1747215827867,1747215827867,carrera_v2_lap_80687EFE,188,4
,2,4683,39,0:04.683,14.05.2025 11:43:53,,,ui.lap_update,carrera_v2_6b799dd9_992f_4f07_bcd0_a3815b27c6ec,,1747215832546,1747215832546,carrera_v2_lap_80687EFE,189,4
,1,24896,38,0:24.896,14.05.2025 11:44:05,,,ui.lap_update,carrera_v2_6b799dd9_992f_4f07_bcd0_a3815b27c6ec,,1747215845387,1747215845387,carrera_v2_lap_80687EFE,317,3
,1,18276,38,0:18.276,14.05.2025 11:44:24,,,ui.lap_update,carrera_v2_6b799dd9_992f_4f07_bcd0_a3815b27c6ec,,1747215863567,1747215863567,carrera_v2_lap_80687EFE,318,3
,2,32991,39,0:32.991,14.05.2025 11:44:25,,,ui.lap_update,carrera_v2_6b799dd9_992f_4f07_bcd0_a3815b27c6ec,,1747215865366,1747215865366,carrera_v2_lap_80687EFE,190,4
,1,6876,38,0:06.876,14.05.2025 11:44:30,,,ui.lap_update,carrera_v2_6b799dd9_992f_4f07_bcd0_a3815b27c6ec,,1747215870467,1747215870467,carrera_v2_lap_80687EFE,319,3
,2,5838,39,0:05.838,14.05.2025 11:44:31,,,ui.lap_update,carrera_v2_6b799dd9_992f_4f07_bcd0_a3815b27c6ec,,1747215871186,1747215871186,carrera_v2_lap_80687EFE,191,4
,1,6311,38,0:06.311,14.05.2025 11:44:37,,,ui.lap_update,carrera_v2_6b799dd9_992f_4f07_bcd0_a3815b27c6ec,,1747215876767,1747215876767,carrera_v2_lap_80687EFE,320,3
,2,5811,39,0:05.811,14.05.2025 11:44:37,,,ui.lap_update,carrera_v2_6b799dd9_992f_4f07_bcd0_a3815b27c6ec,,1747215877008,1747215877008,carrera_v2_lap_80687EFE,192,4
,2,7223,39,0:07.223,14.05.2025 11:44:44,,,ui.lap_update,carrera_v2_6b799dd9_992f_4f07_bcd0_a3815b27c6ec,,1747215884207,1747215884207,carrera_v2_lap_80687EFE,193,4
,1,9366,38,0:09.366,14.05.2025 11:44:46,,,ui.lap_update,carrera_v2_6b799dd9_992f_4f07_bcd0_a3815b27c6ec,,1747215886127,1747215886127,carrera_v2_lap_80687EFE,321,3
,2,6993,39,0:06.993,14.05.2025 11:44:51,,,ui.lap_update,carrera_v2_6b799dd9_992f_4f07_bcd0_a3815b27c6ec,,1747215891227,1747215891227,carrera_v2_lap_80687EFE,194,4
,1,6912,38,0:06.912,14.05.2025 11:44:53,,,ui.lap_update,carrera_v2_6b799dd9_992f_4f07_bcd0_a3815b27c6ec,,1747215893087,1747215893087,carrera_v2_lap_80687EFE,322,3
,2,5806,39,0:05.806,14.05.2025 11:44:57,,,ui.lap_update,carrera_v2_6b799dd9_992f_4f07_bcd0_a3815b27c6ec,,1747215896928,1747215896928,carrera_v2_lap_80687EFE,195,4
,1,6703,38,0:06.703,14.05.2025 11:45:00,,,ui.lap_update,carrera_v2_6b799dd9_992f_4f07_bcd0_a3815b27c6ec,,1747215899748,1747215899748,carrera_v2_lap_80687EFE,323,3
,2,169737,41,2:49.737,14.05.2025 11:47:46,,,ui.lap_update,carrera_v2_6b799dd9_992f_4f07_bcd0_a3815b27c6ec,,1747216066195,1747216066195,carrera_v2_lap_80687EFE,196,4
,1,169809,40,2:49.809,14.05.2025 11:47:49,,,ui.lap_update,carrera_v2_6b799dd9_992f_4f07_bcd0_a3815b27c6ec,,1747216069071,1747216069071,carrera_v2_lap_80687EFE,324,3
,2,6858,41,0:06.858,14.05.2025 11:47:53,,,ui.lap_update,carrera_v2_6b799dd9_992f_4f07_bcd0_a3815b27c6ec,,1747216073031,1747216073031,carrera_v2_lap_80687EFE,197,4
,2,5816,41,0:05.816,14.05.2025 11:47:59,,,ui.lap_update,carrera_v2_6b799dd9_992f_4f07_bcd0_a3815b27c6ec,,1747216078854,1747216078854,carrera_v2_lap_80687EFE,198,4
,1,10035,40,0:10.035,14.05.2025 11:47:59,,,ui.lap_update,carrera_v2_6b799dd9_992f_4f07_bcd0_a3815b27c6ec,,1747216078971,1747216078971,carrera_v2_lap_80687EFE,325,3
,1,6139,40,0:06.139,14.05.2025 11:48:05,,,ui.lap_update,carrera_v2_6b799dd9_992f_4f07_bcd0_a3815b27c6ec,,1747216085092,1747216085092,carrera_v2_lap_80687EFE,326,3
,2,6400,41,0:06.400,14.05.2025 11:48:05,,,ui.lap_update,carrera_v2_6b799dd9_992f_4f07_bcd0_a3815b27c6ec,,1747216085212,1747216085212,carrera_v2_lap_80687EFE,199,4
,2,5760,41,0:05.760,14.05.2025 11:48:11,,,ui.lap_update,carrera_v2_6b799dd9_992f_4f07_bcd0_a3815b27c6ec,,1747216091032,1747216091032,carrera_v2_lap_80687EFE,200,4
,2,6156,41,0:06.156,14.05.2025 11:48:17,,,ui.lap_update,carrera_v2_6b799dd9_992f_4f07_bcd0_a3815b27c6ec,,1747216097091,1747216097091,carrera_v2_lap_80687EFE,201,4
,1,12727,40,0:12.727,14.05.2025 11:48:18,,,ui.lap_update,carrera_v2_6b799dd9_992f_4f07_bcd0_a3815b27c6ec,,1747216097812,1747216097812,carrera_v2_lap_80687EFE,327,3
,2,5783,41,0:05.783,14.05.2025 11:48:23,,,ui.lap_update,carrera_v2_6b799dd9_992f_4f07_bcd0_a3815b27c6ec,,1747216102913,1747216102913,carrera_v2_lap_80687EFE,202,4
,1,8974,40,0:08.974,14.05.2025 11:48:27,,,ui.lap_update,carrera_v2_6b799dd9_992f_4f07_bcd0_a3815b27c6ec,,1747216106751,1747216106751,carrera_v2_lap_80687EFE,328,3
,2,5510,41,0:05.510,14.05.2025 11:48:28,,,ui.lap_update,carrera_v2_6b799dd9_992f_4f07_bcd0_a3815b27c6ec,,1747216108372,1747216108372,carrera_v2_lap_80687EFE,203,4
,2,5647,41,0:05.647,14.05.2025 11:48:34,,,ui.lap_update,carrera_v2_6b799dd9_992f_4f07_bcd0_a3815b27c6ec,,1747216113952,1747216113952,carrera_v2_lap_80687EFE,204,4
,1,13598,40,0:13.598,14.05.2025 11:48:40,,,ui.lap_update,carrera_v2_6b799dd9_992f_4f07_bcd0_a3815b27c6ec,,1747216120432,1747216120432,carrera_v2_lap_80687EFE,329,3
,2,8705,41,0:08.705,14.05.2025 11:48:43,,,ui.lap_update,carrera_v2_6b799dd9_992f_4f07_bcd0_a3815b27c6ec,,1747216122652,1747216122652,carrera_v2_lap_80687EFE,205,4
,1,6649,40,0:06.649,14.05.2025 11:48:47,,,ui.lap_update,carrera_v2_6b799dd9_992f_4f07_bcd0_a3815b27c6ec,,1747216126973,1747216126973,carrera_v2_lap_80687EFE,330,3
,2,6009,41,0:06.009,14.05.2025 11:48:49,,,ui.lap_update,carrera_v2_6b799dd9_992f_4f07_bcd0_a3815b27c6ec,,1747216128652,1747216128652,carrera_v2_lap_80687EFE,206,4
,2,5371,41,0:05.371,14.05.2025 11:48:54,,,ui.lap_update,carrera_v2_6b799dd9_992f_4f07_bcd0_a3815b27c6ec,,1747216134053,1747216134053,carrera_v2_lap_80687EFE,207,4
,1,7275,40,0:07.275,14.05.2025 11:48:54,,,ui.lap_update,carrera_v2_6b799dd9_992f_4f07_bcd0_a3815b27c6ec,,1747216134173,1747216134173,carrera_v2_lap_80687EFE,331,3
,1,6903,40,0:06.903,14.05.2025 11:49:01,,,ui.lap_update,carrera_v2_6b799dd9_992f_4f07_bcd0_a3815b27c6ec,,1747216141132,1747216141132,carrera_v2_lap_80687EFE,332,3
,2,20933,41,0:20.933,14.05.2025 11:49:15,,,ui.lap_update,carrera_v2_6b799dd9_992f_4f07_bcd0_a3815b27c6ec,,1747216154873,1747216154873,carrera_v2_lap_80687EFE,208,4
,1,16229,40,0:16.229,14.05.2025 11:49:17,,,ui.lap_update,carrera_v2_6b799dd9_992f_4f07_bcd0_a3815b27c6ec,,1747216157273,1747216157273,carrera_v2_lap_80687EFE,333,3
,2,5046,41,0:05.046,14.05.2025 11:49:20,,,ui.lap_update,carrera_v2_6b799dd9_992f_4f07_bcd0_a3815b27c6ec,,1747216159852,1747216159852,carrera_v2_lap_80687EFE,209,4
,2,5746,41,0:05.746,14.05.2025 11:49:26,,,ui.lap_update,carrera_v2_6b799dd9_992f_4f07_bcd0_a3815b27c6ec,,1747216165613,1747216165613,carrera_v2_lap_80687EFE,210,4
,1,8528,40,0:08.528,14.05.2025 11:49:26,,,ui.lap_update,carrera_v2_6b799dd9_992f_4f07_bcd0_a3815b27c6ec,,1747216165737,1747216165737,carrera_v2_lap_80687EFE,334,3
,2,5272,41,0:05.272,14.05.2025 11:49:31,,,ui.lap_update,carrera_v2_6b799dd9_992f_4f07_bcd0_a3815b27c6ec,,1747216170892,1747216170892,carrera_v2_lap_80687EFE,211,4
,2,12022,41,0:12.022,14.05.2025 11:49:43,,,ui.lap_update,carrera_v2_6b799dd9_992f_4f07_bcd0_a3815b27c6ec,,1747216182893,1747216182893,carrera_v2_lap_80687EFE,212,4
,2,5630,41,0:05.630,14.05.2025 11:49:48,,,ui.lap_update,carrera_v2_6b799dd9_992f_4f07_bcd0_a3815b27c6ec,,1747216188415,1747216188415,carrera_v2_lap_80687EFE,213,4
,1,27147,40,0:27.147,14.05.2025 11:49:53,,,ui.lap_update,carrera_v2_6b799dd9_992f_4f07_bcd0_a3815b27c6ec,,1747216192793,1747216192793,carrera_v2_lap_80687EFE,335,3
,2,5646,41,0:05.646,14.05.2025 11:49:54,,,ui.lap_update,carrera_v2_6b799dd9_992f_4f07_bcd0_a3815b27c6ec,,1747216194114,1747216194114,carrera_v2_lap_80687EFE,214,4
,1,6015,40,0:06.015,14.05.2025 11:49:59,,,ui.lap_update,carrera_v2_6b799dd9_992f_4f07_bcd0_a3815b27c6ec,,1747216198853,1747216198853,carrera_v2_lap_80687EFE,336,3
,2,5732,41,0:05.732,14.05.2025 11:50:00,,,ui.lap_update,carrera_v2_6b799dd9_992f_4f07_bcd0_a3815b27c6ec,,1747216199873,1747216199873,carrera_v2_lap_80687EFE,215,4
,2,9357,41,0:09.357,14.05.2025 11:50:09,,,ui.lap_update,carrera_v2_6b799dd9_992f_4f07_bcd0_a3815b27c6ec,,1747216209114,1747216209114,carrera_v2_lap_80687EFE,216,4
,2,5337,41,0:05.337,14.05.2025 11:50:15,,,ui.lap_update,carrera_v2_6b799dd9_992f_4f07_bcd0_a3815b27c6ec,,1747216214514,1747216214514,carrera_v2_lap_80687EFE,217,4
,1,18494,40,0:18.494,14.05.2025 11:50:17,,,ui.lap_update,carrera_v2_6b799dd9_992f_4f07_bcd0_a3815b27c6ec,,1747216217276,1747216217276,carrera_v2_lap_80687EFE,337,3
,2,5255,41,0:05.255,14.05.2025 11:50:20,,,ui.lap_update,carrera_v2_6b799dd9_992f_4f07_bcd0_a3815b27c6ec,,1747216219674,1747216219674,carrera_v2_lap_80687EFE,218,4
,1,6366,40,0:06.366,14.05.2025 11:50:24,,,ui.lap_update,carrera_v2_6b799dd9_992f_4f07_bcd0_a3815b27c6ec,,1747216223634,1747216223634,carrera_v2_lap_80687EFE,338,3
,2,5372,41,0:05.372,14.05.2025 11:50:25,,,ui.lap_update,carrera_v2_6b799dd9_992f_4f07_bcd0_a3815b27c6ec,,1747216225075,1747216225075,carrera_v2_lap_80687EFE,219,4
,1,6263,40,0:06.263,14.05.2025 11:50:30,,,ui.lap_update,carrera_v2_6b799dd9_992f_4f07_bcd0_a3815b27c6ec,,1747216229934,1747216229934,carrera_v2_lap_80687EFE,339,3
,2,5258,41,0:05.258,14.05.2025 11:50:30,,,ui.lap_update,carrera_v2_6b799dd9_992f_4f07_bcd0_a3815b27c6ec,,1747216230294,1747216230294,carrera_v2_lap_80687EFE,220,4
,1,5847,40,0:05.847,14.05.2025 11:50:36,,,ui.lap_update,carrera_v2_6b799dd9_992f_4f07_bcd0_a3815b27c6ec,,1747216235754,1747216235754,carrera_v2_lap_80687EFE,340,3
,2,5497,41,0:05.497,14.05.2025 11:50:36,,,ui.lap_update,carrera_v2_6b799dd9_992f_4f07_bcd0_a3815b27c6ec,,1747216235875,1747216235875,carrera_v2_lap_80687EFE,221,4
,2,7431,41,0:07.431,14.05.2025 11:50:43,,,ui.lap_update,carrera_v2_6b799dd9_992f_4f07_bcd0_a3815b27c6ec,,1747216243134,1747216243134,carrera_v2_lap_80687EFE,222,4
,1,8812,40,0:08.812,14.05.2025 11:50:45,,,ui.lap_update,carrera_v2_6b799dd9_992f_4f07_bcd0_a3815b27c6ec,,1747216244515,1747216244515,carrera_v2_lap_80687EFE,341,3
,2,5082,41,0:05.082,14.05.2025 11:50:48,,,ui.lap_update,carrera_v2_6b799dd9_992f_4f07_bcd0_a3815b27c6ec,,1747216248352,1747216248352,carrera_v2_lap_80687EFE,223,4
,1,6395,40,0:06.395,14.05.2025 11:50:51,,,ui.lap_update,carrera_v2_6b799dd9_992f_4f07_bcd0_a3815b27c6ec,,1747216250814,1747216250814,carrera_v2_lap_80687EFE,342,3
,2,4938,41,0:04.938,14.05.2025 11:50:53,,,ui.lap_update,carrera_v2_6b799dd9_992f_4f07_bcd0_a3815b27c6ec,,1747216253154,1747216253154,carrera_v2_lap_80687EFE,224,4
,1,9528,40,0:09.528,14.05.2025 11:51:00,,,ui.lap_update,carrera_v2_6b799dd9_992f_4f07_bcd0_a3815b27c6ec,,1747216260415,1747216260415,carrera_v2_lap_80687EFE,343,3
,2,8459,41,0:08.459,14.05.2025 11:51:02,,,ui.lap_update,carrera_v2_6b799dd9_992f_4f07_bcd0_a3815b27c6ec,,1747216261615,1747216261615,carrera_v2_lap_80687EFE,225,4
,1,6135,40,0:06.135,14.05.2025 11:51:06,,,ui.lap_update,carrera_v2_6b799dd9_992f_4f07_bcd0_a3815b27c6ec,,1747216266475,1747216266475,carrera_v2_lap_80687EFE,344,3
,2,5040,41,0:05.040,14.05.2025 11:51:07,,,ui.lap_update,carrera_v2_6b799dd9_992f_4f07_bcd0_a3815b27c6ec,,1747216266714,1747216266714,carrera_v2_lap_80687EFE,226,4
,2,5325,41,0:05.325,14.05.2025 11:51:12,,,ui.lap_update,carrera_v2_6b799dd9_992f_4f07_bcd0_a3815b27c6ec,,1747216271995,1747216271995,carrera_v2_lap_80687EFE,227,4
,1,5958,40,0:05.958,14.05.2025 11:51:13,,,ui.lap_update,carrera_v2_6b799dd9_992f_4f07_bcd0_a3815b27c6ec,,1747216272535,1747216272535,carrera_v2_lap_80687EFE,345,3
,2,5310,41,0:05.310,14.05.2025 11:51:17,,,ui.lap_update,carrera_v2_6b799dd9_992f_4f07_bcd0_a3815b27c6ec,,1747216277214,1747216277214,carrera_v2_lap_80687EFE,228,4
,1,5565,40,0:05.565,14.05.2025 11:51:18,,,ui.lap_update,carrera_v2_6b799dd9_992f_4f07_bcd0_a3815b27c6ec,,1747216277936,1747216277936,carrera_v2_lap_80687EFE,346,3
,2,5122,41,0:05.122,14.05.2025 11:51:22,,,ui.lap_update,carrera_v2_6b799dd9_992f_4f07_bcd0_a3815b27c6ec,,1747216282315,1747216282315,carrera_v2_lap_80687EFE,229,4
,1,10101,40,0:10.101,14.05.2025 11:51:28,,,ui.lap_update,carrera_v2_6b799dd9_992f_4f07_bcd0_a3815b27c6ec,,1747216288075,1747216288075,carrera_v2_lap_80687EFE,347,3
,2,7907,41,0:07.907,14.05.2025 11:51:30,,,ui.lap_update,carrera_v2_6b799dd9_992f_4f07_bcd0_a3815b27c6ec,,1747216290175,1747216290175,carrera_v2_lap_80687EFE,230,4
,2,8049,41,0:08.049,14.05.2025 11:51:38,,,ui.lap_update,carrera_v2_6b799dd9_992f_4f07_bcd0_a3815b27c6ec,,1747216298216,1747216298216,carrera_v2_lap_80687EFE,231,4
,2,5297,41,0:05.297,14.05.2025 11:51:44,,,ui.lap_update,carrera_v2_6b799dd9_992f_4f07_bcd0_a3815b27c6ec,,1747216303557,1747216303557,carrera_v2_lap_80687EFE,232,4
,2,5079,41,0:05.079,14.05.2025 11:51:49,,,ui.lap_update,carrera_v2_6b799dd9_992f_4f07_bcd0_a3815b27c6ec,,1747216308596,1747216308596,carrera_v2_lap_80687EFE,233,4
,2,9046,41,0:09.046,14.05.2025 11:51:58,,,ui.lap_update,carrera_v2_6b799dd9_992f_4f07_bcd0_a3815b27c6ec,,1747216317716,1747216317716,carrera_v2_lap_80687EFE,234,4
,1,173803,40,2:53.803,14.05.2025 11:54:21,,,ui.lap_update,carrera_v2_6b799dd9_992f_4f07_bcd0_a3815b27c6ec,,1747216461421,1747216461421,carrera_v2_lap_80687EFE,348,3
,1,56386,42,0:56.386,14.05.2025 11:55:18,,,ui.lap_update,carrera_v2_6b799dd9_992f_4f07_bcd0_a3815b27c6ec,,1747216517581,1747216517581,carrera_v2_lap_80687EFE,349,7
,1,4975,42,0:04.975,14.05.2025 11:55:23,,,ui.lap_update,carrera_v2_6b799dd9_992f_4f07_bcd0_a3815b27c6ec,,1747216522501,1747216522501,carrera_v2_lap_80687EFE,350,7
,1,4656,42,0:04.656,14.05.2025 11:55:27,,,ui.lap_update,carrera_v2_6b799dd9_992f_4f07_bcd0_a3815b27c6ec,,1747216527061,1747216527061,carrera_v2_lap_80687EFE,351,7
,1,11677,42,0:11.677,14.05.2025 11:55:39,,,ui.lap_update,carrera_v2_6b799dd9_992f_4f07_bcd0_a3815b27c6ec,,1747216538761,1747216538761,carrera_v2_lap_80687EFE,352,7
,1,5542,42,0:05.542,14.05.2025 11:55:44,,,ui.lap_update,carrera_v2_6b799dd9_992f_4f07_bcd0_a3815b27c6ec,,1747216544401,1747216544401,carrera_v2_lap_80687EFE,353,7
,1,11421,42,0:11.421,14.05.2025 11:55:56,,,ui.lap_update,carrera_v2_6b799dd9_992f_4f07_bcd0_a3815b27c6ec,,1747216555681,1747216555681,carrera_v2_lap_80687EFE,354,7
,1,5527,42,0:05.527,14.05.2025 11:56:01,,,ui.lap_update,carrera_v2_6b799dd9_992f_4f07_bcd0_a3815b27c6ec,,1747216561203,1747216561203,carrera_v2_lap_80687EFE,355,7
,2,245543,43,4:05.543,14.05.2025 11:56:02,,,ui.lap_update,carrera_v2_6b799dd9_992f_4f07_bcd0_a3815b27c6ec,,1747216562463,1747216562463,carrera_v2_lap_80687EFE,235,4
,1,5164,42,0:05.164,14.05.2025 11:56:06,,,ui.lap_update,carrera_v2_6b799dd9_992f_4f07_bcd0_a3815b27c6ec,,1747216566362,1747216566362,carrera_v2_lap_80687EFE,356,7
,2,14170,43,0:14.170,14.05.2025 11:56:17,,,ui.lap_update,carrera_v2_6b799dd9_992f_4f07_bcd0_a3815b27c6ec,,1747216576501,1747216576501,carrera_v2_lap_80687EFE,236,4
,1,12476,42,0:12.476,14.05.2025 11:56:19,,,ui.lap_update,carrera_v2_6b799dd9_992f_4f07_bcd0_a3815b27c6ec,,1747216578841,1747216578841,carrera_v2_lap_80687EFE,357,7
,1,4957,42,0:04.957,14.05.2025 11:56:24,,,ui.lap_update,carrera_v2_6b799dd9_992f_4f07_bcd0_a3815b27c6ec,,1747216583761,1747216583761,carrera_v2_lap_80687EFE,358,7
,2,12797,43,0:12.797,14.05.2025 11:56:29,,,ui.lap_update,carrera_v2_6b799dd9_992f_4f07_bcd0_a3815b27c6ec,,1747216589341,1747216589341,carrera_v2_lap_80687EFE,237,4
,1,5679,42,0:05.679,14.05.2025 11:56:29,,,ui.lap_update,carrera_v2_6b799dd9_992f_4f07_bcd0_a3815b27c6ec,,1747216589462,1747216589462,carrera_v2_lap_80687EFE,359,7
,2,10924,43,0:10.924,14.05.2025 11:56:40,,,ui.lap_update,carrera_v2_6b799dd9_992f_4f07_bcd0_a3815b27c6ec,,1747216600261,1747216600261,carrera_v2_lap_80687EFE,238,4
,1,14481,42,0:14.481,14.05.2025 11:56:44,,,ui.lap_update,carrera_v2_6b799dd9_992f_4f07_bcd0_a3815b27c6ec,,1747216603803,1747216603803,carrera_v2_lap_80687EFE,360,7
,1,6891,42,0:06.891,14.05.2025 11:56:51,,,ui.lap_update,carrera_v2_6b799dd9_992f_4f07_bcd0_a3815b27c6ec,,1747216610762,1747216610762,carrera_v2_lap_80687EFE,361,7
,2,14715,43,0:14.715,14.05.2025 11:56:55,,,ui.lap_update,carrera_v2_6b799dd9_992f_4f07_bcd0_a3815b27c6ec,,1747216614903,1747216614903,carrera_v2_lap_80687EFE,239,4
,1,13709,42,0:13.709,14.05.2025 11:57:04,,,ui.lap_update,carrera_v2_6b799dd9_992f_4f07_bcd0_a3815b27c6ec,,1747216624322,1747216624322,carrera_v2_lap_80687EFE,362,7
,1,5645,42,0:05.645,14.05.2025 11:57:10,,,ui.lap_update,carrera_v2_6b799dd9_992f_4f07_bcd0_a3815b27c6ec,,1747216629962,1747216629962,carrera_v2_lap_80687EFE,363,7
,1,5199,42,0:05.199,14.05.2025 11:57:15,,,ui.lap_update,carrera_v2_6b799dd9_992f_4f07_bcd0_a3815b27c6ec,,1747216635183,1747216635183,carrera_v2_lap_80687EFE,364,7
,1,5029,42,0:05.029,14.05.2025 11:57:20,,,ui.lap_update,carrera_v2_6b799dd9_992f_4f07_bcd0_a3815b27c6ec,,1747216640163,1747216640163,carrera_v2_lap_80687EFE,365,7
,1,5090,42,0:05.090,14.05.2025 11:57:25,,,ui.lap_update,carrera_v2_6b799dd9_992f_4f07_bcd0_a3815b27c6ec,,1747216645262,1747216645262,carrera_v2_lap_80687EFE,366,7
,1,11800,42,0:11.800,14.05.2025 11:57:37,,,ui.lap_update,carrera_v2_6b799dd9_992f_4f07_bcd0_a3815b27c6ec,,1747216657023,1747216657023,carrera_v2_lap_80687EFE,367,7
,1,10529,42,0:10.529,14.05.2025 11:57:48,,,ui.lap_update,carrera_v2_6b799dd9_992f_4f07_bcd0_a3815b27c6ec,,1747216667584,1747216667584,carrera_v2_lap_80687EFE,368,7
,1,5507,42,0:05.507,14.05.2025 11:57:53,,,ui.lap_update,carrera_v2_6b799dd9_992f_4f07_bcd0_a3815b27c6ec,,1747216673044,1747216673044,carrera_v2_lap_80687EFE,369,7
,1,5494,42,0:05.494,14.05.2025 11:57:58,,,ui.lap_update,carrera_v2_6b799dd9_992f_4f07_bcd0_a3815b27c6ec,,1747216678444,1747216678444,carrera_v2_lap_80687EFE,370,7
,1,5982,42,0:05.982,14.05.2025 11:58:04,,,ui.lap_update,carrera_v2_6b799dd9_992f_4f07_bcd0_a3815b27c6ec,,1747216684443,1747216684443,carrera_v2_lap_80687EFE,371,7
,1,5286,42,0:05.286,14.05.2025 11:58:10,,,ui.lap_update,carrera_v2_6b799dd9_992f_4f07_bcd0_a3815b27c6ec,,1747216689664,1747216689664,carrera_v2_lap_80687EFE,372,7
,1,5249,42,0:05.249,14.05.2025 11:58:15,,,ui.lap_update,carrera_v2_6b799dd9_992f_4f07_bcd0_a3815b27c6ec,,1747216694944,1747216694944,carrera_v2_lap_80687EFE,373,7
,1,5076,42,0:05.076,14.05.2025 11:58:20,,,ui.lap_update,carrera_v2_6b799dd9_992f_4f07_bcd0_a3815b27c6ec,,1747216700044,1747216700044,carrera_v2_lap_80687EFE,374,7
,1,10244,42,0:10.244,14.05.2025 11:58:30,,,ui.lap_update,carrera_v2_6b799dd9_992f_4f07_bcd0_a3815b27c6ec,,1747216710244,1747216710244,carrera_v2_lap_80687EFE,375,7
,1,9600,42,0:09.600,14.05.2025 11:58:40,,,ui.lap_update,carrera_v2_6b799dd9_992f_4f07_bcd0_a3815b27c6ec,,1747216719785,1747216719785,carrera_v2_lap_80687EFE,376,7
,1,23508,42,0:23.508,14.05.2025 11:59:03,,,ui.lap_update,carrera_v2_6b799dd9_992f_4f07_bcd0_a3815b27c6ec,,1747216743306,1747216743306,carrera_v2_lap_80687EFE,377,7
,1,7802,42,0:07.802,14.05.2025 11:59:11,,,ui.lap_update,carrera_v2_6b799dd9_992f_4f07_bcd0_a3815b27c6ec,,1747216751045,1747216751045,carrera_v2_lap_80687EFE,378,7
,1,5490,42,0:05.490,14.05.2025 11:59:17,,,ui.lap_update,carrera_v2_6b799dd9_992f_4f07_bcd0_a3815b27c6ec,,1747216756505,1747216756505,carrera_v2_lap_80687EFE,379,7
,1,6565,42,0:06.565,14.05.2025 11:59:23,,,ui.lap_update,carrera_v2_6b799dd9_992f_4f07_bcd0_a3815b27c6ec,,1747216763046,1747216763046,carrera_v2_lap_80687EFE,380,7
,1,4849,42,0:04.849,14.05.2025 11:59:28,,,ui.lap_update,carrera_v2_6b799dd9_992f_4f07_bcd0_a3815b27c6ec,,1747216767845,1747216767845,carrera_v2_lap_80687EFE,381,7
,1,10080,42,0:10.080,14.05.2025 11:59:38,,,ui.lap_update,carrera_v2_6b799dd9_992f_4f07_bcd0_a3815b27c6ec,,1747216777986,1747216777986,carrera_v2_lap_80687EFE,382,7
,1,9401,42,0:09.401,14.05.2025 11:59:47,,,ui.lap_update,carrera_v2_6b799dd9_992f_4f07_bcd0_a3815b27c6ec,,1747216787286,1747216787286,carrera_v2_lap_80687EFE,383,7
,1,9187,42,0:09.187,14.05.2025 11:59:56,,,ui.lap_update,carrera_v2_6b799dd9_992f_4f07_bcd0_a3815b27c6ec,,1747216796466,1747216796466,carrera_v2_lap_80687EFE,384,7
,1,4998,42,0:04.998,14.05.2025 12:00:01,,,ui.lap_update,carrera_v2_6b799dd9_992f_4f07_bcd0_a3815b27c6ec,,1747216801445,1747216801445,carrera_v2_lap_80687EFE,385,7
,1,5256,42,0:05.256,14.05.2025 12:00:07,,,ui.lap_update,carrera_v2_6b799dd9_992f_4f07_bcd0_a3815b27c6ec,,1747216806727,1747216806727,carrera_v2_lap_80687EFE,386,7
,1,5508,42,0:05.508,14.05.2025 12:00:12,,,ui.lap_update,carrera_v2_6b799dd9_992f_4f07_bcd0_a3815b27c6ec,,1747216812186,1747216812186,carrera_v2_lap_80687EFE,387,7
,1,5568,42,0:05.568,14.05.2025 12:00:18,,,ui.lap_update,carrera_v2_6b799dd9_992f_4f07_bcd0_a3815b27c6ec,,1747216817766,1747216817766,carrera_v2_lap_80687EFE,388,7
,1,5517,42,0:05.517,14.05.2025 12:00:23,,,ui.lap_update,carrera_v2_6b799dd9_992f_4f07_bcd0_a3815b27c6ec,,1747216823227,1747216823227,carrera_v2_lap_80687EFE,389,7
,1,5059,42,0:05.059,14.05.2025 12:00:28,,,ui.lap_update,carrera_v2_6b799dd9_992f_4f07_bcd0_a3815b27c6ec,,1747216828267,1747216828267,carrera_v2_lap_80687EFE,390,7
,1,15644,42,0:15.644,14.05.2025 12:00:44,,,ui.lap_update,carrera_v2_6b799dd9_992f_4f07_bcd0_a3815b27c6ec,,1747216843868,1747216843868,carrera_v2_lap_80687EFE,391,7
,1,11873,42,0:11.873,14.05.2025 12:00:56,,,ui.lap_update,carrera_v2_6b799dd9_992f_4f07_bcd0_a3815b27c6ec,,1747216855748,1747216855748,carrera_v2_lap_80687EFE,392,7
,1,5300,42,0:05.300,14.05.2025 12:01:01,,,ui.lap_update,carrera_v2_6b799dd9_992f_4f07_bcd0_a3815b27c6ec,,1747216861027,1747216861027,carrera_v2_lap_80687EFE,393,7
,1,5629,42,0:05.629,14.05.2025 12:01:07,,,ui.lap_update,carrera_v2_6b799dd9_992f_4f07_bcd0_a3815b27c6ec,,1747216866667,1747216866667,carrera_v2_lap_80687EFE,394,7
,1,5828,42,0:05.828,14.05.2025 12:01:12,,,ui.lap_update,carrera_v2_6b799dd9_992f_4f07_bcd0_a3815b27c6ec,,1747216872427,1747216872427,carrera_v2_lap_80687EFE,395,7
,1,5261,42,0:05.261,14.05.2025 12:01:18,,,ui.lap_update,carrera_v2_6b799dd9_992f_4f07_bcd0_a3815b27c6ec,,1747216877827,1747216877827,carrera_v2_lap_80687EFE,396,7
,1,5983,42,0:05.983,14.05.2025 12:01:24,,,ui.lap_update,carrera_v2_6b799dd9_992f_4f07_bcd0_a3815b27c6ec,,1747216883589,1747216883589,carrera_v2_lap_80687EFE,397,7
,1,5118,42,0:05.118,14.05.2025 12:01:29,,,ui.lap_update,carrera_v2_6b799dd9_992f_4f07_bcd0_a3815b27c6ec,,1747216888749,1747216888749,carrera_v2_lap_80687EFE,398,7
,1,11625,42,0:11.625,14.05.2025 12:01:40,,,ui.lap_update,carrera_v2_6b799dd9_992f_4f07_bcd0_a3815b27c6ec,,1747216900268,1747216900268,carrera_v2_lap_80687EFE,399,7
,1,5405,42,0:05.405,14.05.2025 12:01:46,,,ui.lap_update,carrera_v2_6b799dd9_992f_4f07_bcd0_a3815b27c6ec,,1747216905668,1747216905668,carrera_v2_lap_80687EFE,400,7
,1,5344,42,0:05.344,14.05.2025 12:01:51,,,ui.lap_update,carrera_v2_6b799dd9_992f_4f07_bcd0_a3815b27c6ec,,1747216911009,1747216911009,carrera_v2_lap_80687EFE,401,7
,1,9961,42,0:09.961,14.05.2025 12:02:01,,,ui.lap_update,carrera_v2_6b799dd9_992f_4f07_bcd0_a3815b27c6ec,,1747216921032,1747216921032,carrera_v2_lap_80687EFE,402,7
,1,5361,42,0:05.361,14.05.2025 12:02:06,,,ui.lap_update,carrera_v2_6b799dd9_992f_4f07_bcd0_a3815b27c6ec,,1747216926310,1747216926310,carrera_v2_lap_80687EFE,403,7
,1,5671,42,0:05.671,14.05.2025 12:02:12,,,ui.lap_update,carrera_v2_6b799dd9_992f_4f07_bcd0_a3815b27c6ec,,1747216932009,1747216932009,carrera_v2_lap_80687EFE,404,7
,1,5245,42,0:05.245,14.05.2025 12:02:17,,,ui.lap_update,carrera_v2_6b799dd9_992f_4f07_bcd0_a3815b27c6ec,,1747216937170,1747216937170,carrera_v2_lap_80687EFE,405,7
,1,5619,42,0:05.619,14.05.2025 12:02:23,,,ui.lap_update,carrera_v2_6b799dd9_992f_4f07_bcd0_a3815b27c6ec,,1747216942749,1747216942749,carrera_v2_lap_80687EFE,406,7
,1,13455,42,0:13.455,14.05.2025 12:02:36,,,ui.lap_update,carrera_v2_6b799dd9_992f_4f07_bcd0_a3815b27c6ec,,1747216956189,1747216956189,carrera_v2_lap_80687EFE,407,7
,1,5681,42,0:05.681,14.05.2025 12:02:42,,,ui.lap_update,carrera_v2_6b799dd9_992f_4f07_bcd0_a3815b27c6ec,,1747216961829,1747216961829,carrera_v2_lap_80687EFE,408,7
,1,5493,42,0:05.493,14.05.2025 12:02:47,,,ui.lap_update,carrera_v2_6b799dd9_992f_4f07_bcd0_a3815b27c6ec,,1747216967350,1747216967350,carrera_v2_lap_80687EFE,409,7
,1,5199,42,0:05.199,14.05.2025 12:02:53,,,ui.lap_update,carrera_v2_6b799dd9_992f_4f07_bcd0_a3815b27c6ec,,1747216972569,1747216972569,carrera_v2_lap_80687EFE,410,7
,1,680536,44,11:20.536,14.05.2025 12:14:18,,,ui.lap_update,carrera_v2_6b799dd9_992f_4f07_bcd0_a3815b27c6ec,,1747217658085,1747217658085,carrera_v2_lap_80687EFE,411,7
,2,1039313,45,17:19.313,14.05.2025 12:14:18,,,ui.lap_update,carrera_v2_6b799dd9_992f_4f07_bcd0_a3815b27c6ec,,1747217658206,1747217658206,carrera_v2_lap_80687EFE,240,4
,1,17015,44,0:17.015,14.05.2025 12:14:35,,,ui.lap_update,carrera_v2_6b799dd9_992f_4f07_bcd0_a3815b27c6ec,,1747217675124,1747217675124,carrera_v2_lap_80687EFE,412,7
,2,17222,45,0:17.222,14.05.2025 12:14:35,,,ui.lap_update,carrera_v2_6b799dd9_992f_4f07_bcd0_a3815b27c6ec,,1747217675364,1747217675364,carrera_v2_lap_80687EFE,241,4
,2,6090,45,0:06.090,14.05.2025 12:14:41,,,ui.lap_update,carrera_v2_6b799dd9_992f_4f07_bcd0_a3815b27c6ec,,1747217681424,1747217681424,carrera_v2_lap_80687EFE,242,4
,2,6928,45,0:06.928,14.05.2025 12:14:48,,,ui.lap_update,carrera_v2_6b799dd9_992f_4f07_bcd0_a3815b27c6ec,,1747217688384,1747217688384,carrera_v2_lap_80687EFE,243,4
,2,7796,45,0:07.796,14.05.2025 12:14:56,,,ui.lap_update,carrera_v2_6b799dd9_992f_4f07_bcd0_a3815b27c6ec,,1747217696065,1747217696065,carrera_v2_lap_80687EFE,244,4
,2,22878,45,0:22.878,14.05.2025 12:15:19,,,ui.lap_update,carrera_v2_6b799dd9_992f_4f07_bcd0_a3815b27c6ec,,1747217718986,1747217718986,carrera_v2_lap_80687EFE,245,4
,1,44955,44,0:44.955,14.05.2025 12:15:20,,,ui.lap_update,carrera_v2_6b799dd9_992f_4f07_bcd0_a3815b27c6ec,,1747217719945,1747217719945,carrera_v2_lap_80687EFE,413,7
,2,10734,45,0:10.734,14.05.2025 12:15:30,,,ui.lap_update,carrera_v2_6b799dd9_992f_4f07_bcd0_a3815b27c6ec,,1747217729664,1747217729664,carrera_v2_lap_80687EFE,246,4
,1,12756,44,0:12.756,14.05.2025 12:15:33,,,ui.lap_update,carrera_v2_6b799dd9_992f_4f07_bcd0_a3815b27c6ec,,1747217732665,1747217732665,carrera_v2_lap_80687EFE,414,7
,2,10274,45,0:10.274,14.05.2025 12:15:40,,,ui.lap_update,carrera_v2_6b799dd9_992f_4f07_bcd0_a3815b27c6ec,,1747217739866,1747217739866,carrera_v2_lap_80687EFE,247,4
,1,8641,44,0:08.641,14.05.2025 12:15:41,,,ui.lap_update,carrera_v2_6b799dd9_992f_4f07_bcd0_a3815b27c6ec,,1747217741246,1747217741246,carrera_v2_lap_80687EFE,415,7
,2,7942,45,0:07.942,14.05.2025 12:15:48,,,ui.lap_update,carrera_v2_6b799dd9_992f_4f07_bcd0_a3815b27c6ec,,1747217747786,1747217747786,carrera_v2_lap_80687EFE,248,4
,1,18018,44,0:18.018,14.05.2025 12:15:59,,,ui.lap_update,carrera_v2_6b799dd9_992f_4f07_bcd0_a3815b27c6ec,,1747217759247,1747217759247,carrera_v2_lap_80687EFE,416,7
,2,11788,45,0:11.788,14.05.2025 12:16:00,,,ui.lap_update,carrera_v2_6b799dd9_992f_4f07_bcd0_a3815b27c6ec,,1747217759546,1747217759546,carrera_v2_lap_80687EFE,249,4
,2,6313,45,0:06.313,14.05.2025 12:16:06,,,ui.lap_update,carrera_v2_6b799dd9_992f_4f07_bcd0_a3815b27c6ec,,1747217765785,1747217765785,carrera_v2_lap_80687EFE,250,4
,1,11729,44,0:11.729,14.05.2025 12:16:11,,,ui.lap_update,carrera_v2_6b799dd9_992f_4f07_bcd0_a3815b27c6ec,,1747217770946,1747217770946,carrera_v2_lap_80687EFE,417,7
,2,7431,45,0:07.431,14.05.2025 12:16:13,,,ui.lap_update,carrera_v2_6b799dd9_992f_4f07_bcd0_a3815b27c6ec,,1747217773166,1747217773166,carrera_v2_lap_80687EFE,251,4
,1,9970,44,0:09.970,14.05.2025 12:16:21,,,ui.lap_update,carrera_v2_6b799dd9_992f_4f07_bcd0_a3815b27c6ec,,1747217780846,1747217780846,carrera_v2_lap_80687EFE,418,7
,2,7871,45,0:07.871,14.05.2025 12:16:21,,,ui.lap_update,carrera_v2_6b799dd9_992f_4f07_bcd0_a3815b27c6ec,,1747217781086,1747217781086,carrera_v2_lap_80687EFE,252,4
,1,5846,44,0:05.846,14.05.2025 12:16:27,,,ui.lap_update,carrera_v2_6b799dd9_992f_4f07_bcd0_a3815b27c6ec,,1747217786666,1747217786666,carrera_v2_lap_80687EFE,419,7
,2,5986,45,0:05.986,14.05.2025 12:16:27,,,ui.lap_update,carrera_v2_6b799dd9_992f_4f07_bcd0_a3815b27c6ec,,1747217787086,1747217787086,carrera_v2_lap_80687EFE,253,4
,1,6174,44,0:06.174,14.05.2025 12:16:33,,,ui.lap_update,carrera_v2_6b799dd9_992f_4f07_bcd0_a3815b27c6ec,,1747217792967,1747217792967,carrera_v2_lap_80687EFE,420,7
,2,5871,45,0:05.871,14.05.2025 12:16:33,,,ui.lap_update,carrera_v2_6b799dd9_992f_4f07_bcd0_a3815b27c6ec,,1747217793087,1747217793087,carrera_v2_lap_80687EFE,254,4
,2,18225,45,0:18.225,14.05.2025 12:16:51,,,ui.lap_update,carrera_v2_6b799dd9_992f_4f07_bcd0_a3815b27c6ec,,1747217811029,1747217811029,carrera_v2_lap_80687EFE,255,4
,1,18844,44,0:18.844,14.05.2025 12:16:52,,,ui.lap_update,carrera_v2_6b799dd9_992f_4f07_bcd0_a3815b27c6ec,,1747217811628,1747217811628,carrera_v2_lap_80687EFE,421,7
,1,634,44,0:00.634,14.05.2025 12:16:52,,,ui.lap_update,carrera_v2_6b799dd9_992f_4f07_bcd0_a3815b27c6ec,,1747217812347,1747217812347,carrera_v2_lap_80687EFE,422,7
,2,9093,45,0:09.093,14.05.2025 12:17:00,,,ui.lap_update,carrera_v2_6b799dd9_992f_4f07_bcd0_a3815b27c6ec,,1747217820149,1747217820149,carrera_v2_lap_80687EFE,256,4
,1,8740,44,0:08.740,14.05.2025 12:17:01,,,ui.lap_update,carrera_v2_6b799dd9_992f_4f07_bcd0_a3815b27c6ec,,1747217820988,1747217820988,carrera_v2_lap_80687EFE,423,7
,2,6334,45,0:06.334,14.05.2025 12:17:07,,,ui.lap_update,carrera_v2_6b799dd9_992f_4f07_bcd0_a3815b27c6ec,,1747217826507,1747217826507,carrera_v2_lap_80687EFE,257,4
,1,8734,44,0:08.734,14.05.2025 12:17:10,,,ui.lap_update,carrera_v2_6b799dd9_992f_4f07_bcd0_a3815b27c6ec,,1747217829689,1747217829689,carrera_v2_lap_80687EFE,424,7
,2,6108,45,0:06.108,14.05.2025 12:17:13,,,ui.lap_update,carrera_v2_6b799dd9_992f_4f07_bcd0_a3815b27c6ec,,1747217832507,1747217832507,carrera_v2_lap_80687EFE,258,4
,2,5892,45,0:05.892,14.05.2025 12:17:18,,,ui.lap_update,carrera_v2_6b799dd9_992f_4f07_bcd0_a3815b27c6ec,,1747217838447,1747217838447,carrera_v2_lap_80687EFE,259,4
,1,8951,44,0:08.951,14.05.2025 12:17:19,,,ui.lap_update,carrera_v2_6b799dd9_992f_4f07_bcd0_a3815b27c6ec,,1747217838568,1747217838568,carrera_v2_lap_80687EFE,425,7
,2,5998,45,0:05.998,14.05.2025 12:17:24,,,ui.lap_update,carrera_v2_6b799dd9_992f_4f07_bcd0_a3815b27c6ec,,1747217844389,1747217844389,carrera_v2_lap_80687EFE,260,4
,1,8987,44,0:08.987,14.05.2025 12:17:28,,,ui.lap_update,carrera_v2_6b799dd9_992f_4f07_bcd0_a3815b27c6ec,,1747217847507,1747217847507,carrera_v2_lap_80687EFE,426,7
,2,6124,45,0:06.124,14.05.2025 12:17:31,,,ui.lap_update,carrera_v2_6b799dd9_992f_4f07_bcd0_a3815b27c6ec,,1747217850629,1747217850629,carrera_v2_lap_80687EFE,261,4
,1,12259,44,0:12.259,14.05.2025 12:17:40,,,ui.lap_update,carrera_v2_6b799dd9_992f_4f07_bcd0_a3815b27c6ec,,1747217859809,1747217859809,carrera_v2_lap_80687EFE,427,7
,2,12288,45,0:12.288,14.05.2025 12:17:43,,,ui.lap_update,carrera_v2_6b799dd9_992f_4f07_bcd0_a3815b27c6ec,,1747217862748,1747217862748,carrera_v2_lap_80687EFE,262,4
,1,6220,44,0:06.220,14.05.2025 12:17:46,,,ui.lap_update,carrera_v2_6b799dd9_992f_4f07_bcd0_a3815b27c6ec,,1747217866048,1747217866048,carrera_v2_lap_80687EFE,428,7
,2,7420,45,0:07.420,14.05.2025 12:17:50,,,ui.lap_update,carrera_v2_6b799dd9_992f_4f07_bcd0_a3815b27c6ec,,1747217870189,1747217870189,carrera_v2_lap_80687EFE,263,4
,1,7197,44,0:07.197,14.05.2025 12:17:53,,,ui.lap_update,carrera_v2_6b799dd9_992f_4f07_bcd0_a3815b27c6ec,,1747217873188,1747217873188,carrera_v2_lap_80687EFE,429,7
,2,5403,45,0:05.403,14.05.2025 12:17:56,,,ui.lap_update,carrera_v2_6b799dd9_992f_4f07_bcd0_a3815b27c6ec,,1747217875528,1747217875528,carrera_v2_lap_80687EFE,264,4
,1,6707,44,0:06.707,14.05.2025 12:18:00,,,ui.lap_update,carrera_v2_6b799dd9_992f_4f07_bcd0_a3815b27c6ec,,1747217879849,1747217879849,carrera_v2_lap_80687EFE,430,7
,2,7213,45,0:07.213,14.05.2025 12:18:03,,,ui.lap_update,carrera_v2_6b799dd9_992f_4f07_bcd0_a3815b27c6ec,,1747217882788,1747217882788,carrera_v2_lap_80687EFE,265,4
,1,7030,44,0:07.030,14.05.2025 12:18:07,,,ui.lap_update,carrera_v2_6b799dd9_992f_4f07_bcd0_a3815b27c6ec,,1747217886813,1747217886813,carrera_v2_lap_80687EFE,431,7
,2,6455,45,0:06.455,14.05.2025 12:18:09,,,ui.lap_update,carrera_v2_6b799dd9_992f_4f07_bcd0_a3815b27c6ec,,1747217889208,1747217889208,carrera_v2_lap_80687EFE,266,4
,1,6902,44,0:06.902,14.05.2025 12:18:14,,,ui.lap_update,carrera_v2_6b799dd9_992f_4f07_bcd0_a3815b27c6ec,,1747217893889,1747217893889,carrera_v2_lap_80687EFE,432,7
,2,6563,45,0:06.563,14.05.2025 12:18:16,,,ui.lap_update,carrera_v2_6b799dd9_992f_4f07_bcd0_a3815b27c6ec,,1747217895748,1747217895748,carrera_v2_lap_80687EFE,267,4
,1,6069,44,0:06.069,14.05.2025 12:18:20,,,ui.lap_update,carrera_v2_6b799dd9_992f_4f07_bcd0_a3815b27c6ec,,1747217899770,1747217899770,carrera_v2_lap_80687EFE,433,7
,2,6475,45,0:06.475,14.05.2025 12:18:22,,,ui.lap_update,carrera_v2_6b799dd9_992f_4f07_bcd0_a3815b27c6ec,,1747217902110,1747217902110,carrera_v2_lap_80687EFE,268,4
,1,5780,44,0:05.780,14.05.2025 12:18:26,,,ui.lap_update,carrera_v2_6b799dd9_992f_4f07_bcd0_a3815b27c6ec,,1747217905527,1747217905527,carrera_v2_lap_80687EFE,434,7
,2,6857,45,0:06.857,14.05.2025 12:18:29,,,ui.lap_update,carrera_v2_6b799dd9_992f_4f07_bcd0_a3815b27c6ec,,1747217909009,1747217909009,carrera_v2_lap_80687EFE,269,4
,2,5626,45,0:05.626,14.05.2025 12:18:35,,,ui.lap_update,carrera_v2_6b799dd9_992f_4f07_bcd0_a3815b27c6ec,,1747217914590,1747217914590,carrera_v2_lap_80687EFE,270,4
,1,12120,44,0:12.120,14.05.2025 12:18:38,,,ui.lap_update,carrera_v2_6b799dd9_992f_4f07_bcd0_a3815b27c6ec,,1747217917649,1747217917649,carrera_v2_lap_80687EFE,435,7
,2,5550,45,0:05.550,14.05.2025 12:18:40,,,ui.lap_update,carrera_v2_6b799dd9_992f_4f07_bcd0_a3815b27c6ec,,1747217920111,1747217920111,carrera_v2_lap_80687EFE,271,4
,1,5758,44,0:05.758,14.05.2025 12:18:43,,,ui.lap_update,carrera_v2_6b799dd9_992f_4f07_bcd0_a3815b27c6ec,,1747217923407,1747217923407,carrera_v2_lap_80687EFE,436,7
,2,5715,45,0:05.715,14.05.2025 12:18:46,,,ui.lap_update,carrera_v2_6b799dd9_992f_4f07_bcd0_a3815b27c6ec,,1747217925809,1747217925809,carrera_v2_lap_80687EFE,272,4
,1,7633,44,0:07.633,14.05.2025 12:18:51,,,ui.lap_update,carrera_v2_6b799dd9_992f_4f07_bcd0_a3815b27c6ec,,1747217930910,1747217930910,carrera_v2_lap_80687EFE,437,7
,2,5705,45,0:05.705,14.05.2025 12:18:52,,,ui.lap_update,carrera_v2_6b799dd9_992f_4f07_bcd0_a3815b27c6ec,,1747217931509,1747217931509,carrera_v2_lap_80687EFE,273,4
,1,7080,44,0:07.080,14.05.2025 12:18:58,,,ui.lap_update,carrera_v2_6b799dd9_992f_4f07_bcd0_a3815b27c6ec,,1747217938051,1747217938051,carrera_v2_lap_80687EFE,438,7
,2,6990,45,0:06.990,14.05.2025 12:18:59,,,ui.lap_update,carrera_v2_6b799dd9_992f_4f07_bcd0_a3815b27c6ec,,1747217938529,1747217938529,carrera_v2_lap_80687EFE,274,4
,1,6440,44,0:06.440,14.05.2025 12:19:04,,,ui.lap_update,carrera_v2_6b799dd9_992f_4f07_bcd0_a3815b27c6ec,,1747217944470,1747217944470,carrera_v2_lap_80687EFE,439,7
,2,6731,45,0:06.731,14.05.2025 12:19:05,,,ui.lap_update,carrera_v2_6b799dd9_992f_4f07_bcd0_a3815b27c6ec,,1747217945250,1747217945250,carrera_v2_lap_80687EFE,275,4
,1,6708,44,0:06.708,14.05.2025 12:19:11,,,ui.lap_update,carrera_v2_6b799dd9_992f_4f07_bcd0_a3815b27c6ec,,1747217951310,1747217951310,carrera_v2_lap_80687EFE,440,7
,2,6676,45,0:06.676,14.05.2025 12:19:12,,,ui.lap_update,carrera_v2_6b799dd9_992f_4f07_bcd0_a3815b27c6ec,,1747217951850,1747217951850,carrera_v2_lap_80687EFE,276,4
,1,6301,44,0:06.301,14.05.2025 12:19:17,,,ui.lap_update,carrera_v2_6b799dd9_992f_4f07_bcd0_a3815b27c6ec,,1747217957370,1747217957370,carrera_v2_lap_80687EFE,441,7
,2,5842,45,0:05.842,14.05.2025 12:19:18,,,ui.lap_update,carrera_v2_6b799dd9_992f_4f07_bcd0_a3815b27c6ec,,1747217957729,1747217957729,carrera_v2_lap_80687EFE,277,4
,1,6187,44,0:06.187,14.05.2025 12:19:24,,,ui.lap_update,carrera_v2_6b799dd9_992f_4f07_bcd0_a3815b27c6ec,,1747217963670,1747217963670,carrera_v2_lap_80687EFE,442,7
,2,7036,45,0:07.036,14.05.2025 12:19:25,,,ui.lap_update,carrera_v2_6b799dd9_992f_4f07_bcd0_a3815b27c6ec,,1747217964749,1747217964749,carrera_v2_lap_80687EFE,278,4
,2,401288,47,6:41.288,14.05.2025 12:26:26,,,ui.lap_update,carrera_v2_6b799dd9_992f_4f07_bcd0_a3815b27c6ec,,1747218386379,1747218386379,carrera_v2_lap_80687EFE,279,4
,1,402679,46,6:42.679,14.05.2025 12:26:27,,,ui.lap_update,carrera_v2_6b799dd9_992f_4f07_bcd0_a3815b27c6ec,,1747218386618,1747218386618,carrera_v2_lap_80687EFE,443,7
,2,5517,47,0:05.517,14.05.2025 12:26:32,,,ui.lap_update,carrera_v2_6b799dd9_992f_4f07_bcd0_a3815b27c6ec,,1747218391777,1747218391777,carrera_v2_lap_80687EFE,280,4
,2,6440,47,0:06.440,14.05.2025 12:26:38,,,ui.lap_update,carrera_v2_6b799dd9_992f_4f07_bcd0_a3815b27c6ec,,1747218398199,1747218398199,carrera_v2_lap_80687EFE,281,4
,1,14662,46,0:14.662,14.05.2025 12:26:41,,,ui.lap_update,carrera_v2_6b799dd9_992f_4f07_bcd0_a3815b27c6ec,,1747218401198,1747218401198,carrera_v2_lap_80687EFE,444,7
,2,5407,47,0:05.407,14.05.2025 12:26:44,,,ui.lap_update,carrera_v2_6b799dd9_992f_4f07_bcd0_a3815b27c6ec,,1747218403599,1747218403599,carrera_v2_lap_80687EFE,282,4
,2,5969,47,0:05.969,14.05.2025 12:26:50,,,ui.lap_update,carrera_v2_6b799dd9_992f_4f07_bcd0_a3815b27c6ec,,1747218409599,1747218409599,carrera_v2_lap_80687EFE,283,4
,1,11785,46,0:11.785,14.05.2025 12:26:53,,,ui.lap_update,carrera_v2_6b799dd9_992f_4f07_bcd0_a3815b27c6ec,,1747218413023,1747218413023,carrera_v2_lap_80687EFE,445,7
,2,5293,47,0:05.293,14.05.2025 12:26:55,,,ui.lap_update,carrera_v2_6b799dd9_992f_4f07_bcd0_a3815b27c6ec,,1747218414879,1747218414879,carrera_v2_lap_80687EFE,284,4
,2,5941,47,0:05.941,14.05.2025 12:27:01,,,ui.lap_update,carrera_v2_6b799dd9_992f_4f07_bcd0_a3815b27c6ec,,1747218420820,1747218420820,carrera_v2_lap_80687EFE,285,4
,1,11530,46,0:11.530,14.05.2025 12:27:04,,,ui.lap_update,carrera_v2_6b799dd9_992f_4f07_bcd0_a3815b27c6ec,,1747218424477,1747218424477,carrera_v2_lap_80687EFE,446,7
,2,5385,47,0:05.385,14.05.2025 12:27:06,,,ui.lap_update,carrera_v2_6b799dd9_992f_4f07_bcd0_a3815b27c6ec,,1747218426098,1747218426098,carrera_v2_lap_80687EFE,286,4
,2,5323,47,0:05.323,14.05.2025 12:27:11,,,ui.lap_update,carrera_v2_6b799dd9_992f_4f07_bcd0_a3815b27c6ec,,1747218431500,1747218431500,carrera_v2_lap_80687EFE,287,4
,1,12304,46,0:12.304,14.05.2025 12:27:17,,,ui.lap_update,carrera_v2_6b799dd9_992f_4f07_bcd0_a3815b27c6ec,,1747218436779,1747218436779,carrera_v2_lap_80687EFE,447,7
,2,5392,47,0:05.392,14.05.2025 12:27:17,,,ui.lap_update,carrera_v2_6b799dd9_992f_4f07_bcd0_a3815b27c6ec,,1747218436900,1747218436900,carrera_v2_lap_80687EFE,288,4
,2,5408,47,0:05.408,14.05.2025 12:27:22,,,ui.lap_update,carrera_v2_6b799dd9_992f_4f07_bcd0_a3815b27c6ec,,1747218442359,1747218442359,carrera_v2_lap_80687EFE,289,4
,1,9435,46,0:09.435,14.05.2025 12:27:26,,,ui.lap_update,carrera_v2_6b799dd9_992f_4f07_bcd0_a3815b27c6ec,,1747218446139,1747218446139,carrera_v2_lap_80687EFE,448,7
,2,5348,47,0:05.348,14.05.2025 12:27:28,,,ui.lap_update,carrera_v2_6b799dd9_992f_4f07_bcd0_a3815b27c6ec,,1747218447580,1747218447580,carrera_v2_lap_80687EFE,290,4
,2,5515,47,0:05.515,14.05.2025 12:27:33,,,ui.lap_update,carrera_v2_6b799dd9_992f_4f07_bcd0_a3815b27c6ec,,1747218453099,1747218453099,carrera_v2_lap_80687EFE,291,4
,1,13225,46,0:13.225,14.05.2025 12:27:39,,,ui.lap_update,carrera_v2_6b799dd9_992f_4f07_bcd0_a3815b27c6ec,,1747218459340,1747218459340,carrera_v2_lap_80687EFE,449,7
,1,12176,46,0:12.176,14.05.2025 12:27:52,,,ui.lap_update,carrera_v2_6b799dd9_992f_4f07_bcd0_a3815b27c6ec,,1747218471520,1747218471520,carrera_v2_lap_80687EFE,450,7
,1,10291,46,0:10.291,14.05.2025 12:28:02,,,ui.lap_update,carrera_v2_6b799dd9_992f_4f07_bcd0_a3815b27c6ec,,1747218481780,1747218481780,carrera_v2_lap_80687EFE,451,7
,2,35481,47,0:35.481,14.05.2025 12:28:08,,,ui.lap_update,carrera_v2_6b799dd9_992f_4f07_bcd0_a3815b27c6ec,,1747218488500,1747218488500,carrera_v2_lap_80687EFE,292,4
,1,9216,46,0:09.216,14.05.2025 12:28:11,,,ui.lap_update,carrera_v2_6b799dd9_992f_4f07_bcd0_a3815b27c6ec,,1747218490959,1747218490959,carrera_v2_lap_80687EFE,452,7
,2,5322,47,0:05.322,14.05.2025 12:28:14,,,ui.lap_update,carrera_v2_6b799dd9_992f_4f07_bcd0_a3815b27c6ec,,1747218493779,1747218493779,carrera_v2_lap_80687EFE,293,4
,1,8106,46,0:08.106,14.05.2025 12:28:19,,,ui.lap_update,carrera_v2_6b799dd9_992f_4f07_bcd0_a3815b27c6ec,,1747218498999,1747218498999,carrera_v2_lap_80687EFE,453,7
,2,5398,47,0:05.398,14.05.2025 12:28:19,,,ui.lap_update,carrera_v2_6b799dd9_992f_4f07_bcd0_a3815b27c6ec,,1747218499119,1747218499119,carrera_v2_lap_80687EFE,294,4
,2,5373,47,0:05.373,14.05.2025 12:28:25,,,ui.lap_update,carrera_v2_6b799dd9_992f_4f07_bcd0_a3815b27c6ec,,1747218504520,1747218504520,carrera_v2_lap_80687EFE,295,4
,1,7857,46,0:07.857,14.05.2025 12:28:27,,,ui.lap_update,carrera_v2_6b799dd9_992f_4f07_bcd0_a3815b27c6ec,,1747218506800,1747218506800,carrera_v2_lap_80687EFE,454,7
,2,5362,47,0:05.362,14.05.2025 12:28:30,,,ui.lap_update,carrera_v2_6b799dd9_992f_4f07_bcd0_a3815b27c6ec,,1747218509801,1747218509801,carrera_v2_lap_80687EFE,296,4
,1,8774,46,0:08.774,14.05.2025 12:28:36,,,ui.lap_update,carrera_v2_6b799dd9_992f_4f07_bcd0_a3815b27c6ec,,1747218515621,1747218515621,carrera_v2_lap_80687EFE,455,7
,1,8734,46,0:08.734,14.05.2025 12:28:44,,,ui.lap_update,carrera_v2_6b799dd9_992f_4f07_bcd0_a3815b27c6ec,,1747218524320,1747218524320,carrera_v2_lap_80687EFE,456,7
,2,14630,47,0:14.630,14.05.2025 12:28:44,,,ui.lap_update,carrera_v2_6b799dd9_992f_4f07_bcd0_a3815b27c6ec,,1747218524443,1747218524443,carrera_v2_lap_80687EFE,297,4
,2,11056,47,0:11.056,14.05.2025 12:28:55,,,ui.lap_update,carrera_v2_6b799dd9_992f_4f07_bcd0_a3815b27c6ec,,1747218535481,1747218535481,carrera_v2_lap_80687EFE,298,4
,1,12528,46,0:12.528,14.05.2025 12:28:57,,,ui.lap_update,carrera_v2_6b799dd9_992f_4f07_bcd0_a3815b27c6ec,,1747218536743,1747218536743,carrera_v2_lap_80687EFE,457,7
,1,1028687,48,17:08.687,14.05.2025 12:46:02,,,ui.lap_update,carrera_v2_6b799dd9_992f_4f07_bcd0_a3815b27c6ec,,1747219562402,1747219562402,carrera_v2_lap_80687EFE,458,7
,2,1044030,49,17:24.030,14.05.2025 12:46:16,,,ui.lap_update,carrera_v2_6b799dd9_992f_4f07_bcd0_a3815b27c6ec,,1747219576322,1747219576322,carrera_v2_lap_80687EFE,299,4
,2,19004,49,0:19.004,14.05.2025 12:46:35,,,ui.lap_update,carrera_v2_6b799dd9_992f_4f07_bcd0_a3815b27c6ec,,1747219595341,1747219595341,carrera_v2_lap_80687EFE,300,4
,2,6201,49,0:06.201,14.05.2025 12:46:42,,,ui.lap_update,carrera_v2_6b799dd9_992f_4f07_bcd0_a3815b27c6ec,,1747219601522,1747219601522,carrera_v2_lap_80687EFE,301,4
,1,46042,48,0:46.042,14.05.2025 12:46:48,,,ui.lap_update,carrera_v2_6b799dd9_992f_4f07_bcd0_a3815b27c6ec,,1747219608363,1747219608363,carrera_v2_lap_80687EFE,459,7
,2,16274,49,0:16.274,14.05.2025 12:46:58,,,ui.lap_update,carrera_v2_6b799dd9_992f_4f07_bcd0_a3815b27c6ec,,1747219617664,1747219617664,carrera_v2_lap_80687EFE,302,4
,1,11897,48,0:11.897,14.05.2025 12:47:00,,,ui.lap_update,carrera_v2_6b799dd9_992f_4f07_bcd0_a3815b27c6ec,,1747219620122,1747219620122,carrera_v2_lap_80687EFE,460,7
,2,7148,49,0:07.148,14.05.2025 12:47:05,,,ui.lap_update,carrera_v2_6b799dd9_992f_4f07_bcd0_a3815b27c6ec,,1747219624802,1747219624802,carrera_v2_lap_80687EFE,303,4
,1,5870,48,0:05.870,14.05.2025 12:47:06,,,ui.lap_update,carrera_v2_6b799dd9_992f_4f07_bcd0_a3815b27c6ec,,1747219626002,1747219626002,carrera_v2_lap_80687EFE,461,7
,2,6667,49,0:06.667,14.05.2025 12:47:11,,,ui.lap_update,carrera_v2_6b799dd9_992f_4f07_bcd0_a3815b27c6ec,,1747219631460,1747219631460,carrera_v2_lap_80687EFE,304,4
,1,6037,48,0:06.037,14.05.2025 12:47:12,,,ui.lap_update,carrera_v2_6b799dd9_992f_4f07_bcd0_a3815b27c6ec,,1747219631944,1747219631944,carrera_v2_lap_80687EFE,462,7
,2,9623,49,0:09.623,14.05.2025 12:47:21,,,ui.lap_update,carrera_v2_6b799dd9_992f_4f07_bcd0_a3815b27c6ec,,1747219641123,1747219641123,carrera_v2_lap_80687EFE,305,4
,1,9775,48,0:09.775,14.05.2025 12:47:22,,,ui.lap_update,carrera_v2_6b799dd9_992f_4f07_bcd0_a3815b27c6ec,,1747219641841,1747219641841,carrera_v2_lap_80687EFE,463,7
,2,5804,49,0:05.804,14.05.2025 12:47:27,,,ui.lap_update,carrera_v2_6b799dd9_992f_4f07_bcd0_a3815b27c6ec,,1747219646881,1747219646881,carrera_v2_lap_80687EFE,306,4
,1,6092,48,0:06.092,14.05.2025 12:47:28,,,ui.lap_update,carrera_v2_6b799dd9_992f_4f07_bcd0_a3815b27c6ec,,1747219647842,1747219647842,carrera_v2_lap_80687EFE,464,7
,2,11517,49,0:11.517,14.05.2025 12:47:38,,,ui.lap_update,carrera_v2_6b799dd9_992f_4f07_bcd0_a3815b27c6ec,,1747219658402,1747219658402,carrera_v2_lap_80687EFE,307,4
,1,11030,48,0:11.030,14.05.2025 12:47:39,,,ui.lap_update,carrera_v2_6b799dd9_992f_4f07_bcd0_a3815b27c6ec,,1747219658941,1747219658941,carrera_v2_lap_80687EFE,465,7
,1,9927,48,0:09.927,14.05.2025 12:47:49,,,ui.lap_update,carrera_v2_6b799dd9_992f_4f07_bcd0_a3815b27c6ec,,1747219668722,1747219668722,carrera_v2_lap_80687EFE,466,7
,2,11212,49,0:11.212,14.05.2025 12:47:50,,,ui.lap_update,carrera_v2_6b799dd9_992f_4f07_bcd0_a3815b27c6ec,,1747219669504,1747219669504,carrera_v2_lap_80687EFE,308,4
,1,6306,48,0:06.306,14.05.2025 12:47:55,,,ui.lap_update,carrera_v2_6b799dd9_992f_4f07_bcd0_a3815b27c6ec,,1747219675024,1747219675024,carrera_v2_lap_80687EFE,467,7
,2,6417,49,0:06.417,14.05.2025 12:47:56,,,ui.lap_update,carrera_v2_6b799dd9_992f_4f07_bcd0_a3815b27c6ec,,1747219675861,1747219675861,carrera_v2_lap_80687EFE,309,4
,1,6283,48,0:06.283,14.05.2025 12:48:01,,,ui.lap_update,carrera_v2_6b799dd9_992f_4f07_bcd0_a3815b27c6ec,,1747219681262,1747219681262,carrera_v2_lap_80687EFE,468,7
,2,6511,49,0:06.511,14.05.2025 12:48:02,,,ui.lap_update,carrera_v2_6b799dd9_992f_4f07_bcd0_a3815b27c6ec,,1747219682462,1747219682462,carrera_v2_lap_80687EFE,310,4
,1,5660,48,0:05.660,14.05.2025 12:48:07,,,ui.lap_update,carrera_v2_6b799dd9_992f_4f07_bcd0_a3815b27c6ec,,1747219686903,1747219686903,carrera_v2_lap_80687EFE,469,7
,2,6724,49,0:06.724,14.05.2025 12:48:09,,,ui.lap_update,carrera_v2_6b799dd9_992f_4f07_bcd0_a3815b27c6ec,,1747219689123,1747219689123,carrera_v2_lap_80687EFE,311,4
,1,5668,48,0:05.668,14.05.2025 12:48:13,,,ui.lap_update,carrera_v2_6b799dd9_992f_4f07_bcd0_a3815b27c6ec,,1747219692541,1747219692541,carrera_v2_lap_80687EFE,470,7
,1,5478,48,0:05.478,14.05.2025 12:48:18,,,ui.lap_update,carrera_v2_6b799dd9_992f_4f07_bcd0_a3815b27c6ec,,1747219698004,1747219698004,carrera_v2_lap_80687EFE,471,7
,2,9256,49,0:09.256,14.05.2025 12:48:18,,,ui.lap_update,carrera_v2_6b799dd9_992f_4f07_bcd0_a3815b27c6ec,,1747219698364,1747219698364,carrera_v2_lap_80687EFE,312,4
,1,51945,50,0:51.945,14.05.2025 12:49:10,,,ui.lap_update,carrera_v2_6b799dd9_992f_4f07_bcd0_a3815b27c6ec,,1747219749844,1747219749844,carrera_v2_lap_80687EFE,472,7
,1,16277,50,0:16.277,14.05.2025 12:49:26,,,ui.lap_update,carrera_v2_6b799dd9_992f_4f07_bcd0_a3815b27c6ec,,1747219766044,1747219766044,carrera_v2_lap_80687EFE,473,7
,1,9499,50,0:09.499,14.05.2025 12:49:36,,,ui.lap_update,carrera_v2_6b799dd9_992f_4f07_bcd0_a3815b27c6ec,,1747219775524,1747219775524,carrera_v2_lap_80687EFE,474,7
,1,10177,50,0:10.177,14.05.2025 12:49:46,,,ui.lap_update,carrera_v2_6b799dd9_992f_4f07_bcd0_a3815b27c6ec,,1747219785665,1747219785665,carrera_v2_lap_80687EFE,475,7
,1,9408,50,0:09.408,14.05.2025 12:49:55,,,ui.lap_update,carrera_v2_6b799dd9_992f_4f07_bcd0_a3815b27c6ec,,1747219795026,1747219795026,carrera_v2_lap_80687EFE,476,7
,1,16194,50,0:16.194,14.05.2025 12:50:11,,,ui.lap_update,carrera_v2_6b799dd9_992f_4f07_bcd0_a3815b27c6ec,,1747219811165,1747219811165,carrera_v2_lap_80687EFE,477,7
,1,36339,50,0:36.339,14.05.2025 12:50:47,,,ui.lap_update,carrera_v2_6b799dd9_992f_4f07_bcd0_a3815b27c6ec,,1747219847466,1747219847466,carrera_v2_lap_80687EFE,478,7
,1,7661,50,0:07.661,14.05.2025 12:50:55,,,ui.lap_update,carrera_v2_6b799dd9_992f_4f07_bcd0_a3815b27c6ec,,1747219855027,1747219855027,carrera_v2_lap_80687EFE,479,7
,1,31877,50,0:31.877,14.05.2025 12:51:27,,,ui.lap_update,carrera_v2_6b799dd9_992f_4f07_bcd0_a3815b27c6ec,,1747219886701,1747219886701,carrera_v2_lap_80687EFE,480,7
,1,8722,50,0:08.722,14.05.2025 12:51:35,,,ui.lap_update,carrera_v2_6b799dd9_992f_4f07_bcd0_a3815b27c6ec,,1747219895401,1747219895401,carrera_v2_lap_80687EFE,481,7
,1,136712,50,2:16.712,14.05.2025 12:53:52,,,ui.lap_update,carrera_v2_6b799dd9_992f_4f07_bcd0_a3815b27c6ec,,1747220031719,1747220031719,carrera_v2_lap_80687EFE,482,7
,2,338217,51,5:38.217,14.05.2025 12:53:55,,,ui.lap_update,carrera_v2_6b799dd9_992f_4f07_bcd0_a3815b27c6ec,,1747220035378,1747220035378,carrera_v2_lap_80687EFE,313,4
,1,18468,50,0:18.468,14.05.2025 12:54:10,,,ui.lap_update,carrera_v2_6b799dd9_992f_4f07_bcd0_a3815b27c6ec,,1747220050201,1747220050201,carrera_v2_lap_80687EFE,483,7
,2,19913,51,0:19.913,14.05.2025 12:54:15,,,ui.lap_update,carrera_v2_6b799dd9_992f_4f07_bcd0_a3815b27c6ec,,1747220055300,1747220055300,carrera_v2_lap_80687EFE,314,4
,1,6541,50,0:06.541,14.05.2025 12:54:17,,,ui.lap_update,carrera_v2_6b799dd9_992f_4f07_bcd0_a3815b27c6ec,,1747220056621,1747220056621,carrera_v2_lap_80687EFE,484,7
,1,9619,50,0:09.619,14.05.2025 12:54:26,,,ui.lap_update,carrera_v2_6b799dd9_992f_4f07_bcd0_a3815b27c6ec,,1747220066220,1747220066220,carrera_v2_lap_80687EFE,485,7
,2,13183,51,0:13.183,14.05.2025 12:54:28,,,ui.lap_update,carrera_v2_6b799dd9_992f_4f07_bcd0_a3815b27c6ec,,1747220068380,1747220068380,carrera_v2_lap_80687EFE,315,4
,1,6617,50,0:06.617,14.05.2025 12:54:33,,,ui.lap_update,carrera_v2_6b799dd9_992f_4f07_bcd0_a3815b27c6ec,,1747220072940,1747220072940,carrera_v2_lap_80687EFE,486,7
,2,12439,51,0:12.439,14.05.2025 12:54:41,,,ui.lap_update,carrera_v2_6b799dd9_992f_4f07_bcd0_a3815b27c6ec,,1747220080800,1747220080800,carrera_v2_lap_80687EFE,316,4
,2,9318,51,0:09.318,14.05.2025 12:54:50,,,ui.lap_update,carrera_v2_6b799dd9_992f_4f07_bcd0_a3815b27c6ec,,1747220090101,1747220090101,carrera_v2_lap_80687EFE,317,4
,1,35185,50,0:35.185,14.05.2025 12:55:08,,,ui.lap_update,carrera_v2_6b799dd9_992f_4f07_bcd0_a3815b27c6ec,,1747220107922,1747220107922,carrera_v2_lap_80687EFE,487,7
,2,20631,51,0:20.631,14.05.2025 12:55:11,,,ui.lap_update,carrera_v2_6b799dd9_992f_4f07_bcd0_a3815b27c6ec,,1747220110740,1747220110740,carrera_v2_lap_80687EFE,318,4
,2,11988,51,0:11.988,14.05.2025 12:55:23,,,ui.lap_update,carrera_v2_6b799dd9_992f_4f07_bcd0_a3815b27c6ec,,1747220122679,1747220122679,carrera_v2_lap_80687EFE,319,4
,1,18918,50,0:18.918,14.05.2025 12:55:27,,,ui.lap_update,carrera_v2_6b799dd9_992f_4f07_bcd0_a3815b27c6ec,,1747220126760,1747220126760,carrera_v2_lap_80687EFE,488,7
,2,9281,51,0:09.281,14.05.2025 12:55:32,,,ui.lap_update,carrera_v2_6b799dd9_992f_4f07_bcd0_a3815b27c6ec,,1747220131860,1747220131860,carrera_v2_lap_80687EFE,320,4
,1,5581,50,0:05.581,14.05.2025 12:55:32,,,ui.lap_update,carrera_v2_6b799dd9_992f_4f07_bcd0_a3815b27c6ec,,1747220132339,1747220132339,carrera_v2_lap_80687EFE,489,7
,1,7060,50,0:07.060,14.05.2025 12:55:39,,,ui.lap_update,carrera_v2_6b799dd9_992f_4f07_bcd0_a3815b27c6ec,,1747220139419,1747220139419,carrera_v2_lap_80687EFE,490,7
,2,46625,51,0:46.625,14.05.2025 12:56:18,,,ui.lap_update,carrera_v2_6b799dd9_992f_4f07_bcd0_a3815b27c6ec,,1747220178300,1747220178300,carrera_v2_lap_80687EFE,321,4
,1,40676,50,0:40.676,14.05.2025 12:56:20,,,ui.lap_update,carrera_v2_6b799dd9_992f_4f07_bcd0_a3815b27c6ec,,1747220179864,1747220179864,carrera_v2_lap_80687EFE,491,7
,2,7845,51,0:07.845,14.05.2025 12:56:26,,,ui.lap_update,carrera_v2_6b799dd9_992f_4f07_bcd0_a3815b27c6ec,,1747220186099,1747220186099,carrera_v2_lap_80687EFE,322,4
,1,8467,50,0:08.467,14.05.2025 12:56:28,,,ui.lap_update,carrera_v2_6b799dd9_992f_4f07_bcd0_a3815b27c6ec,,1747220188318,1747220188318,carrera_v2_lap_80687EFE,492,7
,2,8126,51,0:08.126,14.05.2025 12:56:34,,,ui.lap_update,carrera_v2_6b799dd9_992f_4f07_bcd0_a3815b27c6ec,,1747220194260,1747220194260,carrera_v2_lap_80687EFE,323,4
,1,6223,50,0:06.223,14.05.2025 12:56:35,,,ui.lap_update,carrera_v2_6b799dd9_992f_4f07_bcd0_a3815b27c6ec,,1747220194619,1747220194619,carrera_v2_lap_80687EFE,493,7
,1,5752,50,0:05.752,14.05.2025 12:56:40,,,ui.lap_update,carrera_v2_6b799dd9_992f_4f07_bcd0_a3815b27c6ec,,1747220200379,1747220200379,carrera_v2_lap_80687EFE,494,7
,2,7647,51,0:07.647,14.05.2025 12:56:42,,,ui.lap_update,carrera_v2_6b799dd9_992f_4f07_bcd0_a3815b27c6ec,,1747220201879,1747220201879,carrera_v2_lap_80687EFE,324,4
,1,12112,50,0:12.112,14.05.2025 12:56:52,,,ui.lap_update,carrera_v2_6b799dd9_992f_4f07_bcd0_a3815b27c6ec,,1747220212440,1747220212440,carrera_v2_lap_80687EFE,495,7
,2,10836,51,0:10.836,14.05.2025 12:56:53,,,ui.lap_update,carrera_v2_6b799dd9_992f_4f07_bcd0_a3815b27c6ec,,1747220212679,1747220212679,carrera_v2_lap_80687EFE,325,4
,1,8818,50,0:08.818,14.05.2025 12:57:01,,,ui.lap_update,carrera_v2_6b799dd9_992f_4f07_bcd0_a3815b27c6ec,,1747220221141,1747220221141,carrera_v2_lap_80687EFE,496,7
,1,6283,50,0:06.283,14.05.2025 12:57:07,,,ui.lap_update,carrera_v2_6b799dd9_992f_4f07_bcd0_a3815b27c6ec,,1747220227379,1747220227379,carrera_v2_lap_80687EFE,497,7
,1,13351,50,0:13.351,14.05.2025 12:57:21,,,ui.lap_update,carrera_v2_6b799dd9_992f_4f07_bcd0_a3815b27c6ec,,1747220240761,1747220240761,carrera_v2_lap_80687EFE,498,7
,1,6770,50,0:06.770,14.05.2025 12:57:28,,,ui.lap_update,carrera_v2_6b799dd9_992f_4f07_bcd0_a3815b27c6ec,,1747220247541,1747220247541,carrera_v2_lap_80687EFE,499,7
,1,3637,50,0:03.637,14.05.2025 12:57:31,,,ui.lap_update,carrera_v2_6b799dd9_992f_4f07_bcd0_a3815b27c6ec,,1747220251080,1747220251080,carrera_v2_lap_80687EFE,500,7
,1,5750,50,0:05.750,14.05.2025 12:57:37,,,ui.lap_update,carrera_v2_6b799dd9_992f_4f07_bcd0_a3815b27c6ec,,1747220256899,1747220256899,carrera_v2_lap_80687EFE,501,7
,2,51895,51,0:51.895,14.05.2025 12:57:44,,,ui.lap_update,carrera_v2_6b799dd9_992f_4f07_bcd0_a3815b27c6ec,,1747220264458,1747220264458,carrera_v2_lap_80687EFE,326,4
,2,995,51,0:00.995,14.05.2025 12:57:45,,,ui.lap_update,carrera_v2_6b799dd9_992f_4f07_bcd0_a3815b27c6ec,,1747220265418,1747220265418,carrera_v2_lap_80687EFE,327,4
,2,68157,51,1:08.157,14.05.2025 12:59:00,,,ui.lap_update,carrera_v2_6b799dd9_992f_4f07_bcd0_a3815b27c6ec,,1747220340000,1747220340000,carrera_v2_lap_80687EFE,328,4
,2,1138,51,0:01.138,14.05.2025 12:59:01,,,ui.lap_update,carrera_v2_6b799dd9_992f_4f07_bcd0_a3815b27c6ec,,1747220341079,1747220341079,carrera_v2_lap_80687EFE,329,4
,2,1990,51,0:01.990,14.05.2025 12:59:03,,,ui.lap_update,carrera_v2_6b799dd9_992f_4f07_bcd0_a3815b27c6ec,,1747220343058,1747220343058,carrera_v2_lap_80687EFE,330,4
,2,8206,51,0:08.206,14.05.2025 12:59:11,,,ui.lap_update,carrera_v2_6b799dd9_992f_4f07_bcd0_a3815b27c6ec,,1747220351223,1747220351223,carrera_v2_lap_80687EFE,331,4
,1,97786,50,1:37.786,14.05.2025 12:59:21,,,ui.lap_update,carrera_v2_6b799dd9_992f_4f07_bcd0_a3815b27c6ec,,1747220360938,1747220360938,carrera_v2_lap_80687EFE,502,7
,2,9866,51,0:09.866,14.05.2025 12:59:21,,,ui.lap_update,carrera_v2_6b799dd9_992f_4f07_bcd0_a3815b27c6ec,,1747220361179,1747220361179,carrera_v2_lap_80687EFE,332,4
,1,3622,50,0:03.622,14.05.2025 12:59:25,,,ui.lap_update,carrera_v2_6b799dd9_992f_4f07_bcd0_a3815b27c6ec,,1747220364658,1747220364658,carrera_v2_lap_80687EFE,503,7
,2,6436,51,0:06.436,14.05.2025 12:59:28,,,ui.lap_update,carrera_v2_6b799dd9_992f_4f07_bcd0_a3815b27c6ec,,1747220367599,1747220367599,carrera_v2_lap_80687EFE,333,4
,2,10192,51,0:10.192,14.05.2025 12:59:38,,,ui.lap_update,carrera_v2_6b799dd9_992f_4f07_bcd0_a3815b27c6ec,,1747220377738,1747220377738,carrera_v2_lap_80687EFE,334,4
,1,53613,51,0:53.613,14.05.2025 13:00:18,,,ui.lap_update,carrera_v2_6b799dd9_992f_4f07_bcd0_a3815b27c6ec,,1747220417998,1747220417998,carrera_v2_lap_80687EFE,504,7
,1,253994,52,4:13.994,14.05.2025 13:04:42,,,ui.lap_update,carrera_v2_6b799dd9_992f_4f07_bcd0_a3815b27c6ec,,1747220681819,1747220681819,carrera_v2_lap_80687EFE,505,7
,1,1024,52,0:01.024,14.05.2025 13:04:43,,,ui.lap_update,carrera_v2_6b799dd9_992f_4f07_bcd0_a3815b27c6ec,,1747220682778,1747220682778,carrera_v2_lap_80687EFE,506,7
,1,3632,52,0:03.632,14.05.2025 13:04:53,,,ui.lap_update,carrera_v2_6b799dd9_992f_4f07_bcd0_a3815b27c6ec,,1747220693278,1747220693278,carrera_v2_lap_80687EFE,507,7
,2,299273,53,4:59.273,14.05.2025 13:04:53,,,ui.lap_update,carrera_v2_6b799dd9_992f_4f07_bcd0_a3815b27c6ec,,1747220693398,1747220693398,carrera_v2_lap_80687EFE,335,4
,1,8357,52,0:08.357,14.05.2025 13:05:02,,,ui.lap_update,carrera_v2_6b799dd9_992f_4f07_bcd0_a3815b27c6ec,,1747220701617,1747220701617,carrera_v2_lap_80687EFE,508,7
,2,9155,53,0:09.155,14.05.2025 13:05:03,,,ui.lap_update,carrera_v2_6b799dd9_992f_4f07_bcd0_a3815b27c6ec,,1747220702517,1747220702517,carrera_v2_lap_80687EFE,336,4
,1,8408,52,0:08.408,14.05.2025 13:05:10,,,ui.lap_update,carrera_v2_6b799dd9_992f_4f07_bcd0_a3815b27c6ec,,1747220709958,1747220709958,carrera_v2_lap_80687EFE,509,7
,2,11876,53,0:11.876,14.05.2025 13:05:14,,,ui.lap_update,carrera_v2_6b799dd9_992f_4f07_bcd0_a3815b27c6ec,,1747220714397,1747220714397,carrera_v2_lap_80687EFE,337,4
,1,9821,52,0:09.821,14.05.2025 13:05:20,,,ui.lap_update,carrera_v2_6b799dd9_992f_4f07_bcd0_a3815b27c6ec,,1747220719738,1747220719738,carrera_v2_lap_80687EFE,510,7
,2,5830,53,0:05.830,14.05.2025 13:05:20,,,ui.lap_update,carrera_v2_6b799dd9_992f_4f07_bcd0_a3815b27c6ec,,1747220720217,1747220720217,carrera_v2_lap_80687EFE,338,4
,2,9539,53,0:09.539,14.05.2025 13:05:30,,,ui.lap_update,carrera_v2_6b799dd9_992f_4f07_bcd0_a3815b27c6ec,,1747220729757,1747220729757,carrera_v2_lap_80687EFE,339,4
,1,10099,52,0:10.099,14.05.2025 13:05:30,,,ui.lap_update,carrera_v2_6b799dd9_992f_4f07_bcd0_a3815b27c6ec,,1747220729877,1747220729877,carrera_v2_lap_80687EFE,511,7
,2,9539,53,0:09.539,14.05.2025 13:05:39,,,ui.lap_update,carrera_v2_6b799dd9_992f_4f07_bcd0_a3815b27c6ec,,1747220739296,1747220739296,carrera_v2_lap_80687EFE,340,4
,1,12044,52,0:12.044,14.05.2025 13:05:42,,,ui.lap_update,carrera_v2_6b799dd9_992f_4f07_bcd0_a3815b27c6ec,,1747220741937,1747220741937,carrera_v2_lap_80687EFE,512,7
,2,7746,53,0:07.746,14.05.2025 13:05:47,,,ui.lap_update,carrera_v2_6b799dd9_992f_4f07_bcd0_a3815b27c6ec,,1747220746977,1747220746977,carrera_v2_lap_80687EFE,341,4
,1,11934,52,0:11.934,14.05.2025 13:05:54,,,ui.lap_update,carrera_v2_6b799dd9_992f_4f07_bcd0_a3815b27c6ec,,1747220753817,1747220753817,carrera_v2_lap_80687EFE,513,7
,2,11463,53,0:11.463,14.05.2025 13:05:58,,,ui.lap_update,carrera_v2_6b799dd9_992f_4f07_bcd0_a3815b27c6ec,,1747220758437,1747220758437,carrera_v2_lap_80687EFE,342,4
,1,8987,52,0:08.987,14.05.2025 13:06:03,,,ui.lap_update,carrera_v2_6b799dd9_992f_4f07_bcd0_a3815b27c6ec,,1747220762758,1747220762758,carrera_v2_lap_80687EFE,514,7
,2,7254,53,0:07.254,14.05.2025 13:06:06,,,ui.lap_update,carrera_v2_6b799dd9_992f_4f07_bcd0_a3815b27c6ec,,1747220765576,1747220765576,carrera_v2_lap_80687EFE,343,4
,1,7340,52,0:07.340,14.05.2025 13:06:10,,,ui.lap_update,carrera_v2_6b799dd9_992f_4f07_bcd0_a3815b27c6ec,,1747220770016,1747220770016,carrera_v2_lap_80687EFE,515,7
,2,6852,53,0:06.852,14.05.2025 13:06:13,,,ui.lap_update,carrera_v2_6b799dd9_992f_4f07_bcd0_a3815b27c6ec,,1747220772536,1747220772536,carrera_v2_lap_80687EFE,344,4
,1,7554,52,0:07.554,14.05.2025 13:06:18,,,ui.lap_update,carrera_v2_6b799dd9_992f_4f07_bcd0_a3815b27c6ec,,1747220777516,1747220777516,carrera_v2_lap_80687EFE,516,7
,2,9034,53,0:09.034,14.05.2025 13:06:21,,,ui.lap_update,carrera_v2_6b799dd9_992f_4f07_bcd0_a3815b27c6ec,,1747220781477,1747220781477,carrera_v2_lap_80687EFE,345,4
,1,8115,52,0:08.115,14.05.2025 13:06:26,,,ui.lap_update,carrera_v2_6b799dd9_992f_4f07_bcd0_a3815b27c6ec,,1747220785677,1747220785677,carrera_v2_lap_80687EFE,517,7
,2,7293,53,0:07.293,14.05.2025 13:06:29,,,ui.lap_update,carrera_v2_6b799dd9_992f_4f07_bcd0_a3815b27c6ec,,1747220788677,1747220788677,carrera_v2_lap_80687EFE,346,4
,1,7702,52,0:07.702,14.05.2025 13:06:33,,,ui.lap_update,carrera_v2_6b799dd9_992f_4f07_bcd0_a3815b27c6ec,,1747220793358,1747220793358,carrera_v2_lap_80687EFE,518,7
,2,7479,53,0:07.479,14.05.2025 13:06:36,,,ui.lap_update,carrera_v2_6b799dd9_992f_4f07_bcd0_a3815b27c6ec,,1747220796177,1747220796177,carrera_v2_lap_80687EFE,347,4
,1,10555,52,0:10.555,14.05.2025 13:06:44,,,ui.lap_update,carrera_v2_6b799dd9_992f_4f07_bcd0_a3815b27c6ec,,1747220803797,1747220803797,carrera_v2_lap_80687EFE,519,7
,2,10214,53,0:10.214,14.05.2025 13:06:46,,,ui.lap_update,carrera_v2_6b799dd9_992f_4f07_bcd0_a3815b27c6ec,,1747220806376,1747220806376,carrera_v2_lap_80687EFE,348,4
,1,9511,52,0:09.511,14.05.2025 13:06:53,,,ui.lap_update,carrera_v2_6b799dd9_992f_4f07_bcd0_a3815b27c6ec,,1747220813277,1747220813277,carrera_v2_lap_80687EFE,520,7
,2,7200,53,0:07.200,14.05.2025 13:06:54,,,ui.lap_update,carrera_v2_6b799dd9_992f_4f07_bcd0_a3815b27c6ec,,1747220813517,1747220813517,carrera_v2_lap_80687EFE,349,4
,2,7242,53,0:07.242,14.05.2025 13:07:01,,,ui.lap_update,carrera_v2_6b799dd9_992f_4f07_bcd0_a3815b27c6ec,,1747220820777,1747220820777,carrera_v2_lap_80687EFE,350,4
,1,7592,52,0:07.592,14.05.2025 13:07:01,,,ui.lap_update,carrera_v2_6b799dd9_992f_4f07_bcd0_a3815b27c6ec,,1747220820897,1747220820897,carrera_v2_lap_80687EFE,521,7
,1,7177,52,0:07.177,14.05.2025 13:07:08,,,ui.lap_update,carrera_v2_6b799dd9_992f_4f07_bcd0_a3815b27c6ec,,1747220828097,1747220828097,carrera_v2_lap_80687EFE,522,7
,2,12962,53,0:12.962,14.05.2025 13:07:14,,,ui.lap_update,carrera_v2_6b799dd9_992f_4f07_bcd0_a3815b27c6ec,,1747220833677,1747220833677,carrera_v2_lap_80687EFE,351,4
,1,7089,52,0:07.089,14.05.2025 13:07:15,,,ui.lap_update,carrera_v2_6b799dd9_992f_4f07_bcd0_a3815b27c6ec,,1747220835058,1747220835058,carrera_v2_lap_80687EFE,523,7
,2,7971,53,0:07.971,14.05.2025 13:07:22,,,ui.lap_update,carrera_v2_6b799dd9_992f_4f07_bcd0_a3815b27c6ec,,1747220841598,1747220841598,carrera_v2_lap_80687EFE,352,4
,1,7018,52,0:07.018,14.05.2025 13:07:22,,,ui.lap_update,carrera_v2_6b799dd9_992f_4f07_bcd0_a3815b27c6ec,,1747220842137,1747220842137,carrera_v2_lap_80687EFE,524,7
,2,6256,53,0:06.256,14.05.2025 13:07:28,,,ui.lap_update,carrera_v2_6b799dd9_992f_4f07_bcd0_a3815b27c6ec,,1747220847897,1747220847897,carrera_v2_lap_80687EFE,353,4
,1,10891,52,0:10.891,14.05.2025 13:07:33,,,ui.lap_update,carrera_v2_6b799dd9_992f_4f07_bcd0_a3815b27c6ec,,1747220853058,1747220853058,carrera_v2_lap_80687EFE,525,7
,2,6398,53,0:06.398,14.05.2025 13:07:34,,,ui.lap_update,carrera_v2_6b799dd9_992f_4f07_bcd0_a3815b27c6ec,,1747220854257,1747220854257,carrera_v2_lap_80687EFE,354,4
,1,6309,52,0:06.309,14.05.2025 13:07:39,,,ui.lap_update,carrera_v2_6b799dd9_992f_4f07_bcd0_a3815b27c6ec,,1747220859297,1747220859297,carrera_v2_lap_80687EFE,526,7
,2,6024,53,0:06.024,14.05.2025 13:07:40,,,ui.lap_update,carrera_v2_6b799dd9_992f_4f07_bcd0_a3815b27c6ec,,1747220860258,1747220860258,carrera_v2_lap_80687EFE,355,4
,1,6176,52,0:06.176,14.05.2025 13:07:45,,,ui.lap_update,carrera_v2_6b799dd9_992f_4f07_bcd0_a3815b27c6ec,,1747220865416,1747220865416,carrera_v2_lap_80687EFE,527,7
,2,5785,53,0:05.785,14.05.2025 13:07:46,,,ui.lap_update,carrera_v2_6b799dd9_992f_4f07_bcd0_a3815b27c6ec,,1747220866017,1747220866017,carrera_v2_lap_80687EFE,356,4
,1,5879,52,0:05.879,14.05.2025 13:07:51,,,ui.lap_update,carrera_v2_6b799dd9_992f_4f07_bcd0_a3815b27c6ec,,1747220871237,1747220871237,carrera_v2_lap_80687EFE,528,7
,2,5352,53,0:05.352,14.05.2025 13:07:51,,,ui.lap_update,carrera_v2_6b799dd9_992f_4f07_bcd0_a3815b27c6ec,,1747220871357,1747220871357,carrera_v2_lap_80687EFE,357,4
,1,8335,52,0:08.335,14.05.2025 13:08:00,,,ui.lap_update,carrera_v2_6b799dd9_992f_4f07_bcd0_a3815b27c6ec,,1747220879637,1747220879637,carrera_v2_lap_80687EFE,529,7
,2,8318,53,0:08.318,14.05.2025 13:08:00,,,ui.lap_update,carrera_v2_6b799dd9_992f_4f07_bcd0_a3815b27c6ec,,1747220879757,1747220879757,carrera_v2_lap_80687EFE,358,4
,1,8719,52,0:08.719,14.05.2025 13:08:08,,,ui.lap_update,carrera_v2_6b799dd9_992f_4f07_bcd0_a3815b27c6ec,,1747220888338,1747220888338,carrera_v2_lap_80687EFE,530,7
,2,447311,55,7:27.311,14.05.2025 13:15:26,,,ui.lap_update,carrera_v2_6b799dd9_992f_4f07_bcd0_a3815b27c6ec,,1747221325558,1747221325558,carrera_v2_lap_80687EFE,359,6
,2,19,55,0:00.019,14.05.2025 13:15:26,,,ui.lap_update,carrera_v2_6b799dd9_992f_4f07_bcd0_a3815b27c6ec,,1747221325683,1747221325683,carrera_v2_lap_80687EFE,360,6
,2,2535,55,0:02.535,14.05.2025 13:15:28,,,ui.lap_update,carrera_v2_6b799dd9_992f_4f07_bcd0_a3815b27c6ec,,1747221328136,1747221328136,carrera_v2_lap_80687EFE,361,6
,2,3820,55,0:03.820,14.05.2025 13:15:32,,,ui.lap_update,carrera_v2_6b799dd9_992f_4f07_bcd0_a3815b27c6ec,,1747221331914,1747221331914,carrera_v2_lap_80687EFE,362,6
,2,5082,55,0:05.082,14.05.2025 13:15:37,,,ui.lap_update,carrera_v2_6b799dd9_992f_4f07_bcd0_a3815b27c6ec,,1747221337018,1747221337018,carrera_v2_lap_80687EFE,363,6
,2,203,55,0:00.203,14.05.2025 13:15:37,,,ui.lap_update,carrera_v2_6b799dd9_992f_4f07_bcd0_a3815b27c6ec,,1747221337256,1747221337256,carrera_v2_lap_80687EFE,364,6
,1,454613,54,7:34.613,14.05.2025 13:15:42,,,ui.lap_update,carrera_v2_6b799dd9_992f_4f07_bcd0_a3815b27c6ec,,1747221341576,1747221341576,carrera_v2_lap_80687EFE,531,7
,2,7791,55,0:07.791,14.05.2025 13:15:45,,,ui.lap_update,carrera_v2_6b799dd9_992f_4f07_bcd0_a3815b27c6ec,,1747221344995,1747221344995,carrera_v2_lap_80687EFE,365,6
,2,27102,55,0:27.102,14.05.2025 13:16:12,,,ui.lap_update,carrera_v2_6b799dd9_992f_4f07_bcd0_a3815b27c6ec,,1747221371997,1747221371997,carrera_v2_lap_80687EFE,366,6
,1,31281,54,0:31.281,14.05.2025 13:16:13,,,ui.lap_update,carrera_v2_6b799dd9_992f_4f07_bcd0_a3815b27c6ec,,1747221372777,1747221372777,carrera_v2_lap_80687EFE,532,7
,1,9706,54,0:09.706,14.05.2025 13:16:22,,,ui.lap_update,carrera_v2_6b799dd9_992f_4f07_bcd0_a3815b27c6ec,,1747221382316,1747221382316,carrera_v2_lap_80687EFE,533,7
,2,14865,55,0:14.865,14.05.2025 13:16:27,,,ui.lap_update,carrera_v2_6b799dd9_992f_4f07_bcd0_a3815b27c6ec,,1747221386878,1747221386878,carrera_v2_lap_80687EFE,367,6
,1,7237,54,0:07.237,14.05.2025 13:16:30,,,ui.lap_update,carrera_v2_6b799dd9_992f_4f07_bcd0_a3815b27c6ec,,1747221389577,1747221389577,carrera_v2_lap_80687EFE,534,7
,1,10348,54,0:10.348,14.05.2025 13:16:40,,,ui.lap_update,carrera_v2_6b799dd9_992f_4f07_bcd0_a3815b27c6ec,,1747221399896,1747221399896,carrera_v2_lap_80687EFE,535,7
,2,14173,55,0:14.173,14.05.2025 13:16:41,,,ui.lap_update,carrera_v2_6b799dd9_992f_4f07_bcd0_a3815b27c6ec,,1747221400976,1747221400976,carrera_v2_lap_80687EFE,368,6
,1,8335,54,0:08.335,14.05.2025 13:16:48,,,ui.lap_update,carrera_v2_6b799dd9_992f_4f07_bcd0_a3815b27c6ec,,1747221408176,1747221408176,carrera_v2_lap_80687EFE,536,7
,2,7368,55,0:07.368,14.05.2025 13:16:48,,,ui.lap_update,carrera_v2_6b799dd9_992f_4f07_bcd0_a3815b27c6ec,,1747221408295,1747221408295,carrera_v2_lap_80687EFE,369,6
,2,7672,55,0:07.672,14.05.2025 13:16:56,,,ui.lap_update,carrera_v2_6b799dd9_992f_4f07_bcd0_a3815b27c6ec,,1747221416035,1747221416035,carrera_v2_lap_80687EFE,370,6
,1,8287,54,0:08.287,14.05.2025 13:16:57,,,ui.lap_update,carrera_v2_6b799dd9_992f_4f07_bcd0_a3815b27c6ec,,1747221416517,1747221416517,carrera_v2_lap_80687EFE,537,7
,2,15015,55,0:15.015,14.05.2025 13:17:11,,,ui.lap_update,carrera_v2_6b799dd9_992f_4f07_bcd0_a3815b27c6ec,,1747221430915,1747221430915,carrera_v2_lap_80687EFE,371,6
,1,16621,54,0:16.621,14.05.2025 13:17:13,,,ui.lap_update,carrera_v2_6b799dd9_992f_4f07_bcd0_a3815b27c6ec,,1747221433076,1747221433076,carrera_v2_lap_80687EFE,538,7
,1,7669,54,0:07.669,14.05.2025 13:17:21,,,ui.lap_update,carrera_v2_6b799dd9_992f_4f07_bcd0_a3815b27c6ec,,1747221440756,1747221440756,carrera_v2_lap_80687EFE,539,7
,2,13854,55,0:13.854,14.05.2025 13:17:25,,,ui.lap_update,carrera_v2_6b799dd9_992f_4f07_bcd0_a3815b27c6ec,,1747221444715,1747221444715,carrera_v2_lap_80687EFE,372,6
,1,16677,54,0:16.677,14.05.2025 13:17:37,,,ui.lap_update,carrera_v2_6b799dd9_992f_4f07_bcd0_a3815b27c6ec,,1747221457438,1747221457438,carrera_v2_lap_80687EFE,540,7
,2,15701,55,0:15.701,14.05.2025 13:17:40,,,ui.lap_update,carrera_v2_6b799dd9_992f_4f07_bcd0_a3815b27c6ec,,1747221460375,1747221460375,carrera_v2_lap_80687EFE,373,6
,1,22232,54,0:22.232,14.05.2025 13:18:00,,,ui.lap_update,carrera_v2_6b799dd9_992f_4f07_bcd0_a3815b27c6ec,,1747221479518,1747221479518,carrera_v2_lap_80687EFE,541,7
,2,25808,55,0:25.808,14.05.2025 13:18:06,,,ui.lap_update,carrera_v2_6b799dd9_992f_4f07_bcd0_a3815b27c6ec,,1747221486117,1747221486117,carrera_v2_lap_80687EFE,374,6
,1,8984,54,0:08.984,14.05.2025 13:18:08,,,ui.lap_update,carrera_v2_6b799dd9_992f_4f07_bcd0_a3815b27c6ec,,1747221488457,1747221488457,carrera_v2_lap_80687EFE,542,7
,2,11056,55,0:11.056,14.05.2025 13:18:17,,,ui.lap_update,carrera_v2_6b799dd9_992f_4f07_bcd0_a3815b27c6ec,,1747221497156,1747221497156,carrera_v2_lap_80687EFE,375,6
,1,8979,54,0:08.979,14.05.2025 13:18:17,,,ui.lap_update,carrera_v2_6b799dd9_992f_4f07_bcd0_a3815b27c6ec,,1747221497456,1747221497456,carrera_v2_lap_80687EFE,543,7
,1,7751,54,0:07.751,14.05.2025 13:18:25,,,ui.lap_update,carrera_v2_6b799dd9_992f_4f07_bcd0_a3815b27c6ec,,1747221505075,1747221505075,carrera_v2_lap_80687EFE,544,7
,2,9452,55,0:09.452,14.05.2025 13:18:27,,,ui.lap_update,carrera_v2_6b799dd9_992f_4f07_bcd0_a3815b27c6ec,,1747221506518,1747221506518,carrera_v2_lap_80687EFE,376,6
,1,9865,54,0:09.865,14.05.2025 13:18:35,,,ui.lap_update,carrera_v2_6b799dd9_992f_4f07_bcd0_a3815b27c6ec,,1747221515037,1747221515037,carrera_v2_lap_80687EFE,545,7
,1,10669,54,0:10.669,14.05.2025 13:18:46,,,ui.lap_update,carrera_v2_6b799dd9_992f_4f07_bcd0_a3815b27c6ec,,1747221525656,1747221525656,carrera_v2_lap_80687EFE,546,7
,1,7190,54,0:07.190,14.05.2025 13:18:53,,,ui.lap_update,carrera_v2_6b799dd9_992f_4f07_bcd0_a3815b27c6ec,,1747221532737,1747221532737,carrera_v2_lap_80687EFE,547,7
,1,7747,54,0:07.747,14.05.2025 13:19:01,,,ui.lap_update,carrera_v2_6b799dd9_992f_4f07_bcd0_a3815b27c6ec,,1747221540536,1747221540536,carrera_v2_lap_80687EFE,548,7
,1,30024,54,0:30.024,14.05.2025 13:19:30,,,ui.lap_update,carrera_v2_6b799dd9_992f_4f07_bcd0_a3815b27c6ec,,1747221570416,1747221570416,carrera_v2_lap_80687EFE,549,7
,2,78978,55,1:18.978,14.05.2025 13:19:45,,,ui.lap_update,carrera_v2_6b799dd9_992f_4f07_bcd0_a3815b27c6ec,,1747221585356,1747221585356,carrera_v2_lap_80687EFE,377,6
,1,19634,54,0:19.634,14.05.2025 13:19:50,,,ui.lap_update,carrera_v2_6b799dd9_992f_4f07_bcd0_a3815b27c6ec,,1747221590096,1747221590096,carrera_v2_lap_80687EFE,550,7
,1,7941,54,0:07.941,14.05.2025 13:19:58,,,ui.lap_update,carrera_v2_6b799dd9_992f_4f07_bcd0_a3815b27c6ec,,1747221597958,1747221597958,carrera_v2_lap_80687EFE,551,7
,1,13584,54,0:13.584,14.05.2025 13:20:12,,,ui.lap_update,carrera_v2_6b799dd9_992f_4f07_bcd0_a3815b27c6ec,,1747221611576,1747221611576,carrera_v2_lap_80687EFE,552,7
,1,11025,54,0:11.025,14.05.2025 13:20:22,,,ui.lap_update,carrera_v2_6b799dd9_992f_4f07_bcd0_a3815b27c6ec,,1747221622437,1747221622437,carrera_v2_lap_80687EFE,553,7
,1,14112,54,0:14.112,14.05.2025 13:20:37,,,ui.lap_update,carrera_v2_6b799dd9_992f_4f07_bcd0_a3815b27c6ec,,1747221636595,1747221636595,carrera_v2_lap_80687EFE,554,7
,1,5797,54,0:05.797,14.05.2025 13:20:42,,,ui.lap_update,carrera_v2_6b799dd9_992f_4f07_bcd0_a3815b27c6ec,,1747221642357,1747221642357,carrera_v2_lap_80687EFE,555,7
,1,5698,54,0:05.698,14.05.2025 13:20:48,,,ui.lap_update,carrera_v2_6b799dd9_992f_4f07_bcd0_a3815b27c6ec,,1747221648056,1747221648056,carrera_v2_lap_80687EFE,556,7
,1,4172,54,0:04.172,14.05.2025 13:20:52,,,ui.lap_update,carrera_v2_6b799dd9_992f_4f07_bcd0_a3815b27c6ec,,1747221652135,1747221652135,carrera_v2_lap_80687EFE,557,7
,1,12285,54,0:12.285,14.05.2025 13:21:05,,,ui.lap_update,carrera_v2_6b799dd9_992f_4f07_bcd0_a3815b27c6ec,,1747221664615,1747221664615,carrera_v2_lap_80687EFE,558,7
,1,10629,54,0:10.629,14.05.2025 13:21:15,,,ui.lap_update,carrera_v2_6b799dd9_992f_4f07_bcd0_a3815b27c6ec,,1747221675058,1747221675058,carrera_v2_lap_80687EFE,559,7
,1,53908,54,0:53.908,14.05.2025 13:22:09,,,ui.lap_update,carrera_v2_6b799dd9_992f_4f07_bcd0_a3815b27c6ec,,1747221728696,1747221728696,carrera_v2_lap_80687EFE,560,7
,2,145029,55,2:25.029,14.05.2025 13:22:10,,,ui.lap_update,carrera_v2_6b799dd9_992f_4f07_bcd0_a3815b27c6ec,,1747221729896,1747221729896,carrera_v2_lap_80687EFE,378,6
,1,28981,57,0:28.981,14.05.2025 13:22:38,,,ui.lap_update,carrera_v2_6b799dd9_992f_4f07_bcd0_a3815b27c6ec,,1747221757615,1747221757615,carrera_v2_lap_80687EFE,561,7
,2,30056,56,0:30.056,14.05.2025 13:22:40,,,ui.lap_update,carrera_v2_6b799dd9_992f_4f07_bcd0_a3815b27c6ec,,1747221759896,1747221759896,carrera_v2_lap_80687EFE,379,6
,1,8219,57,0:08.219,14.05.2025 13:22:46,,,ui.lap_update,carrera_v2_6b799dd9_992f_4f07_bcd0_a3815b27c6ec,,1747221765776,1747221765776,carrera_v2_lap_80687EFE,562,7
,1,6937,57,0:06.937,14.05.2025 13:22:53,,,ui.lap_update,carrera_v2_6b799dd9_992f_4f07_bcd0_a3815b27c6ec,,1747221772795,1747221772795,carrera_v2_lap_80687EFE,563,7
,2,20071,56,0:20.071,14.05.2025 13:23:00,,,ui.lap_update,carrera_v2_6b799dd9_992f_4f07_bcd0_a3815b27c6ec,,1747221779935,1747221779935,carrera_v2_lap_80687EFE,380,6
,2,6542,56,0:06.542,14.05.2025 13:23:06,,,ui.lap_update,carrera_v2_6b799dd9_992f_4f07_bcd0_a3815b27c6ec,,1747221786475,1747221786475,carrera_v2_lap_80687EFE,381,6
,1,14190,57,0:14.190,14.05.2025 13:23:07,,,ui.lap_update,carrera_v2_6b799dd9_992f_4f07_bcd0_a3815b27c6ec,,1747221786957,1747221786957,carrera_v2_lap_80687EFE,564,7
,1,6875,57,0:06.875,14.05.2025 13:23:14,,,ui.lap_update,carrera_v2_6b799dd9_992f_4f07_bcd0_a3815b27c6ec,,1747221793732,1747221793732,carrera_v2_lap_80687EFE,565,4
,2,8002,56,0:08.002,14.05.2025 13:23:14,,,ui.lap_update,carrera_v2_6b799dd9_992f_4f07_bcd0_a3815b27c6ec,,1747221794394,1747221794394,carrera_v2_lap_80687EFE,382,6
,1,6887,57,0:06.887,14.05.2025 13:23:21,,,ui.lap_update,carrera_v2_6b799dd9_992f_4f07_bcd0_a3815b27c6ec,,1747221800637,1747221800637,carrera_v2_lap_80687EFE,566,4
,2,11569,56,0:11.569,14.05.2025 13:23:26,,,ui.lap_update,carrera_v2_6b799dd9_992f_4f07_bcd0_a3815b27c6ec,,1747221805916,1747221805916,carrera_v2_lap_80687EFE,383,6
,1,6857,57,0:06.857,14.05.2025 13:23:27,,,ui.lap_update,carrera_v2_6b799dd9_992f_4f07_bcd0_a3815b27c6ec,,1747221807416,1747221807416,carrera_v2_lap_80687EFE,567,4
,2,7667,56,0:07.667,14.05.2025 13:23:34,,,ui.lap_update,carrera_v2_6b799dd9_992f_4f07_bcd0_a3815b27c6ec,,1747221813656,1747221813656,carrera_v2_lap_80687EFE,384,6
,1,6736,57,0:06.736,14.05.2025 13:23:34,,,ui.lap_update,carrera_v2_6b799dd9_992f_4f07_bcd0_a3815b27c6ec,,1747221814136,1747221814136,carrera_v2_lap_80687EFE,568,4
,2,6590,56,0:06.590,14.05.2025 13:23:40,,,ui.lap_update,carrera_v2_6b799dd9_992f_4f07_bcd0_a3815b27c6ec,,1747221820134,1747221820134,carrera_v2_lap_80687EFE,385,6
,1,6667,57,0:06.667,14.05.2025 13:23:41,,,ui.lap_update,carrera_v2_6b799dd9_992f_4f07_bcd0_a3815b27c6ec,,1747221820855,1747221820855,carrera_v2_lap_80687EFE,569,4
,1,6711,57,0:06.711,14.05.2025 13:23:48,,,ui.lap_update,carrera_v2_6b799dd9_992f_4f07_bcd0_a3815b27c6ec,,1747221827576,1747221827576,carrera_v2_lap_80687EFE,570,4
,2,8277,56,0:08.277,14.05.2025 13:23:48,,,ui.lap_update,carrera_v2_6b799dd9_992f_4f07_bcd0_a3815b27c6ec,,1747221828414,1747221828414,carrera_v2_lap_80687EFE,386,6
,1,6676,57,0:06.676,14.05.2025 13:23:54,,,ui.lap_update,carrera_v2_6b799dd9_992f_4f07_bcd0_a3815b27c6ec,,1747221834176,1747221834176,carrera_v2_lap_80687EFE,571,4
,2,8143,56,0:08.143,14.05.2025 13:23:56,,,ui.lap_update,carrera_v2_6b799dd9_992f_4f07_bcd0_a3815b27c6ec,,1747221836455,1747221836455,carrera_v2_lap_80687EFE,387,6
,1,6757,57,0:06.757,14.05.2025 13:24:01,,,ui.lap_update,carrera_v2_6b799dd9_992f_4f07_bcd0_a3815b27c6ec,,1747221840895,1747221840895,carrera_v2_lap_80687EFE,572,4
,2,10761,56,0:10.761,14.05.2025 13:24:07,,,ui.lap_update,carrera_v2_6b799dd9_992f_4f07_bcd0_a3815b27c6ec,,1747221847254,1747221847254,carrera_v2_lap_80687EFE,388,6
,1,6669,57,0:06.669,14.05.2025 13:24:07,,,ui.lap_update,carrera_v2_6b799dd9_992f_4f07_bcd0_a3815b27c6ec,,1747221847495,1747221847495,carrera_v2_lap_80687EFE,573,4
,1,6783,57,0:06.783,14.05.2025 13:24:14,,,ui.lap_update,carrera_v2_6b799dd9_992f_4f07_bcd0_a3815b27c6ec,,1747221854336,1747221854336,carrera_v2_lap_80687EFE,574,4
,2,7118,56,0:07.118,14.05.2025 13:24:14,,,ui.lap_update,carrera_v2_6b799dd9_992f_4f07_bcd0_a3815b27c6ec,,1747221854454,1747221854454,carrera_v2_lap_80687EFE,389,6
,1,6697,57,0:06.697,14.05.2025 13:24:21,,,ui.lap_update,carrera_v2_6b799dd9_992f_4f07_bcd0_a3815b27c6ec,,1747221861054,1747221861054,carrera_v2_lap_80687EFE,575,4
,2,9745,56,0:09.745,14.05.2025 13:24:24,,,ui.lap_update,carrera_v2_6b799dd9_992f_4f07_bcd0_a3815b27c6ec,,1747221864115,1747221864115,carrera_v2_lap_80687EFE,390,6
,1,6662,57,0:06.662,14.05.2025 13:24:28,,,ui.lap_update,carrera_v2_6b799dd9_992f_4f07_bcd0_a3815b27c6ec,,1747221867534,1747221867534,carrera_v2_lap_80687EFE,576,4
,2,7686,56,0:07.686,14.05.2025 13:24:32,,,ui.lap_update,carrera_v2_6b799dd9_992f_4f07_bcd0_a3815b27c6ec,,1747221871675,1747221871675,carrera_v2_lap_80687EFE,391,6
,1,6740,57,0:06.740,14.05.2025 13:24:34,,,ui.lap_update,carrera_v2_6b799dd9_992f_4f07_bcd0_a3815b27c6ec,,1747221874315,1747221874315,carrera_v2_lap_80687EFE,577,4
,2,8034,56,0:08.034,14.05.2025 13:24:40,,,ui.lap_update,carrera_v2_6b799dd9_992f_4f07_bcd0_a3815b27c6ec,,1747221879715,1747221879715,carrera_v2_lap_80687EFE,392,6
,1,6770,57,0:06.770,14.05.2025 13:24:41,,,ui.lap_update,carrera_v2_6b799dd9_992f_4f07_bcd0_a3815b27c6ec,,1747221881095,1747221881095,carrera_v2_lap_80687EFE,578,4
,2,7736,56,0:07.736,14.05.2025 13:24:48,,,ui.lap_update,carrera_v2_6b799dd9_992f_4f07_bcd0_a3815b27c6ec,,1747221887514,1747221887514,carrera_v2_lap_80687EFE,393,6
,1,10513,57,0:10.513,14.05.2025 13:24:52,,,ui.lap_update,carrera_v2_6b799dd9_992f_4f07_bcd0_a3815b27c6ec,,1747221891656,1747221891656,carrera_v2_lap_80687EFE,579,4
,2,8270,56,0:08.270,14.05.2025 13:24:56,,,ui.lap_update,carrera_v2_6b799dd9_992f_4f07_bcd0_a3815b27c6ec,,1747221895616,1747221895616,carrera_v2_lap_80687EFE,394,6
,1,8288,57,0:08.288,14.05.2025 13:25:00,,,ui.lap_update,carrera_v2_6b799dd9_992f_4f07_bcd0_a3815b27c6ec,,1747221899754,1747221899754,carrera_v2_lap_80687EFE,580,4
,2,7560,56,0:07.560,14.05.2025 13:25:03,,,ui.lap_update,carrera_v2_6b799dd9_992f_4f07_bcd0_a3815b27c6ec,,1747221903232,1747221903232,carrera_v2_lap_80687EFE,395,6
,1,7536,57,0:07.536,14.05.2025 13:25:07,,,ui.lap_update,carrera_v2_6b799dd9_992f_4f07_bcd0_a3815b27c6ec,,1747221907316,1747221907316,carrera_v2_lap_80687EFE,581,4
,1,7267,57,0:07.267,14.05.2025 13:25:15,,,ui.lap_update,carrera_v2_6b799dd9_992f_4f07_bcd0_a3815b27c6ec,,1747221914635,1747221914635,carrera_v2_lap_80687EFE,582,4
,1,20916,57,0:20.916,14.05.2025 13:25:35,,,ui.lap_update,carrera_v2_6b799dd9_992f_4f07_bcd0_a3815b27c6ec,,1747221935398,1747221935398,carrera_v2_lap_80687EFE,583,4
,2,189802,56,3:09.802,14.05.2025 13:28:12,,,ui.lap_update,carrera_v2_6b799dd9_992f_4f07_bcd0_a3815b27c6ec,,1747222092475,1747222092475,carrera_v2_lap_80687EFE,396,6
,1,179125,58,2:59.125,14.05.2025 13:28:34,,,ui.lap_update,carrera_v2_6b799dd9_992f_4f07_bcd0_a3815b27c6ec,,1747222114015,1747222114015,carrera_v2_lap_80687EFE,584,4
,1,10049,58,0:10.049,14.05.2025 13:28:44,,,ui.lap_update,carrera_v2_6b799dd9_992f_4f07_bcd0_a3815b27c6ec,,1747222124034,1747222124034,carrera_v2_lap_80687EFE,585,4
,1,7179,58,0:07.179,14.05.2025 13:28:51,,,ui.lap_update,carrera_v2_6b799dd9_992f_4f07_bcd0_a3815b27c6ec,,1747222131174,1747222131174,carrera_v2_lap_80687EFE,586,4
,1,6589,58,0:06.589,14.05.2025 13:28:58,,,ui.lap_update,carrera_v2_6b799dd9_992f_4f07_bcd0_a3815b27c6ec,,1747222137775,1747222137775,carrera_v2_lap_80687EFE,587,4
,1,11668,58,0:11.668,14.05.2025 13:29:09,,,ui.lap_update,carrera_v2_6b799dd9_992f_4f07_bcd0_a3815b27c6ec,,1747222149415,1747222149415,carrera_v2_lap_80687EFE,588,4
,1,20342,58,0:20.342,14.05.2025 13:29:30,,,ui.lap_update,carrera_v2_6b799dd9_992f_4f07_bcd0_a3815b27c6ec,,1747222169640,1747222169640,carrera_v2_lap_80687EFE,589,4
,1,6328,58,0:06.328,14.05.2025 13:29:36,,,ui.lap_update,carrera_v2_6b799dd9_992f_4f07_bcd0_a3815b27c6ec,,1747222175996,1747222175996,carrera_v2_lap_80687EFE,590,4
,1,6488,58,0:06.488,14.05.2025 13:29:42,,,ui.lap_update,carrera_v2_6b799dd9_992f_4f07_bcd0_a3815b27c6ec,,1747222182415,1747222182415,carrera_v2_lap_80687EFE,591,4
,1,2625,58,0:02.625,14.05.2025 13:29:45,,,ui.lap_update,carrera_v2_6b799dd9_992f_4f07_bcd0_a3815b27c6ec,,1747222185234,1747222185234,carrera_v2_lap_80687EFE,592,4
,1,2480,58,0:02.480,14.05.2025 13:29:48,,,ui.lap_update,carrera_v2_6b799dd9_992f_4f07_bcd0_a3815b27c6ec,,1747222187575,1747222187575,carrera_v2_lap_80687EFE,593,4
,1,10942,58,0:10.942,14.05.2025 13:29:58,,,ui.lap_update,carrera_v2_6b799dd9_992f_4f07_bcd0_a3815b27c6ec,,1747222198494,1747222198494,carrera_v2_lap_80687EFE,594,4
,2,116696,56,1:56.696,14.05.2025 13:30:09,,,ui.lap_update,carrera_v2_6b799dd9_992f_4f07_bcd0_a3815b27c6ec,,1747222208874,1747222208874,carrera_v2_lap_80687EFE,397,6
,1,12164,58,0:12.164,14.05.2025 13:30:11,,,ui.lap_update,carrera_v2_6b799dd9_992f_4f07_bcd0_a3815b27c6ec,,1747222210553,1747222210553,carrera_v2_lap_80687EFE,595,4
,2,8648,56,0:08.648,14.05.2025 13:30:17,,,ui.lap_update,carrera_v2_6b799dd9_992f_4f07_bcd0_a3815b27c6ec,,1747222217456,1747222217456,carrera_v2_lap_80687EFE,398,6
,1,11612,58,0:11.612,14.05.2025 13:30:22,,,ui.lap_update,carrera_v2_6b799dd9_992f_4f07_bcd0_a3815b27c6ec,,1747222222134,1747222222134,carrera_v2_lap_80687EFE,596,4
,2,9655,56,0:09.655,14.05.2025 13:30:27,,,ui.lap_update,carrera_v2_6b799dd9_992f_4f07_bcd0_a3815b27c6ec,,1747222227054,1747222227054,carrera_v2_lap_80687EFE,399,6
,1,6067,58,0:06.067,14.05.2025 13:30:28,,,ui.lap_update,carrera_v2_6b799dd9_992f_4f07_bcd0_a3815b27c6ec,,1747222228194,1747222228194,carrera_v2_lap_80687EFE,597,4
,1,21168,58,0:21.168,14.05.2025 13:30:49,,,ui.lap_update,carrera_v2_6b799dd9_992f_4f07_bcd0_a3815b27c6ec,,1747222249315,1747222249315,carrera_v2_lap_80687EFE,598,4
,2,36654,59,0:36.654,14.05.2025 13:31:04,,,ui.lap_update,carrera_v2_6b799dd9_992f_4f07_bcd0_a3815b27c6ec,,1747222263595,1747222263595,carrera_v2_lap_80687EFE,400,6
,1,16377,58,0:16.377,14.05.2025 13:31:06,,,ui.lap_update,carrera_v2_6b799dd9_992f_4f07_bcd0_a3815b27c6ec,,1747222265694,1747222265694,carrera_v2_lap_80687EFE,599,4
,2,8505,59,0:08.505,14.05.2025 13:31:12,,,ui.lap_update,carrera_v2_6b799dd9_992f_4f07_bcd0_a3815b27c6ec,,1747222271994,1747222271994,carrera_v2_lap_80687EFE,401,6
,1,10329,58,0:10.329,14.05.2025 13:31:16,,,ui.lap_update,carrera_v2_6b799dd9_992f_4f07_bcd0_a3815b27c6ec,,1747222275895,1747222275895,carrera_v2_lap_80687EFE,600,4
,2,6956,59,0:06.956,14.05.2025 13:31:19,,,ui.lap_update,carrera_v2_6b799dd9_992f_4f07_bcd0_a3815b27c6ec,,1747222279013,1747222279013,carrera_v2_lap_80687EFE,402,6
,1,6255,58,0:06.255,14.05.2025 13:31:22,,,ui.lap_update,carrera_v2_6b799dd9_992f_4f07_bcd0_a3815b27c6ec,,1747222282194,1747222282194,carrera_v2_lap_80687EFE,601,4
,2,7106,59,0:07.106,14.05.2025 13:31:26,,,ui.lap_update,carrera_v2_6b799dd9_992f_4f07_bcd0_a3815b27c6ec,,1747222286094,1747222286094,carrera_v2_lap_80687EFE,403,6
,1,7289,58,0:07.289,14.05.2025 13:31:30,,,ui.lap_update,carrera_v2_6b799dd9_992f_4f07_bcd0_a3815b27c6ec,,1747222289514,1747222289514,carrera_v2_lap_80687EFE,602,4
,1,37429,58,0:37.429,14.05.2025 13:32:07,,,ui.lap_update,carrera_v2_6b799dd9_992f_4f07_bcd0_a3815b27c6ec,,1747222326716,1747222326716,carrera_v2_lap_80687EFE,603,4
,1,8318,58,0:08.318,14.05.2025 13:32:15,,,ui.lap_update,carrera_v2_6b799dd9_992f_4f07_bcd0_a3815b27c6ec,,1747222334993,1747222334993,carrera_v2_lap_80687EFE,604,4
,2,161556,59,2:41.556,14.05.2025 13:34:07,,,ui.lap_update,carrera_v2_6b799dd9_992f_4f07_bcd0_a3815b27c6ec,,1747222447135,1747222447135,carrera_v2_lap_80687EFE,404,6
,2,6471,59,0:06.471,14.05.2025 13:34:14,,,ui.lap_update,carrera_v2_6b799dd9_992f_4f07_bcd0_a3815b27c6ec,,1747222453615,1747222453615,carrera_v2_lap_80687EFE,405,6
,2,22967,59,0:22.967,14.05.2025 13:34:36,,,ui.lap_update,carrera_v2_6b799dd9_992f_4f07_bcd0_a3815b27c6ec,,1747222476414,1747222476414,carrera_v2_lap_80687EFE,406,6
,2,5995,59,0:05.995,14.05.2025 13:34:42,,,ui.lap_update,carrera_v2_6b799dd9_992f_4f07_bcd0_a3815b27c6ec,,1747222482473,1747222482473,carrera_v2_lap_80687EFE,407,6
,1,199047,59,3:19.047,14.05.2025 13:35:34,,,ui.lap_update,carrera_v2_6b799dd9_992f_4f07_bcd0_a3815b27c6ec,,1747222533595,1747222533595,carrera_v2_lap_80687EFE,605,4
,1,9193,59,0:09.193,14.05.2025 13:35:43,,,ui.lap_update,carrera_v2_6b799dd9_992f_4f07_bcd0_a3815b27c6ec,,1747222542713,1747222542713,carrera_v2_lap_80687EFE,606,4
,1,6219,59,0:06.219,14.05.2025 13:35:49,,,ui.lap_update,carrera_v2_6b799dd9_992f_4f07_bcd0_a3815b27c6ec,,1747222548953,1747222548953,carrera_v2_lap_80687EFE,607,4
,1,9188,59,0:09.188,14.05.2025 13:35:58,,,ui.lap_update,carrera_v2_6b799dd9_992f_4f07_bcd0_a3815b27c6ec,,1747222558072,1747222558072,carrera_v2_lap_80687EFE,608,4
,1,6044,59,0:06.044,14.05.2025 13:36:04,,,ui.lap_update,carrera_v2_6b799dd9_992f_4f07_bcd0_a3815b27c6ec,,1747222564133,1747222564133,carrera_v2_lap_80687EFE,609,4
,1,5730,59,0:05.730,14.05.2025 13:36:10,,,ui.lap_update,carrera_v2_6b799dd9_992f_4f07_bcd0_a3815b27c6ec,,1747222569836,1747222569836,carrera_v2_lap_80687EFE,610,4
,1,5934,59,0:05.934,14.05.2025 13:36:16,,,ui.lap_update,carrera_v2_6b799dd9_992f_4f07_bcd0_a3815b27c6ec,,1747222575712,1747222575712,carrera_v2_lap_80687EFE,611,4
,1,3765,59,0:03.765,14.05.2025 13:36:19,,,ui.lap_update,carrera_v2_6b799dd9_992f_4f07_bcd0_a3815b27c6ec,,1747222579492,1747222579492,carrera_v2_lap_80687EFE,612,4
,1,4926,59,0:04.926,14.05.2025 13:36:24,,,ui.lap_update,carrera_v2_6b799dd9_992f_4f07_bcd0_a3815b27c6ec,,1747222584416,1747222584416,carrera_v2_lap_80687EFE,613,4
,1,2532,59,0:02.532,14.05.2025 13:36:27,,,ui.lap_update,carrera_v2_6b799dd9_992f_4f07_bcd0_a3815b27c6ec,,1747222586874,1747222586874,carrera_v2_lap_80687EFE,614,4
,1,3601,59,0:03.601,14.05.2025 13:36:31,,,ui.lap_update,carrera_v2_6b799dd9_992f_4f07_bcd0_a3815b27c6ec,,1747222590833,1747222590833,carrera_v2_lap_80687EFE,615,4
,1,6046,59,0:06.046,14.05.2025 13:36:37,,,ui.lap_update,carrera_v2_6b799dd9_992f_4f07_bcd0_a3815b27c6ec,,1747222596532,1747222596532,carrera_v2_lap_80687EFE,616,4
,1,2011,59,0:02.011,14.05.2025 13:36:39,,,ui.lap_update,carrera_v2_6b799dd9_992f_4f07_bcd0_a3815b27c6ec,,1747222598513,1747222598513,carrera_v2_lap_80687EFE,617,4
,2,146211,60,2:26.211,14.05.2025 13:37:08,,,ui.lap_update,carrera_v2_6b799dd9_992f_4f07_bcd0_a3815b27c6ec,,1747222628273,1747222628273,carrera_v2_lap_80687EFE,408,6
,1,34440,59,0:34.440,14.05.2025 13:37:13,,,ui.lap_update,carrera_v2_6b799dd9_992f_4f07_bcd0_a3815b27c6ec,,1747222632770,1747222632770,carrera_v2_lap_80687EFE,618,4
,2,10126,60,0:10.126,14.05.2025 13:37:18,,,ui.lap_update,carrera_v2_6b799dd9_992f_4f07_bcd0_a3815b27c6ec,,1747222638342,1747222638342,carrera_v2_lap_80687EFE,409,6
,1,12271,59,0:12.271,14.05.2025 13:37:25,,,ui.lap_update,carrera_v2_6b799dd9_992f_4f07_bcd0_a3815b27c6ec,,1747222645055,1747222645055,carrera_v2_lap_80687EFE,619,4
,2,6784,60,0:06.784,14.05.2025 13:37:25,,,ui.lap_update,carrera_v2_6b799dd9_992f_4f07_bcd0_a3815b27c6ec,,1747222645174,1747222645174,carrera_v2_lap_80687EFE,410,6
,1,11491,59,0:11.491,14.05.2025 13:37:37,,,ui.lap_update,carrera_v2_6b799dd9_992f_4f07_bcd0_a3815b27c6ec,,1747222656568,1747222656568,carrera_v2_lap_80687EFE,620,4
,1,36554,59,0:36.554,14.05.2025 13:38:13,,,ui.lap_update,carrera_v2_6b799dd9_992f_4f07_bcd0_a3815b27c6ec,,1747222692922,1747222692922,carrera_v2_lap_80687EFE,621,4
,2,74786,60,1:14.786,14.05.2025 13:38:40,,,ui.lap_update,carrera_v2_6b799dd9_992f_4f07_bcd0_a3815b27c6ec,,1747222719683,1747222719683,carrera_v2_lap_80687EFE,411,6
,2,14712,60,0:14.712,14.05.2025 13:38:54,,,ui.lap_update,carrera_v2_6b799dd9_992f_4f07_bcd0_a3815b27c6ec,,1747222734322,1747222734322,carrera_v2_lap_80687EFE,412,6
,2,46966,60,0:46.966,14.05.2025 13:39:41,,,ui.lap_update,carrera_v2_6b799dd9_992f_4f07_bcd0_a3815b27c6ec,,1747222781182,1747222781182,carrera_v2_lap_80687EFE,413,7
,1,89390,61,1:29.390,14.05.2025 13:39:42,,,ui.lap_update,carrera_v2_6b799dd9_992f_4f07_bcd0_a3815b27c6ec,,1747222782021,1747222782021,carrera_v2_lap_80687EFE,622,3
,2,10540,60,0:10.540,14.05.2025 13:39:52,,,ui.lap_update,carrera_v2_6b799dd9_992f_4f07_bcd0_a3815b27c6ec,,1747222791621,1747222791621,carrera_v2_lap_80687EFE,414,7
,1,13386,61,0:13.386,14.05.2025 13:39:56,,,ui.lap_update,carrera_v2_6b799dd9_992f_4f07_bcd0_a3815b27c6ec,,1747222795521,1747222795521,carrera_v2_lap_80687EFE,623,3
,2,6728,60,0:06.728,14.05.2025 13:39:59,,,ui.lap_update,carrera_v2_6b799dd9_992f_4f07_bcd0_a3815b27c6ec,,1747222798521,1747222798521,carrera_v2_lap_80687EFE,415,7
,1,8402,61,0:08.402,14.05.2025 13:40:04,,,ui.lap_update,carrera_v2_6b799dd9_992f_4f07_bcd0_a3815b27c6ec,,1747222803740,1747222803740,carrera_v2_lap_80687EFE,624,3
,2,5784,60,0:05.784,14.05.2025 13:40:04,,,ui.lap_update,carrera_v2_6b799dd9_992f_4f07_bcd0_a3815b27c6ec,,1747222804161,1747222804161,carrera_v2_lap_80687EFE,416,7
,2,5658,60,0:05.658,14.05.2025 13:40:10,,,ui.lap_update,carrera_v2_6b799dd9_992f_4f07_bcd0_a3815b27c6ec,,1747222809980,1747222809980,carrera_v2_lap_80687EFE,417,7
,1,6617,61,0:06.617,14.05.2025 13:40:10,,,ui.lap_update,carrera_v2_6b799dd9_992f_4f07_bcd0_a3815b27c6ec,,1747222810340,1747222810340,carrera_v2_lap_80687EFE,625,3
,1,7248,61,0:07.248,14.05.2025 13:40:18,,,ui.lap_update,carrera_v2_6b799dd9_992f_4f07_bcd0_a3815b27c6ec,,1747222817540,1747222817540,carrera_v2_lap_80687EFE,626,3
,2,9350,60,0:09.350,14.05.2025 13:40:19,,,ui.lap_update,carrera_v2_6b799dd9_992f_4f07_bcd0_a3815b27c6ec,,1747222818980,1747222818980,carrera_v2_lap_80687EFE,418,7
,1,7317,61,0:07.317,14.05.2025 13:40:25,,,ui.lap_update,carrera_v2_6b799dd9_992f_4f07_bcd0_a3815b27c6ec,,1747222824861,1747222824861,carrera_v2_lap_80687EFE,627,3
,2,6939,60,0:06.939,14.05.2025 13:40:26,,,ui.lap_update,carrera_v2_6b799dd9_992f_4f07_bcd0_a3815b27c6ec,,1747222826120,1747222826120,carrera_v2_lap_80687EFE,419,7
,1,8702,61,0:08.702,14.05.2025 13:40:34,,,ui.lap_update,carrera_v2_6b799dd9_992f_4f07_bcd0_a3815b27c6ec,,1747222833509,1747222833509,carrera_v2_lap_80687EFE,628,3
,2,13651,60,0:13.651,14.05.2025 13:40:40,,,ui.lap_update,carrera_v2_6b799dd9_992f_4f07_bcd0_a3815b27c6ec,,1747222839559,1747222839559,carrera_v2_lap_80687EFE,420,7
,1,7488,61,0:07.488,14.05.2025 13:40:41,,,ui.lap_update,carrera_v2_6b799dd9_992f_4f07_bcd0_a3815b27c6ec,,1747222841059,1747222841059,carrera_v2_lap_80687EFE,629,3
,2,5947,60,0:05.947,14.05.2025 13:40:46,,,ui.lap_update,carrera_v2_6b799dd9_992f_4f07_bcd0_a3815b27c6ec,,1747222845680,1747222845680,carrera_v2_lap_80687EFE,421,7
,1,6671,61,0:06.671,14.05.2025 13:40:48,,,ui.lap_update,carrera_v2_6b799dd9_992f_4f07_bcd0_a3815b27c6ec,,1747222848019,1747222848019,carrera_v2_lap_80687EFE,630,3
,2,5522,60,0:05.522,14.05.2025 13:40:51,,,ui.lap_update,carrera_v2_6b799dd9_992f_4f07_bcd0_a3815b27c6ec,,1747222851318,1747222851318,carrera_v2_lap_80687EFE,422,7
,1,6506,61,0:06.506,14.05.2025 13:40:54,,,ui.lap_update,carrera_v2_6b799dd9_992f_4f07_bcd0_a3815b27c6ec,,1747222854378,1747222854378,carrera_v2_lap_80687EFE,631,3
,1,8875,61,0:08.875,14.05.2025 13:41:03,,,ui.lap_update,carrera_v2_6b799dd9_992f_4f07_bcd0_a3815b27c6ec,,1747222863198,1747222863198,carrera_v2_lap_80687EFE,632,3
,2,12243,60,0:12.243,14.05.2025 13:41:03,,,ui.lap_update,carrera_v2_6b799dd9_992f_4f07_bcd0_a3815b27c6ec,,1747222863319,1747222863319,carrera_v2_lap_80687EFE,423,7
,2,14955,60,0:14.955,14.05.2025 13:41:18,,,ui.lap_update,carrera_v2_6b799dd9_992f_4f07_bcd0_a3815b27c6ec,,1747222878320,1747222878320,carrera_v2_lap_80687EFE,424,7
,1,15717,61,0:15.717,14.05.2025 13:41:19,,,ui.lap_update,carrera_v2_6b799dd9_992f_4f07_bcd0_a3815b27c6ec,,1747222878678,1747222878678,carrera_v2_lap_80687EFE,633,3
,2,6853,60,0:06.853,14.05.2025 13:41:25,,,ui.lap_update,carrera_v2_6b799dd9_992f_4f07_bcd0_a3815b27c6ec,,1747222885098,1747222885098,carrera_v2_lap_80687EFE,425,7
,1,6581,61,0:06.581,14.05.2025 13:41:25,,,ui.lap_update,carrera_v2_6b799dd9_992f_4f07_bcd0_a3815b27c6ec,,1747222885219,1747222885219,carrera_v2_lap_80687EFE,634,3
,2,6176,60,0:06.176,14.05.2025 13:41:32,,,ui.lap_update,carrera_v2_6b799dd9_992f_4f07_bcd0_a3815b27c6ec,,1747222891519,1747222891519,carrera_v2_lap_80687EFE,426,7
,1,7208,61,0:07.208,14.05.2025 13:41:32,,,ui.lap_update,carrera_v2_6b799dd9_992f_4f07_bcd0_a3815b27c6ec,,1747222892481,1747222892481,carrera_v2_lap_80687EFE,635,3
,2,5777,60,0:05.777,14.05.2025 13:41:37,,,ui.lap_update,carrera_v2_6b799dd9_992f_4f07_bcd0_a3815b27c6ec,,1747222897040,1747222897040,carrera_v2_lap_80687EFE,427,7
,1,7240,61,0:07.240,14.05.2025 13:41:40,,,ui.lap_update,carrera_v2_6b799dd9_992f_4f07_bcd0_a3815b27c6ec,,1747222899621,1747222899621,carrera_v2_lap_80687EFE,636,3
,2,5809,60,0:05.809,14.05.2025 13:41:43,,,ui.lap_update,carrera_v2_6b799dd9_992f_4f07_bcd0_a3815b27c6ec,,1747222902678,1747222902678,carrera_v2_lap_80687EFE,428,7
,1,6439,61,0:06.439,14.05.2025 13:41:46,,,ui.lap_update,carrera_v2_6b799dd9_992f_4f07_bcd0_a3815b27c6ec,,1747222906098,1747222906098,carrera_v2_lap_80687EFE,637,3
,1,7613,61,0:07.613,14.05.2025 13:41:54,,,ui.lap_update,carrera_v2_6b799dd9_992f_4f07_bcd0_a3815b27c6ec,,1747222913780,1747222913780,carrera_v2_lap_80687EFE,638,3
,2,11494,60,0:11.494,14.05.2025 13:41:55,,,ui.lap_update,carrera_v2_6b799dd9_992f_4f07_bcd0_a3815b27c6ec,,1747222914679,1747222914679,carrera_v2_lap_80687EFE,429,7
,1,6512,61,0:06.512,14.05.2025 13:42:00,,,ui.lap_update,carrera_v2_6b799dd9_992f_4f07_bcd0_a3815b27c6ec,,1747222920320,1747222920320,carrera_v2_lap_80687EFE,639,3
,2,6439,60,0:06.439,14.05.2025 13:42:01,,,ui.lap_update,carrera_v2_6b799dd9_992f_4f07_bcd0_a3815b27c6ec,,1747222920560,1747222920560,carrera_v2_lap_80687EFE,430,7
,1,5918,61,0:05.918,14.05.2025 13:42:06,,,ui.lap_update,carrera_v2_6b799dd9_992f_4f07_bcd0_a3815b27c6ec,,1747222926080,1747222926080,carrera_v2_lap_80687EFE,640,3
,2,6322,60,0:06.322,14.05.2025 13:42:07,,,ui.lap_update,carrera_v2_6b799dd9_992f_4f07_bcd0_a3815b27c6ec,,1747222926980,1747222926980,carrera_v2_lap_80687EFE,431,7
,1,5305,61,0:05.305,14.05.2025 13:42:11,,,ui.lap_update,carrera_v2_6b799dd9_992f_4f07_bcd0_a3815b27c6ec,,1747222931421,1747222931421,carrera_v2_lap_80687EFE,641,3
,2,9128,60,0:09.128,14.05.2025 13:42:16,,,ui.lap_update,carrera_v2_6b799dd9_992f_4f07_bcd0_a3815b27c6ec,,1747222936159,1747222936159,carrera_v2_lap_80687EFE,432,7
,1,5901,61,0:05.901,14.05.2025 13:42:17,,,ui.lap_update,carrera_v2_6b799dd9_992f_4f07_bcd0_a3815b27c6ec,,1747222937183,1747222937183,carrera_v2_lap_80687EFE,642,3
,2,16663,60,0:16.663,14.05.2025 13:42:33,,,ui.lap_update,carrera_v2_6b799dd9_992f_4f07_bcd0_a3815b27c6ec,,1747222952720,1747222952720,carrera_v2_lap_80687EFE,433,7
,1,15857,61,0:15.857,14.05.2025 13:42:33,,,ui.lap_update,carrera_v2_6b799dd9_992f_4f07_bcd0_a3815b27c6ec,,1747222952960,1747222952960,carrera_v2_lap_80687EFE,643,3
,2,23995,60,0:23.995,14.05.2025 13:42:56,,,ui.lap_update,carrera_v2_6b799dd9_992f_4f07_bcd0_a3815b27c6ec,,1747222976480,1747222976480,carrera_v2_lap_80687EFE,434,7
,1,24237,61,0:24.237,14.05.2025 13:42:57,,,ui.lap_update,carrera_v2_6b799dd9_992f_4f07_bcd0_a3815b27c6ec,,1747222977319,1747222977319,carrera_v2_lap_80687EFE,644,3
,1,35566,61,0:35.566,14.05.2025 13:43:33,,,ui.lap_update,carrera_v2_6b799dd9_992f_4f07_bcd0_a3815b27c6ec,,1747223012720,1747223012720,carrera_v2_lap_80687EFE,645,3
,1,27930,61,0:27.930,14.05.2025 13:44:00,,,ui.lap_update,carrera_v2_6b799dd9_992f_4f07_bcd0_a3815b27c6ec,,1747223040439,1747223040439,carrera_v2_lap_80687EFE,646,3
,2,64576,60,1:04.576,14.05.2025 13:44:01,,,ui.lap_update,carrera_v2_6b799dd9_992f_4f07_bcd0_a3815b27c6ec,,1747223040918,1747223040918,carrera_v2_lap_80687EFE,435,7
,1,7234,61,0:07.234,14.05.2025 13:44:08,,,ui.lap_update,carrera_v2_6b799dd9_992f_4f07_bcd0_a3815b27c6ec,,1747223047759,1747223047759,carrera_v2_lap_80687EFE,647,3
,2,7247,60,0:07.247,14.05.2025 13:44:08,,,ui.lap_update,carrera_v2_6b799dd9_992f_4f07_bcd0_a3815b27c6ec,,1747223048298,1747223048298,carrera_v2_lap_80687EFE,436,7
,2,6871,60,0:06.871,14.05.2025 13:44:15,,,ui.lap_update,carrera_v2_6b799dd9_992f_4f07_bcd0_a3815b27c6ec,,1747223054958,1747223054958,carrera_v2_lap_80687EFE,437,7
,1,7374,61,0:07.374,14.05.2025 13:44:15,,,ui.lap_update,carrera_v2_6b799dd9_992f_4f07_bcd0_a3815b27c6ec,,1747223055079,1747223055079,carrera_v2_lap_80687EFE,648,3
,2,6713,60,0:06.713,14.05.2025 13:44:22,,,ui.lap_update,carrera_v2_6b799dd9_992f_4f07_bcd0_a3815b27c6ec,,1747223061619,1747223061619,carrera_v2_lap_80687EFE,438,7
,1,10516,61,0:10.516,14.05.2025 13:44:26,,,ui.lap_update,carrera_v2_6b799dd9_992f_4f07_bcd0_a3815b27c6ec,,1747223065518,1747223065518,carrera_v2_lap_80687EFE,649,3
,2,7288,60,0:07.288,14.05.2025 13:44:29,,,ui.lap_update,carrera_v2_6b799dd9_992f_4f07_bcd0_a3815b27c6ec,,1747223068939,1747223068939,carrera_v2_lap_80687EFE,439,7
,1,10677,61,0:10.677,14.05.2025 13:44:36,,,ui.lap_update,carrera_v2_6b799dd9_992f_4f07_bcd0_a3815b27c6ec,,1747223076139,1747223076139,carrera_v2_lap_80687EFE,650,3
,2,8029,60,0:08.029,14.05.2025 13:44:37,,,ui.lap_update,carrera_v2_6b799dd9_992f_4f07_bcd0_a3815b27c6ec,,1747223076918,1747223076918,carrera_v2_lap_80687EFE,440,7
,1,5429,61,0:05.429,14.05.2025 13:44:42,,,ui.lap_update,carrera_v2_6b799dd9_992f_4f07_bcd0_a3815b27c6ec,,1747223081538,1747223081538,carrera_v2_lap_80687EFE,651,3
,1,6531,61,0:06.531,14.05.2025 13:44:48,,,ui.lap_update,carrera_v2_6b799dd9_992f_4f07_bcd0_a3815b27c6ec,,1747223088199,1747223088199,carrera_v2_lap_80687EFE,652,3
,2,12486,60,0:12.486,14.05.2025 13:44:49,,,ui.lap_update,carrera_v2_6b799dd9_992f_4f07_bcd0_a3815b27c6ec,,1747223089398,1747223089398,carrera_v2_lap_80687EFE,441,7
,1,6334,61,0:06.334,14.05.2025 13:44:54,,,ui.lap_update,carrera_v2_6b799dd9_992f_4f07_bcd0_a3815b27c6ec,,1747223094438,1747223094438,carrera_v2_lap_80687EFE,653,3
,2,7991,60,0:07.991,14.05.2025 13:44:57,,,ui.lap_update,carrera_v2_6b799dd9_992f_4f07_bcd0_a3815b27c6ec,,1747223097258,1747223097258,carrera_v2_lap_80687EFE,442,7
,1,6451,61,0:06.451,14.05.2025 13:45:01,,,ui.lap_update,carrera_v2_6b799dd9_992f_4f07_bcd0_a3815b27c6ec,,1747223100801,1747223100801,carrera_v2_lap_80687EFE,654,3
,1,7084,61,0:07.084,14.05.2025 13:45:08,,,ui.lap_update,carrera_v2_6b799dd9_992f_4f07_bcd0_a3815b27c6ec,,1747223107877,1747223107877,carrera_v2_lap_80687EFE,655,3
,2,11406,60,0:11.406,14.05.2025 13:45:09,,,ui.lap_update,carrera_v2_6b799dd9_992f_4f07_bcd0_a3815b27c6ec,,1747223108658,1747223108658,carrera_v2_lap_80687EFE,443,7
,1,7874,61,0:07.874,14.05.2025 13:45:16,,,ui.lap_update,carrera_v2_6b799dd9_992f_4f07_bcd0_a3815b27c6ec,,1747223115798,1747223115798,carrera_v2_lap_80687EFE,656,3
,1,42694,62,0:42.694,14.05.2025 13:45:58,,,ui.lap_update,carrera_v2_6b799dd9_992f_4f07_bcd0_a3815b27c6ec,,1747223158397,1747223158397,carrera_v2_lap_80687EFE,657,3
,2,51152,63,0:51.152,14.05.2025 13:46:00,,,ui.lap_update,carrera_v2_6b799dd9_992f_4f07_bcd0_a3815b27c6ec,,1747223159717,1747223159717,carrera_v2_lap_80687EFE,444,7
,2,12478,63,0:12.478,14.05.2025 13:46:12,,,ui.lap_update,carrera_v2_6b799dd9_992f_4f07_bcd0_a3815b27c6ec,,1747223172138,1747223172138,carrera_v2_lap_80687EFE,445,7
,1,15008,62,0:15.008,14.05.2025 13:46:13,,,ui.lap_update,carrera_v2_6b799dd9_992f_4f07_bcd0_a3815b27c6ec,,1747223173397,1747223173397,carrera_v2_lap_80687EFE,658,3
,1,5821,62,0:05.821,14.05.2025 13:46:19,,,ui.lap_update,carrera_v2_6b799dd9_992f_4f07_bcd0_a3815b27c6ec,,1747223179097,1747223179097,carrera_v2_lap_80687EFE,659,3
,2,8545,63,0:08.545,14.05.2025 13:46:21,,,ui.lap_update,carrera_v2_6b799dd9_992f_4f07_bcd0_a3815b27c6ec,,1747223180779,1747223180779,carrera_v2_lap_80687EFE,446,7
,1,5669,62,0:05.669,14.05.2025 13:46:25,,,ui.lap_update,carrera_v2_6b799dd9_992f_4f07_bcd0_a3815b27c6ec,,1747223184676,1747223184676,carrera_v2_lap_80687EFE,660,3
,2,10433,63,0:10.433,14.05.2025 13:46:31,,,ui.lap_update,carrera_v2_6b799dd9_992f_4f07_bcd0_a3815b27c6ec,,1747223191129,1747223191129,carrera_v2_lap_80687EFE,447,7
,1,6569,62,0:06.569,14.05.2025 13:46:31,,,ui.lap_update,carrera_v2_6b799dd9_992f_4f07_bcd0_a3815b27c6ec,,1747223191338,1747223191338,carrera_v2_lap_80687EFE,661,3
,1,8729,62,0:08.729,14.05.2025 13:46:40,,,ui.lap_update,carrera_v2_6b799dd9_992f_4f07_bcd0_a3815b27c6ec,,1747223200038,1747223200038,carrera_v2_lap_80687EFE,662,3
,2,15043,63,0:15.043,14.05.2025 13:46:46,,,ui.lap_update,carrera_v2_6b799dd9_992f_4f07_bcd0_a3815b27c6ec,,1747223206038,1747223206038,carrera_v2_lap_80687EFE,448,7
,1,6528,62,0:06.528,14.05.2025 13:46:47,,,ui.lap_update,carrera_v2_6b799dd9_992f_4f07_bcd0_a3815b27c6ec,,1747223206637,1747223206637,carrera_v2_lap_80687EFE,663,3
,1,17656,62,0:17.656,14.05.2025 13:47:04,,,ui.lap_update,carrera_v2_6b799dd9_992f_4f07_bcd0_a3815b27c6ec,,1747223224100,1747223224100,carrera_v2_lap_80687EFE,664,3
,2,20177,63,0:20.177,14.05.2025 13:47:06,,,ui.lap_update,carrera_v2_6b799dd9_992f_4f07_bcd0_a3815b27c6ec,,1747223226198,1747223226198,carrera_v2_lap_80687EFE,449,7
,1,7185,62,0:07.185,14.05.2025 13:47:11,,,ui.lap_update,carrera_v2_6b799dd9_992f_4f07_bcd0_a3815b27c6ec,,1747223231297,1747223231297,carrera_v2_lap_80687EFE,665,3
,2,9265,63,0:09.265,14.05.2025 13:47:15,,,ui.lap_update,carrera_v2_6b799dd9_992f_4f07_bcd0_a3815b27c6ec,,1747223235438,1747223235438,carrera_v2_lap_80687EFE,450,7
,1,5365,62,0:05.365,14.05.2025 13:47:17,,,ui.lap_update,carrera_v2_6b799dd9_992f_4f07_bcd0_a3815b27c6ec,,1747223236577,1747223236577,carrera_v2_lap_80687EFE,666,3
,1,7215,62,0:07.215,14.05.2025 13:47:24,,,ui.lap_update,carrera_v2_6b799dd9_992f_4f07_bcd0_a3815b27c6ec,,1747223243836,1747223243836,carrera_v2_lap_80687EFE,667,3
,2,12915,63,0:12.915,14.05.2025 13:47:28,,,ui.lap_update,carrera_v2_6b799dd9_992f_4f07_bcd0_a3815b27c6ec,,1747223248216,1747223248216,carrera_v2_lap_80687EFE,451,7
,1,5348,62,0:05.348,14.05.2025 13:47:29,,,ui.lap_update,carrera_v2_6b799dd9_992f_4f07_bcd0_a3815b27c6ec,,1747223249177,1747223249177,carrera_v2_lap_80687EFE,668,3
,2,6722,63,0:06.722,14.05.2025 13:47:35,,,ui.lap_update,carrera_v2_6b799dd9_992f_4f07_bcd0_a3815b27c6ec,,1747223254996,1747223254996,carrera_v2_lap_80687EFE,452,7
,1,9698,62,0:09.698,14.05.2025 13:47:39,,,ui.lap_update,carrera_v2_6b799dd9_992f_4f07_bcd0_a3815b27c6ec,,1747223258837,1747223258837,carrera_v2_lap_80687EFE,669,3
,1,5715,62,0:05.715,14.05.2025 13:47:45,,,ui.lap_update,carrera_v2_6b799dd9_992f_4f07_bcd0_a3815b27c6ec,,1747223264537,1747223264537,carrera_v2_lap_80687EFE,670,3
,2,16705,63,0:16.705,14.05.2025 13:47:52,,,ui.lap_update,carrera_v2_6b799dd9_992f_4f07_bcd0_a3815b27c6ec,,1747223271557,1747223271557,carrera_v2_lap_80687EFE,453,7
,1,9817,62,0:09.817,14.05.2025 13:47:54,,,ui.lap_update,carrera_v2_6b799dd9_992f_4f07_bcd0_a3815b27c6ec,,1747223274316,1747223274316,carrera_v2_lap_80687EFE,671,3
,2,6299,63,0:06.299,14.05.2025 13:47:58,,,ui.lap_update,carrera_v2_6b799dd9_992f_4f07_bcd0_a3815b27c6ec,,1747223277977,1747223277977,carrera_v2_lap_80687EFE,454,7
,1,8924,62,0:08.924,14.05.2025 13:48:03,,,ui.lap_update,carrera_v2_6b799dd9_992f_4f07_bcd0_a3815b27c6ec,,1747223283197,1747223283197,carrera_v2_lap_80687EFE,672,3
,2,6720,63,0:06.720,14.05.2025 13:48:05,,,ui.lap_update,carrera_v2_6b799dd9_992f_4f07_bcd0_a3815b27c6ec,,1747223284637,1747223284637,carrera_v2_lap_80687EFE,455,7
,1,5543,62,0:05.543,14.05.2025 13:48:09,,,ui.lap_update,carrera_v2_6b799dd9_992f_4f07_bcd0_a3815b27c6ec,,1747223288656,1747223288656,carrera_v2_lap_80687EFE,673,3
,2,6016,63,0:06.016,14.05.2025 13:48:11,,,ui.lap_update,carrera_v2_6b799dd9_992f_4f07_bcd0_a3815b27c6ec,,1747223290636,1747223290636,carrera_v2_lap_80687EFE,456,7
,1,6003,62,0:06.003,14.05.2025 13:48:15,,,ui.lap_update,carrera_v2_6b799dd9_992f_4f07_bcd0_a3815b27c6ec,,1747223294716,1747223294716,carrera_v2_lap_80687EFE,674,3
,2,6037,63,0:06.037,14.05.2025 13:48:17,,,ui.lap_update,carrera_v2_6b799dd9_992f_4f07_bcd0_a3815b27c6ec,,1747223296637,1747223296637,carrera_v2_lap_80687EFE,457,7
,1,5930,62,0:05.930,14.05.2025 13:48:21,,,ui.lap_update,carrera_v2_6b799dd9_992f_4f07_bcd0_a3815b27c6ec,,1747223300598,1747223300598,carrera_v2_lap_80687EFE,675,3
,2,6608,63,0:06.608,14.05.2025 13:48:23,,,ui.lap_update,carrera_v2_6b799dd9_992f_4f07_bcd0_a3815b27c6ec,,1747223303177,1747223303177,carrera_v2_lap_80687EFE,458,7
,1,5739,62,0:05.739,14.05.2025 13:48:26,,,ui.lap_update,carrera_v2_6b799dd9_992f_4f07_bcd0_a3815b27c6ec,,1747223306297,1747223306297,carrera_v2_lap_80687EFE,676,3
,1,5649,62,0:05.649,14.05.2025 13:48:32,,,ui.lap_update,carrera_v2_6b799dd9_992f_4f07_bcd0_a3815b27c6ec,,1747223311997,1747223311997,carrera_v2_lap_80687EFE,677,3
,2,13941,63,0:13.941,14.05.2025 13:48:37,,,ui.lap_update,carrera_v2_6b799dd9_992f_4f07_bcd0_a3815b27c6ec,,1747223317096,1747223317096,carrera_v2_lap_80687EFE,459,7
,1,5607,62,0:05.607,14.05.2025 13:48:38,,,ui.lap_update,carrera_v2_6b799dd9_992f_4f07_bcd0_a3815b27c6ec,,1747223317576,1747223317576,carrera_v2_lap_80687EFE,678,3
,2,6192,63,0:06.192,14.05.2025 13:48:43,,,ui.lap_update,carrera_v2_6b799dd9_992f_4f07_bcd0_a3815b27c6ec,,1747223323276,1747223323276,carrera_v2_lap_80687EFE,460,7
,1,6495,62,0:06.495,14.05.2025 13:48:44,,,ui.lap_update,carrera_v2_6b799dd9_992f_4f07_bcd0_a3815b27c6ec,,1747223323996,1747223323996,carrera_v2_lap_80687EFE,679,3
,2,5777,63,0:05.777,14.05.2025 13:48:49,,,ui.lap_update,carrera_v2_6b799dd9_992f_4f07_bcd0_a3815b27c6ec,,1747223329036,1747223329036,carrera_v2_lap_80687EFE,461,7
,1,5449,62,0:05.449,14.05.2025 13:48:50,,,ui.lap_update,carrera_v2_6b799dd9_992f_4f07_bcd0_a3815b27c6ec,,1747223329516,1747223329516,carrera_v2_lap_80687EFE,680,3
,2,5992,63,0:05.992,14.05.2025 13:48:55,,,ui.lap_update,carrera_v2_6b799dd9_992f_4f07_bcd0_a3815b27c6ec,,1747223335036,1747223335036,carrera_v2_lap_80687EFE,462,7
,1,5793,62,0:05.793,14.05.2025 13:48:55,,,ui.lap_update,carrera_v2_6b799dd9_992f_4f07_bcd0_a3815b27c6ec,,1747223335276,1747223335276,carrera_v2_lap_80687EFE,681,3
,1,5718,62,0:05.718,14.05.2025 13:49:01,,,ui.lap_update,carrera_v2_6b799dd9_992f_4f07_bcd0_a3815b27c6ec,,1747223340977,1747223340977,carrera_v2_lap_80687EFE,682,3
,1,10129,62,0:10.129,14.05.2025 13:49:11,,,ui.lap_update,carrera_v2_6b799dd9_992f_4f07_bcd0_a3815b27c6ec,,1747223351057,1747223351057,carrera_v2_lap_80687EFE,683,3
,2,16194,63,0:16.194,14.05.2025 13:49:11,,,ui.lap_update,carrera_v2_6b799dd9_992f_4f07_bcd0_a3815b27c6ec,,1747223351178,1747223351178,carrera_v2_lap_80687EFE,463,7
,1,5630,62,0:05.630,14.05.2025 13:49:17,,,ui.lap_update,carrera_v2_6b799dd9_992f_4f07_bcd0_a3815b27c6ec,,1747223356696,1747223356696,carrera_v2_lap_80687EFE,684,3
,2,11934,63,0:11.934,14.05.2025 13:49:23,,,ui.lap_update,carrera_v2_6b799dd9_992f_4f07_bcd0_a3815b27c6ec,,1747223363116,1747223363116,carrera_v2_lap_80687EFE,464,7
,1,6505,62,0:06.505,14.05.2025 13:49:23,,,ui.lap_update,carrera_v2_6b799dd9_992f_4f07_bcd0_a3815b27c6ec,,1747223363236,1747223363236,carrera_v2_lap_80687EFE,685,3
,1,7059,62,0:07.059,14.05.2025 13:49:30,,,ui.lap_update,carrera_v2_6b799dd9_992f_4f07_bcd0_a3815b27c6ec,,1747223370136,1747223370136,carrera_v2_lap_80687EFE,686,3
,1,6162,62,0:06.162,14.05.2025 13:49:36,,,ui.lap_update,carrera_v2_6b799dd9_992f_4f07_bcd0_a3815b27c6ec,,1747223376376,1747223376376,carrera_v2_lap_80687EFE,687,3
,2,26418,63,0:26.418,14.05.2025 13:49:49,,,ui.lap_update,carrera_v2_6b799dd9_992f_4f07_bcd0_a3815b27c6ec,,1747223389457,1747223389457,carrera_v2_lap_80687EFE,465,7
,1,13721,62,0:13.721,14.05.2025 13:49:50,,,ui.lap_update,carrera_v2_6b799dd9_992f_4f07_bcd0_a3815b27c6ec,,1747223390058,1747223390058,carrera_v2_lap_80687EFE,688,3
,2,6234,63,0:06.234,14.05.2025 13:49:56,,,ui.lap_update,carrera_v2_6b799dd9_992f_4f07_bcd0_a3815b27c6ec,,1747223395576,1747223395576,carrera_v2_lap_80687EFE,466,7
,1,10459,62,0:10.459,14.05.2025 13:50:00,,,ui.lap_update,carrera_v2_6b799dd9_992f_4f07_bcd0_a3815b27c6ec,,1747223400436,1747223400436,carrera_v2_lap_80687EFE,689,3
,2,19600,63,0:19.600,14.05.2025 13:50:15,,,ui.lap_update,carrera_v2_6b799dd9_992f_4f07_bcd0_a3815b27c6ec,,1747223415196,1747223415196,carrera_v2_lap_80687EFE,467,7
,1,20538,62,0:20.538,14.05.2025 13:50:21,,,ui.lap_update,carrera_v2_6b799dd9_992f_4f07_bcd0_a3815b27c6ec,,1747223421017,1747223421017,carrera_v2_lap_80687EFE,690,3
,2,6151,63,0:06.151,14.05.2025 13:50:21,,,ui.lap_update,carrera_v2_6b799dd9_992f_4f07_bcd0_a3815b27c6ec,,1747223421256,1747223421256,carrera_v2_lap_80687EFE,468,7
,2,5773,63,0:05.773,14.05.2025 13:50:27,,,ui.lap_update,carrera_v2_6b799dd9_992f_4f07_bcd0_a3815b27c6ec,,1747223427196,1747223427196,carrera_v2_lap_80687EFE,469,7
,1,9918,62,0:09.918,14.05.2025 13:50:31,,,ui.lap_update,carrera_v2_6b799dd9_992f_4f07_bcd0_a3815b27c6ec,,1747223430734,1747223430734,carrera_v2_lap_80687EFE,691,3
,2,6566,63,0:06.566,14.05.2025 13:50:34,,,ui.lap_update,carrera_v2_6b799dd9_992f_4f07_bcd0_a3815b27c6ec,,1747223433555,1747223433555,carrera_v2_lap_80687EFE,470,7
,2,8626,63,0:08.626,14.05.2025 13:50:42,,,ui.lap_update,carrera_v2_6b799dd9_992f_4f07_bcd0_a3815b27c6ec,,1747223442317,1747223442317,carrera_v2_lap_80687EFE,471,7
,1,18368,62,0:18.368,14.05.2025 13:50:49,,,ui.lap_update,carrera_v2_6b799dd9_992f_4f07_bcd0_a3815b27c6ec,,1747223449036,1747223449036,carrera_v2_lap_80687EFE,692,3
,2,7814,63,0:07.814,14.05.2025 13:50:50,,,ui.lap_update,carrera_v2_6b799dd9_992f_4f07_bcd0_a3815b27c6ec,,1747223449996,1747223449996,carrera_v2_lap_80687EFE,472,7
,1,9327,62,0:09.327,14.05.2025 13:50:58,,,ui.lap_update,carrera_v2_6b799dd9_992f_4f07_bcd0_a3815b27c6ec,,1747223458396,1747223458396,carrera_v2_lap_80687EFE,693,3
,2,9939,63,0:09.939,14.05.2025 13:51:00,,,ui.lap_update,carrera_v2_6b799dd9_992f_4f07_bcd0_a3815b27c6ec,,1747223459896,1747223459896,carrera_v2_lap_80687EFE,473,7
,2,7350,63,0:07.350,14.05.2025 13:51:07,,,ui.lap_update,carrera_v2_6b799dd9_992f_4f07_bcd0_a3815b27c6ec,,1747223467217,1747223467217,carrera_v2_lap_80687EFE,474,7
,1,182707,66,3:02.707,14.05.2025 13:54:00,,,ui.lap_update,carrera_v2_6b799dd9_992f_4f07_bcd0_a3815b27c6ec,,1747223640496,1747223640496,carrera_v2_lap_80687EFE,694,3
,2,178075,67,2:58.075,14.05.2025 13:54:05,,,ui.lap_update,carrera_v2_6b799dd9_992f_4f07_bcd0_a3815b27c6ec,,1747223644814,1747223644814,carrera_v2_lap_80687EFE,475,7
,2,7011,67,0:07.011,14.05.2025 13:54:12,,,ui.lap_update,carrera_v2_6b799dd9_992f_4f07_bcd0_a3815b27c6ec,,1747223651714,1747223651714,carrera_v2_lap_80687EFE,476,7
,1,19441,66,0:19.441,14.05.2025 13:54:20,,,ui.lap_update,carrera_v2_6b799dd9_992f_4f07_bcd0_a3815b27c6ec,,1747223659874,1747223659874,carrera_v2_lap_80687EFE,695,3
,2,9641,67,0:09.641,14.05.2025 13:54:21,,,ui.lap_update,carrera_v2_6b799dd9_992f_4f07_bcd0_a3815b27c6ec,,1747223661374,1747223661374,carrera_v2_lap_80687EFE,477,7
,1,6069,66,0:06.069,14.05.2025 13:54:26,,,ui.lap_update,carrera_v2_6b799dd9_992f_4f07_bcd0_a3815b27c6ec,,1747223665995,1747223665995,carrera_v2_lap_80687EFE,696,3
,2,6477,67,0:06.477,14.05.2025 13:54:28,,,ui.lap_update,carrera_v2_6b799dd9_992f_4f07_bcd0_a3815b27c6ec,,1747223667795,1747223667795,carrera_v2_lap_80687EFE,478,7
,1,5637,66,0:05.637,14.05.2025 13:54:32,,,ui.lap_update,carrera_v2_6b799dd9_992f_4f07_bcd0_a3815b27c6ec,,1747223671573,1747223671573,carrera_v2_lap_80687EFE,697,3
,2,5724,67,0:05.724,14.05.2025 13:54:34,,,ui.lap_update,carrera_v2_6b799dd9_992f_4f07_bcd0_a3815b27c6ec,,1747223673615,1747223673615,carrera_v2_lap_80687EFE,479,7
,1,5496,66,0:05.496,14.05.2025 13:54:37,,,ui.lap_update,carrera_v2_6b799dd9_992f_4f07_bcd0_a3815b27c6ec,,1747223677033,1747223677033,carrera_v2_lap_80687EFE,698,3
,2,5820,67,0:05.820,14.05.2025 13:54:39,,,ui.lap_update,carrera_v2_6b799dd9_992f_4f07_bcd0_a3815b27c6ec,,1747223679254,1747223679254,carrera_v2_lap_80687EFE,480,7
,1,5798,66,0:05.798,14.05.2025 13:54:43,,,ui.lap_update,carrera_v2_6b799dd9_992f_4f07_bcd0_a3815b27c6ec,,1747223682856,1747223682856,carrera_v2_lap_80687EFE,699,3
,2,5741,67,0:05.741,14.05.2025 13:54:45,,,ui.lap_update,carrera_v2_6b799dd9_992f_4f07_bcd0_a3815b27c6ec,,1747223685016,1747223685016,carrera_v2_lap_80687EFE,481,7
,2,6222,67,0:06.222,14.05.2025 13:54:51,,,ui.lap_update,carrera_v2_6b799dd9_992f_4f07_bcd0_a3815b27c6ec,,1747223691314,1747223691314,carrera_v2_lap_80687EFE,482,7
,1,13684,66,0:13.684,14.05.2025 13:54:56,,,ui.lap_update,carrera_v2_6b799dd9_992f_4f07_bcd0_a3815b27c6ec,,1747223696414,1747223696414,carrera_v2_lap_80687EFE,700,3
,2,10131,67,0:10.131,14.05.2025 13:55:01,,,ui.lap_update,carrera_v2_6b799dd9_992f_4f07_bcd0_a3815b27c6ec,,1747223701393,1747223701393,carrera_v2_lap_80687EFE,483,7
,1,6089,66,0:06.089,14.05.2025 13:55:03,,,ui.lap_update,carrera_v2_6b799dd9_992f_4f07_bcd0_a3815b27c6ec,,1747223702594,1747223702594,carrera_v2_lap_80687EFE,701,3
,2,11731,67,0:11.731,14.05.2025 13:55:13,,,ui.lap_update,carrera_v2_6b799dd9_992f_4f07_bcd0_a3815b27c6ec,,1747223713154,1747223713154,carrera_v2_lap_80687EFE,484,7
,1,11143,66,0:11.143,14.05.2025 13:55:14,,,ui.lap_update,carrera_v2_6b799dd9_992f_4f07_bcd0_a3815b27c6ec,,1747223713814,1747223713814,carrera_v2_lap_80687EFE,702,3
,2,6058,67,0:06.058,14.05.2025 13:55:19,,,ui.lap_update,carrera_v2_6b799dd9_992f_4f07_bcd0_a3815b27c6ec,,1747223719216,1747223719216,carrera_v2_lap_80687EFE,485,7
,1,6146,66,0:06.146,14.05.2025 13:55:20,,,ui.lap_update,carrera_v2_6b799dd9_992f_4f07_bcd0_a3815b27c6ec,,1747223719814,1747223719814,carrera_v2_lap_80687EFE,703,3
,2,5779,67,0:05.779,14.05.2025 13:55:25,,,ui.lap_update,carrera_v2_6b799dd9_992f_4f07_bcd0_a3815b27c6ec,,1747223724794,1747223724794,carrera_v2_lap_80687EFE,486,7
,1,5322,66,0:05.322,14.05.2025 13:55:25,,,ui.lap_update,carrera_v2_6b799dd9_992f_4f07_bcd0_a3815b27c6ec,,1747223725035,1747223725035,carrera_v2_lap_80687EFE,704,3
,1,17779,66,0:17.779,14.05.2025 13:55:43,,,ui.lap_update,carrera_v2_6b799dd9_992f_4f07_bcd0_a3815b27c6ec,,1747223742853,1747223742853,carrera_v2_lap_80687EFE,705,3
,2,18211,67,0:18.211,14.05.2025 13:55:43,,,ui.lap_update,carrera_v2_6b799dd9_992f_4f07_bcd0_a3815b27c6ec,,1747223742974,1747223742974,carrera_v2_lap_80687EFE,487,7
,1,6261,66,0:06.261,14.05.2025 13:55:49,,,ui.lap_update,carrera_v2_6b799dd9_992f_4f07_bcd0_a3815b27c6ec,,1747223749092,1747223749092,carrera_v2_lap_80687EFE,706,3
,2,10002,67,0:10.002,14.05.2025 13:55:53,,,ui.lap_update,carrera_v2_6b799dd9_992f_4f07_bcd0_a3815b27c6ec,,1747223753054,1747223753054,carrera_v2_lap_80687EFE,488,7
,1,5535,66,0:05.535,14.05.2025 13:55:55,,,ui.lap_update,carrera_v2_6b799dd9_992f_4f07_bcd0_a3815b27c6ec,,1747223754673,1747223754673,carrera_v2_lap_80687EFE,707,3
,2,11665,67,0:11.665,14.05.2025 13:56:05,,,ui.lap_update,carrera_v2_6b799dd9_992f_4f07_bcd0_a3815b27c6ec,,1747223764753,1747223764753,carrera_v2_lap_80687EFE,489,7
,1,12076,66,0:12.076,14.05.2025 13:56:07,,,ui.lap_update,carrera_v2_6b799dd9_992f_4f07_bcd0_a3815b27c6ec,,1747223766734,1747223766734,carrera_v2_lap_80687EFE,708,3
,2,10595,67,0:10.595,14.05.2025 13:56:15,,,ui.lap_update,carrera_v2_6b799dd9_992f_4f07_bcd0_a3815b27c6ec,,1747223775194,1747223775194,carrera_v2_lap_80687EFE,490,7
,1,9071,66,0:09.071,14.05.2025 13:56:16,,,ui.lap_update,carrera_v2_6b799dd9_992f_4f07_bcd0_a3815b27c6ec,,1747223775675,1747223775675,carrera_v2_lap_80687EFE,709,3
,2,6221,67,0:06.221,14.05.2025 13:56:21,,,ui.lap_update,carrera_v2_6b799dd9_992f_4f07_bcd0_a3815b27c6ec,,1747223781433,1747223781433,carrera_v2_lap_80687EFE,491,7
,1,5773,66,0:05.773,14.05.2025 13:56:22,,,ui.lap_update,carrera_v2_6b799dd9_992f_4f07_bcd0_a3815b27c6ec,,1747223781614,1747223781614,carrera_v2_lap_80687EFE,710,3
,1,5841,66,0:05.841,14.05.2025 13:56:27,,,ui.lap_update,carrera_v2_6b799dd9_992f_4f07_bcd0_a3815b27c6ec,,1747223787192,1747223787192,carrera_v2_lap_80687EFE,711,3
,1,8038,66,0:08.038,14.05.2025 13:56:35,,,ui.lap_update,carrera_v2_6b799dd9_992f_4f07_bcd0_a3815b27c6ec,,1747223795293,1747223795293,carrera_v2_lap_80687EFE,712,3
,2,17560,67,0:17.560,14.05.2025 13:56:39,,,ui.lap_update,carrera_v2_6b799dd9_992f_4f07_bcd0_a3815b27c6ec,,1747223798831,1747223798831,carrera_v2_lap_80687EFE,492,7
,1,6007,66,0:06.007,14.05.2025 13:56:41,,,ui.lap_update,carrera_v2_6b799dd9_992f_4f07_bcd0_a3815b27c6ec,,1747223801233,1747223801233,carrera_v2_lap_80687EFE,713,3
,2,6448,67,0:06.448,14.05.2025 13:56:45,,,ui.lap_update,carrera_v2_6b799dd9_992f_4f07_bcd0_a3815b27c6ec,,1747223805373,1747223805373,carrera_v2_lap_80687EFE,493,7
,1,5357,66,0:05.357,14.05.2025 13:56:47,,,ui.lap_update,carrera_v2_6b799dd9_992f_4f07_bcd0_a3815b27c6ec,,1747223806572,1747223806572,carrera_v2_lap_80687EFE,714,3
,2,12352,67,0:12.352,14.05.2025 13:56:58,,,ui.lap_update,carrera_v2_6b799dd9_992f_4f07_bcd0_a3815b27c6ec,,1747223817613,1747223817613,carrera_v2_lap_80687EFE,494,7
,1,11265,66,0:11.265,14.05.2025 13:56:58,,,ui.lap_update,carrera_v2_6b799dd9_992f_4f07_bcd0_a3815b27c6ec,,1747223817854,1747223817854,carrera_v2_lap_80687EFE,715,3
,2,5966,67,0:05.966,14.05.2025 13:57:04,,,ui.lap_update,carrera_v2_6b799dd9_992f_4f07_bcd0_a3815b27c6ec,,1747223823552,1747223823552,carrera_v2_lap_80687EFE,495,7
,1,5814,66,0:05.814,14.05.2025 13:57:04,,,ui.lap_update,carrera_v2_6b799dd9_992f_4f07_bcd0_a3815b27c6ec,,1747223823681,1747223823681,carrera_v2_lap_80687EFE,716,3
,2,5643,67,0:05.643,14.05.2025 13:57:09,,,ui.lap_update,carrera_v2_6b799dd9_992f_4f07_bcd0_a3815b27c6ec,,1747223829193,1747223829193,carrera_v2_lap_80687EFE,496,7
,1,5643,66,0:05.643,14.05.2025 13:57:09,,,ui.lap_update,carrera_v2_6b799dd9_992f_4f07_bcd0_a3815b27c6ec,,1747223829312,1747223829312,carrera_v2_lap_80687EFE,717,3
,2,6619,67,0:06.619,14.05.2025 13:57:16,,,ui.lap_update,carrera_v2_6b799dd9_992f_4f07_bcd0_a3815b27c6ec,,1747223835853,1747223835853,carrera_v2_lap_80687EFE,497,7
,1,6687,66,0:06.687,14.05.2025 13:57:16,,,ui.lap_update,carrera_v2_6b799dd9_992f_4f07_bcd0_a3815b27c6ec,,1747223835973,1747223835973,carrera_v2_lap_80687EFE,718,3
,2,5426,67,0:05.426,14.05.2025 13:57:21,,,ui.lap_update,carrera_v2_6b799dd9_992f_4f07_bcd0_a3815b27c6ec,,1747223841133,1747223841133,carrera_v2_lap_80687EFE,498,7
,1,5400,66,0:05.400,14.05.2025 13:57:21,,,ui.lap_update,carrera_v2_6b799dd9_992f_4f07_bcd0_a3815b27c6ec,,1747223841253,1747223841253,carrera_v2_lap_80687EFE,719,3
,1,16008,66,0:16.008,14.05.2025 13:57:37,,,ui.lap_update,carrera_v2_6b799dd9_992f_4f07_bcd0_a3815b27c6ec,,1747223857336,1747223857336,carrera_v2_lap_80687EFE,720,3
,1,40343,66,0:40.343,14.05.2025 13:58:17,,,ui.lap_update,carrera_v2_6b799dd9_992f_4f07_bcd0_a3815b27c6ec,,1747223897473,1747223897473,carrera_v2_lap_80687EFE,721,3
,1,1201,66,0:01.201,14.05.2025 13:58:19,,,ui.lap_update,carrera_v2_6b799dd9_992f_4f07_bcd0_a3815b27c6ec,,1747223898731,1747223898731,carrera_v2_lap_80687EFE,722,3
,1,30231,68,0:30.231,14.05.2025 13:58:49,,,ui.lap_update,carrera_v2_6b799dd9_992f_4f07_bcd0_a3815b27c6ec,,1747223928792,1747223928792,carrera_v2_lap_80687EFE,723,3
,2,88430,37,1:28.430,14.05.2025 13:58:49,,,ui.lap_update,carrera_v2_6b799dd9_992f_4f07_bcd0_a3815b27c6ec,,1747223929333,1747223929333,carrera_v2_lap_80687EFE,499,7
,2,7580,37,0:07.580,14.05.2025 13:58:57,,,ui.lap_update,carrera_v2_6b799dd9_992f_4f07_bcd0_a3815b27c6ec,,1747223937012,1747223937012,carrera_v2_lap_80687EFE,500,7
,1,8849,68,0:08.849,14.05.2025 13:58:58,,,ui.lap_update,carrera_v2_6b799dd9_992f_4f07_bcd0_a3815b27c6ec,,1747223937612,1747223937612,carrera_v2_lap_80687EFE,724,3
,2,6952,37,0:06.952,14.05.2025 13:59:04,,,ui.lap_update,carrera_v2_6b799dd9_992f_4f07_bcd0_a3815b27c6ec,,1747223943913,1747223943913,carrera_v2_lap_80687EFE,501,7
,1,6970,68,0:06.970,14.05.2025 13:59:05,,,ui.lap_update,carrera_v2_6b799dd9_992f_4f07_bcd0_a3815b27c6ec,,1747223944633,1747223944633,carrera_v2_lap_80687EFE,725,3
,2,6948,37,0:06.948,14.05.2025 13:59:11,,,ui.lap_update,carrera_v2_6b799dd9_992f_4f07_bcd0_a3815b27c6ec,,1747223950751,1747223950751,carrera_v2_lap_80687EFE,502,7
,1,6558,68,0:06.558,14.05.2025 13:59:11,,,ui.lap_update,carrera_v2_6b799dd9_992f_4f07_bcd0_a3815b27c6ec,,1747223951173,1747223951173,carrera_v2_lap_80687EFE,726,3
,1,10534,68,0:10.534,14.05.2025 13:59:22,,,ui.lap_update,carrera_v2_6b799dd9_992f_4f07_bcd0_a3815b27c6ec,,1747223961792,1747223961792,carrera_v2_lap_80687EFE,727,3
,2,11361,37,0:11.361,14.05.2025 13:59:22,,,ui.lap_update,carrera_v2_6b799dd9_992f_4f07_bcd0_a3815b27c6ec,,1747223962092,1747223962092,carrera_v2_lap_80687EFE,503,7
,1,6936,68,0:06.936,14.05.2025 13:59:29,,,ui.lap_update,carrera_v2_6b799dd9_992f_4f07_bcd0_a3815b27c6ec,,1747223968574,1747223968574,carrera_v2_lap_80687EFE,728,3
,2,8397,37,0:08.397,14.05.2025 13:59:30,,,ui.lap_update,carrera_v2_6b799dd9_992f_4f07_bcd0_a3815b27c6ec,,1747223970493,1747223970493,carrera_v2_lap_80687EFE,504,7
,1,6180,68,0:06.180,14.05.2025 13:59:35,,,ui.lap_update,carrera_v2_6b799dd9_992f_4f07_bcd0_a3815b27c6ec,,1747223974691,1747223974691,carrera_v2_lap_80687EFE,729,3
,2,9443,37,0:09.443,14.05.2025 13:59:40,,,ui.lap_update,carrera_v2_6b799dd9_992f_4f07_bcd0_a3815b27c6ec,,1747223979912,1747223979912,carrera_v2_lap_80687EFE,505,7
,1,5688,68,0:05.688,14.05.2025 13:59:40,,,ui.lap_update,carrera_v2_6b799dd9_992f_4f07_bcd0_a3815b27c6ec,,1747223980450,1747223980450,carrera_v2_lap_80687EFE,730,3
,1,5760,68,0:05.760,14.05.2025 13:59:46,,,ui.lap_update,carrera_v2_6b799dd9_992f_4f07_bcd0_a3815b27c6ec,,1747223986151,1747223986151,carrera_v2_lap_80687EFE,731,3
,2,10008,37,0:10.008,14.05.2025 13:59:50,,,ui.lap_update,carrera_v2_6b799dd9_992f_4f07_bcd0_a3815b27c6ec,,1747223989871,1747223989871,carrera_v2_lap_80687EFE,506,7
,1,5230,68,0:05.230,14.05.2025 13:59:51,,,ui.lap_update,carrera_v2_6b799dd9_992f_4f07_bcd0_a3815b27c6ec,,1747223991431,1747223991431,carrera_v2_lap_80687EFE,732,3
,1,5972,68,0:05.972,14.05.2025 13:59:57,,,ui.lap_update,carrera_v2_6b799dd9_992f_4f07_bcd0_a3815b27c6ec,,1747223997371,1747223997371,carrera_v2_lap_80687EFE,733,3
,2,8978,37,0:08.978,14.05.2025 13:59:59,,,ui.lap_update,carrera_v2_6b799dd9_992f_4f07_bcd0_a3815b27c6ec,,1747223998871,1747223998871,carrera_v2_lap_80687EFE,507,7
,1,5517,68,0:05.517,14.05.2025 14:00:03,,,ui.lap_update,carrera_v2_6b799dd9_992f_4f07_bcd0_a3815b27c6ec,,1747224002951,1747224002951,carrera_v2_lap_80687EFE,734,3
,2,7078,37,0:07.078,14.05.2025 14:00:06,,,ui.lap_update,carrera_v2_6b799dd9_992f_4f07_bcd0_a3815b27c6ec,,1747224005891,1747224005891,carrera_v2_lap_80687EFE,508,7
,1,8405,68,0:08.405,14.05.2025 14:00:11,,,ui.lap_update,carrera_v2_6b799dd9_992f_4f07_bcd0_a3815b27c6ec,,1747224011235,1747224011235,carrera_v2_lap_80687EFE,735,3
,2,7587,37,0:07.587,14.05.2025 14:00:13,,,ui.lap_update,carrera_v2_6b799dd9_992f_4f07_bcd0_a3815b27c6ec,,1747224013452,1747224013452,carrera_v2_lap_80687EFE,509,7
,1,6693,68,0:06.693,14.05.2025 14:00:18,,,ui.lap_update,carrera_v2_6b799dd9_992f_4f07_bcd0_a3815b27c6ec,,1747224017832,1747224017832,carrera_v2_lap_80687EFE,736,3
,2,5975,37,0:05.975,14.05.2025 14:00:19,,,ui.lap_update,carrera_v2_6b799dd9_992f_4f07_bcd0_a3815b27c6ec,,1747224019392,1747224019392,carrera_v2_lap_80687EFE,510,7
,2,8362,37,0:08.362,14.05.2025 14:00:28,,,ui.lap_update,carrera_v2_6b799dd9_992f_4f07_bcd0_a3815b27c6ec,,1747224027733,1747224027733,carrera_v2_lap_80687EFE,511,7
,1,11561,68,0:11.561,14.05.2025 14:00:29,,,ui.lap_update,carrera_v2_6b799dd9_992f_4f07_bcd0_a3815b27c6ec,,1747224029353,1747224029353,carrera_v2_lap_80687EFE,737,3
,2,6271,37,0:06.271,14.05.2025 14:00:34,,,ui.lap_update,carrera_v2_6b799dd9_992f_4f07_bcd0_a3815b27c6ec,,1747224034032,1747224034032,carrera_v2_lap_80687EFE,512,7
,1,6646,68,0:06.646,14.05.2025 14:00:36,,,ui.lap_update,carrera_v2_6b799dd9_992f_4f07_bcd0_a3815b27c6ec,,1747224036071,1747224036071,carrera_v2_lap_80687EFE,738,3
,2,6159,37,0:06.159,14.05.2025 14:00:40,,,ui.lap_update,carrera_v2_6b799dd9_992f_4f07_bcd0_a3815b27c6ec,,1747224040097,1747224040097,carrera_v2_lap_80687EFE,513,7
,1,9509,68,0:09.509,14.05.2025 14:00:45,,,ui.lap_update,carrera_v2_6b799dd9_992f_4f07_bcd0_a3815b27c6ec,,1747224045432,1747224045432,carrera_v2_lap_80687EFE,739,3
,2,6495,37,0:06.495,14.05.2025 14:00:47,,,ui.lap_update,carrera_v2_6b799dd9_992f_4f07_bcd0_a3815b27c6ec,,1747224046632,1747224046632,carrera_v2_lap_80687EFE,514,7
,1,6790,68,0:06.790,14.05.2025 14:00:52,,,ui.lap_update,carrera_v2_6b799dd9_992f_4f07_bcd0_a3815b27c6ec,,1747224052211,1747224052211,carrera_v2_lap_80687EFE,740,3
,2,6130,37,0:06.130,14.05.2025 14:00:53,,,ui.lap_update,carrera_v2_6b799dd9_992f_4f07_bcd0_a3815b27c6ec,,1747224052751,1747224052751,carrera_v2_lap_80687EFE,515,7
,1,6210,68,0:06.210,14.05.2025 14:00:59,,,ui.lap_update,carrera_v2_6b799dd9_992f_4f07_bcd0_a3815b27c6ec,,1747224058513,1747224058513,carrera_v2_lap_80687EFE,741,3
,1,7507,68,0:07.507,14.05.2025 14:01:06,,,ui.lap_update,carrera_v2_6b799dd9_992f_4f07_bcd0_a3815b27c6ec,,1747224065892,1747224065892,carrera_v2_lap_80687EFE,742,3
,2,15918,37,0:15.918,14.05.2025 14:01:09,,,ui.lap_update,carrera_v2_6b799dd9_992f_4f07_bcd0_a3815b27c6ec,,1747224068530,1747224068530,carrera_v2_lap_80687EFE,516,7
,1,7454,68,0:07.454,14.05.2025 14:01:13,,,ui.lap_update,carrera_v2_6b799dd9_992f_4f07_bcd0_a3815b27c6ec,,1747224073333,1747224073333,carrera_v2_lap_80687EFE,743,3
,2,6009,37,0:06.009,14.05.2025 14:01:15,,,ui.lap_update,carrera_v2_6b799dd9_992f_4f07_bcd0_a3815b27c6ec,,1747224074533,1747224074533,carrera_v2_lap_80687EFE,517,7
,1,10011,68,0:10.011,14.05.2025 14:01:23,,,ui.lap_update,carrera_v2_6b799dd9_992f_4f07_bcd0_a3815b27c6ec,,1747224083352,1747224083352,carrera_v2_lap_80687EFE,744,3
,2,14142,37,0:14.142,14.05.2025 14:01:29,,,ui.lap_update,carrera_v2_6b799dd9_992f_4f07_bcd0_a3815b27c6ec,,1747224088631,1747224088631,carrera_v2_lap_80687EFE,518,7
,1,7354,68,0:07.354,14.05.2025 14:01:31,,,ui.lap_update,carrera_v2_6b799dd9_992f_4f07_bcd0_a3815b27c6ec,,1747224090732,1747224090732,carrera_v2_lap_80687EFE,745,3
,2,6650,37,0:06.650,14.05.2025 14:01:35,,,ui.lap_update,carrera_v2_6b799dd9_992f_4f07_bcd0_a3815b27c6ec,,1747224095231,1747224095231,carrera_v2_lap_80687EFE,519,7
,1,6987,68,0:06.987,14.05.2025 14:01:38,,,ui.lap_update,carrera_v2_6b799dd9_992f_4f07_bcd0_a3815b27c6ec,,1747224097632,1747224097632,carrera_v2_lap_80687EFE,746,3
,2,6212,37,0:06.212,14.05.2025 14:01:42,,,ui.lap_update,carrera_v2_6b799dd9_992f_4f07_bcd0_a3815b27c6ec,,1747224101530,1747224101530,carrera_v2_lap_80687EFE,520,7
,1,9779,68,0:09.779,14.05.2025 14:01:47,,,ui.lap_update,carrera_v2_6b799dd9_992f_4f07_bcd0_a3815b27c6ec,,1747224107413,1747224107413,carrera_v2_lap_80687EFE,747,3
,2,6534,37,0:06.534,14.05.2025 14:01:48,,,ui.lap_update,carrera_v2_6b799dd9_992f_4f07_bcd0_a3815b27c6ec,,1747224108013,1747224108013,carrera_v2_lap_80687EFE,521,7
,1,7499,68,0:07.499,14.05.2025 14:01:55,,,ui.lap_update,carrera_v2_6b799dd9_992f_4f07_bcd0_a3815b27c6ec,,1747224114911,1747224114911,carrera_v2_lap_80687EFE,748,3
,2,9408,37,0:09.408,14.05.2025 14:01:57,,,ui.lap_update,carrera_v2_6b799dd9_992f_4f07_bcd0_a3815b27c6ec,,1747224117313,1747224117313,carrera_v2_lap_80687EFE,522,7
,1,7415,68,0:07.415,14.05.2025 14:02:02,,,ui.lap_update,carrera_v2_6b799dd9_992f_4f07_bcd0_a3815b27c6ec,,1747224122291,1747224122291,carrera_v2_lap_80687EFE,749,3
,2,6249,37,0:06.249,14.05.2025 14:02:04,,,ui.lap_update,carrera_v2_6b799dd9_992f_4f07_bcd0_a3815b27c6ec,,1747224123672,1747224123672,carrera_v2_lap_80687EFE,523,7
,1,6130,68,0:06.130,14.05.2025 14:02:08,,,ui.lap_update,carrera_v2_6b799dd9_992f_4f07_bcd0_a3815b27c6ec,,1747224128351,1747224128351,carrera_v2_lap_80687EFE,750,3
,2,5900,37,0:05.900,14.05.2025 14:02:10,,,ui.lap_update,carrera_v2_6b799dd9_992f_4f07_bcd0_a3815b27c6ec,,1747224129551,1747224129551,carrera_v2_lap_80687EFE,524,7
,1,6486,68,0:06.486,14.05.2025 14:02:15,,,ui.lap_update,carrera_v2_6b799dd9_992f_4f07_bcd0_a3815b27c6ec,,1747224134892,1747224134892,carrera_v2_lap_80687EFE,751,3
,2,7280,37,0:07.280,14.05.2025 14:02:17,,,ui.lap_update,carrera_v2_6b799dd9_992f_4f07_bcd0_a3815b27c6ec,,1747224136692,1747224136692,carrera_v2_lap_80687EFE,525,7
,1,6524,68,0:06.524,14.05.2025 14:02:21,,,ui.lap_update,carrera_v2_6b799dd9_992f_4f07_bcd0_a3815b27c6ec,,1747224141372,1747224141372,carrera_v2_lap_80687EFE,752,3
,1,6845,68,0:06.845,14.05.2025 14:02:28,,,ui.lap_update,carrera_v2_6b799dd9_992f_4f07_bcd0_a3815b27c6ec,,1747224148211,1747224148211,carrera_v2_lap_80687EFE,753,3
,2,14240,37,0:14.240,14.05.2025 14:02:31,,,ui.lap_update,carrera_v2_6b799dd9_992f_4f07_bcd0_a3815b27c6ec,,1747224150911,1747224150911,carrera_v2_lap_80687EFE,526,7
,1,6573,68,0:06.573,14.05.2025 14:02:35,,,ui.lap_update,carrera_v2_6b799dd9_992f_4f07_bcd0_a3815b27c6ec,,1747224154629,1747224154629,carrera_v2_lap_80687EFE,754,3
,2,6386,37,0:06.386,14.05.2025 14:02:38,,,ui.lap_update,carrera_v2_6b799dd9_992f_4f07_bcd0_a3815b27c6ec,,1747224157512,1747224157512,carrera_v2_lap_80687EFE,527,7
,2,6353,37,0:06.353,14.05.2025 14:02:44,,,ui.lap_update,carrera_v2_6b799dd9_992f_4f07_bcd0_a3815b27c6ec,,1747224163631,1747224163631,carrera_v2_lap_80687EFE,528,7
,1,10517,68,0:10.517,14.05.2025 14:02:45,,,ui.lap_update,carrera_v2_6b799dd9_992f_4f07_bcd0_a3815b27c6ec,,1747224165192,1747224165192,carrera_v2_lap_80687EFE,755,3
,2,7927,37,0:07.927,14.05.2025 14:02:52,,,ui.lap_update,carrera_v2_6b799dd9_992f_4f07_bcd0_a3815b27c6ec,,1747224171671,1747224171671,carrera_v2_lap_80687EFE,529,7
,1,8041,68,0:08.041,14.05.2025 14:02:53,,,ui.lap_update,carrera_v2_6b799dd9_992f_4f07_bcd0_a3815b27c6ec,,1747224173172,1747224173172,carrera_v2_lap_80687EFE,756,3
,1,7122,68,0:07.122,14.05.2025 14:03:00,,,ui.lap_update,carrera_v2_6b799dd9_992f_4f07_bcd0_a3815b27c6ec,,1747224180492,1747224180492,carrera_v2_lap_80687EFE,757,3
,2,14882,37,0:14.882,14.05.2025 14:03:06,,,ui.lap_update,carrera_v2_6b799dd9_992f_4f07_bcd0_a3815b27c6ec,,1747224186437,1747224186437,carrera_v2_lap_80687EFE,530,7
,1,6737,68,0:06.737,14.05.2025 14:03:07,,,ui.lap_update,carrera_v2_6b799dd9_992f_4f07_bcd0_a3815b27c6ec,,1747224187031,1747224187031,carrera_v2_lap_80687EFE,758,3
,1,12426,68,0:12.426,14.05.2025 14:03:19,,,ui.lap_update,carrera_v2_6b799dd9_992f_4f07_bcd0_a3815b27c6ec,,1747224199392,1747224199392,carrera_v2_lap_80687EFE,759,3
,2,13666,37,0:13.666,14.05.2025 14:03:20,,,ui.lap_update,carrera_v2_6b799dd9_992f_4f07_bcd0_a3815b27c6ec,,1747224200111,1747224200111,carrera_v2_lap_80687EFE,531,7
,2,6057,37,0:06.057,14.05.2025 14:03:26,,,ui.lap_update,carrera_v2_6b799dd9_992f_4f07_bcd0_a3815b27c6ec,,1747224205991,1747224205991,carrera_v2_lap_80687EFE,532,7
,1,7146,68,0:07.146,14.05.2025 14:03:27,,,ui.lap_update,carrera_v2_6b799dd9_992f_4f07_bcd0_a3815b27c6ec,,1747224206591,1747224206591,carrera_v2_lap_80687EFE,760,3
,2,6312,37,0:06.312,14.05.2025 14:03:32,,,ui.lap_update,carrera_v2_6b799dd9_992f_4f07_bcd0_a3815b27c6ec,,1747224212471,1747224212471,carrera_v2_lap_80687EFE,533,7
,1,6292,68,0:06.292,14.05.2025 14:03:33,,,ui.lap_update,carrera_v2_6b799dd9_992f_4f07_bcd0_a3815b27c6ec,,1747224212772,1747224212772,carrera_v2_lap_80687EFE,761,3
,2,5985,37,0:05.985,14.05.2025 14:03:38,,,ui.lap_update,carrera_v2_6b799dd9_992f_4f07_bcd0_a3815b27c6ec,,1747224218350,1747224218350,carrera_v2_lap_80687EFE,534,7
,1,5836,68,0:05.836,14.05.2025 14:03:39,,,ui.lap_update,carrera_v2_6b799dd9_992f_4f07_bcd0_a3815b27c6ec,,1747224218651,1747224218651,carrera_v2_lap_80687EFE,762,3
,2,16741,37,0:16.741,14.05.2025 14:03:55,,,ui.lap_update,carrera_v2_6b799dd9_992f_4f07_bcd0_a3815b27c6ec,,1747224234972,1747224234972,carrera_v2_lap_80687EFE,535,7
,2,10257,37,0:10.257,14.05.2025 14:04:05,,,ui.lap_update,carrera_v2_6b799dd9_992f_4f07_bcd0_a3815b27c6ec,,1747224245351,1747224245351,carrera_v2_lap_80687EFE,536,7
,2,9772,37,0:09.772,14.05.2025 14:04:15,,,ui.lap_update,carrera_v2_6b799dd9_992f_4f07_bcd0_a3815b27c6ec,,1747224254950,1747224254950,carrera_v2_lap_80687EFE,537,7
,2,1257,37,0:01.257,14.05.2025 14:04:16,,,ui.lap_update,carrera_v2_6b799dd9_992f_4f07_bcd0_a3815b27c6ec,,1747224256269,1747224256269,carrera_v2_lap_80687EFE,538,7
,2,20342,37,0:20.342,14.05.2025 14:04:36,,,ui.lap_update,carrera_v2_6b799dd9_992f_4f07_bcd0_a3815b27c6ec,,1747224276490,1747224276490,carrera_v2_lap_80687EFE,539,7
,1,58296,69,0:58.296,14.05.2025 14:04:37,,,ui.lap_update,carrera_v2_6b799dd9_992f_4f07_bcd0_a3815b27c6ec,,1747224276730,1747224276730,carrera_v2_lap_80687EFE,763,3
,2,6590,37,0:06.590,14.05.2025 14:04:43,,,ui.lap_update,carrera_v2_6b799dd9_992f_4f07_bcd0_a3815b27c6ec,,1747224283030,1747224283030,carrera_v2_lap_80687EFE,540,7
,1,6382,69,0:06.382,14.05.2025 14:04:43,,,ui.lap_update,carrera_v2_6b799dd9_992f_4f07_bcd0_a3815b27c6ec,,1747224283150,1747224283150,carrera_v2_lap_80687EFE,764,3
,1,5776,69,0:05.776,14.05.2025 14:04:49,,,ui.lap_update,carrera_v2_6b799dd9_992f_4f07_bcd0_a3815b27c6ec,,1747224288850,1747224288850,carrera_v2_lap_80687EFE,765,3
,2,5896,37,0:05.896,14.05.2025 14:04:49,,,ui.lap_update,carrera_v2_6b799dd9_992f_4f07_bcd0_a3815b27c6ec,,1747224288970,1747224288970,carrera_v2_lap_80687EFE,541,7
,1,5780,69,0:05.780,14.05.2025 14:04:55,,,ui.lap_update,carrera_v2_6b799dd9_992f_4f07_bcd0_a3815b27c6ec,,1747224294670,1747224294670,carrera_v2_lap_80687EFE,766,3
,2,7627,37,0:07.627,14.05.2025 14:04:57,,,ui.lap_update,carrera_v2_6b799dd9_992f_4f07_bcd0_a3815b27c6ec,,1747224296530,1747224296530,carrera_v2_lap_80687EFE,542,7
,1,6363,69,0:06.363,14.05.2025 14:05:01,,,ui.lap_update,carrera_v2_6b799dd9_992f_4f07_bcd0_a3815b27c6ec,,1747224300970,1747224300970,carrera_v2_lap_80687EFE,767,3
,2,7531,37,0:07.531,14.05.2025 14:05:04,,,ui.lap_update,carrera_v2_6b799dd9_992f_4f07_bcd0_a3815b27c6ec,,1747224304029,1747224304029,carrera_v2_lap_80687EFE,543,7
,1,6369,69,0:06.369,14.05.2025 14:05:07,,,ui.lap_update,carrera_v2_6b799dd9_992f_4f07_bcd0_a3815b27c6ec,,1747224307390,1747224307390,carrera_v2_lap_80687EFE,768,3
,2,5890,37,0:05.890,14.05.2025 14:05:10,,,ui.lap_update,carrera_v2_6b799dd9_992f_4f07_bcd0_a3815b27c6ec,,1747224309969,1747224309969,carrera_v2_lap_80687EFE,544,7
,2,6630,37,0:06.630,14.05.2025 14:05:17,,,ui.lap_update,carrera_v2_6b799dd9_992f_4f07_bcd0_a3815b27c6ec,,1747224316570,1747224316570,carrera_v2_lap_80687EFE,545,7
,1,12450,69,0:12.450,14.05.2025 14:05:20,,,ui.lap_update,carrera_v2_6b799dd9_992f_4f07_bcd0_a3815b27c6ec,,1747224319689,1747224319689,carrera_v2_lap_80687EFE,769,3
,2,6679,37,0:06.679,14.05.2025 14:05:23,,,ui.lap_update,carrera_v2_6b799dd9_992f_4f07_bcd0_a3815b27c6ec,,1747224323170,1747224323170,carrera_v2_lap_80687EFE,546,7
,1,6607,69,0:06.607,14.05.2025 14:05:26,,,ui.lap_update,carrera_v2_6b799dd9_992f_4f07_bcd0_a3815b27c6ec,,1747224326349,1747224326349,carrera_v2_lap_80687EFE,770,3
,2,8469,37,0:08.469,14.05.2025 14:05:32,,,ui.lap_update,carrera_v2_6b799dd9_992f_4f07_bcd0_a3815b27c6ec,,1747224331570,1747224331570,carrera_v2_lap_80687EFE,547,7
,1,6636,69,0:06.636,14.05.2025 14:05:33,,,ui.lap_update,carrera_v2_6b799dd9_992f_4f07_bcd0_a3815b27c6ec,,1747224333010,1747224333010,carrera_v2_lap_80687EFE,771,3
,1,5334,69,0:05.334,14.05.2025 14:05:38,,,ui.lap_update,carrera_v2_6b799dd9_992f_4f07_bcd0_a3815b27c6ec,,1747224338290,1747224338290,carrera_v2_lap_80687EFE,772,3
,2,9497,37,0:09.497,14.05.2025 14:05:41,,,ui.lap_update,carrera_v2_6b799dd9_992f_4f07_bcd0_a3815b27c6ec,,1747224341231,1747224341231,carrera_v2_lap_80687EFE,548,7
,1,7352,69,0:07.352,14.05.2025 14:05:46,,,ui.lap_update,carrera_v2_6b799dd9_992f_4f07_bcd0_a3815b27c6ec,,1747224345550,1747224345550,carrera_v2_lap_80687EFE,773,3
,2,9749,37,0:09.749,14.05.2025 14:05:51,,,ui.lap_update,carrera_v2_6b799dd9_992f_4f07_bcd0_a3815b27c6ec,,1747224350770,1747224350770,carrera_v2_lap_80687EFE,549,7
,1,5439,69,0:05.439,14.05.2025 14:05:51,,,ui.lap_update,carrera_v2_6b799dd9_992f_4f07_bcd0_a3815b27c6ec,,1747224351009,1747224351009,carrera_v2_lap_80687EFE,774,3
,2,7015,37,0:07.015,14.05.2025 14:05:58,,,ui.lap_update,carrera_v2_6b799dd9_992f_4f07_bcd0_a3815b27c6ec,,1747224357850,1747224357850,carrera_v2_lap_80687EFE,550,7
,1,11157,69,0:11.157,14.05.2025 14:06:02,,,ui.lap_update,carrera_v2_6b799dd9_992f_4f07_bcd0_a3815b27c6ec,,1747224362049,1747224362049,carrera_v2_lap_80687EFE,775,3
,2,6068,37,0:06.068,14.05.2025 14:06:04,,,ui.lap_update,carrera_v2_6b799dd9_992f_4f07_bcd0_a3815b27c6ec,,1747224363911,1747224363911,carrera_v2_lap_80687EFE,551,7
,1,6971,69,0:06.971,14.05.2025 14:06:09,,,ui.lap_update,carrera_v2_6b799dd9_992f_4f07_bcd0_a3815b27c6ec,,1747224369130,1747224369130,carrera_v2_lap_80687EFE,776,3
,2,5885,37,0:05.885,14.05.2025 14:06:10,,,ui.lap_update,carrera_v2_6b799dd9_992f_4f07_bcd0_a3815b27c6ec,,1747224369790,1747224369790,carrera_v2_lap_80687EFE,552,7
,1,5951,69,0:05.951,14.05.2025 14:06:15,,,ui.lap_update,carrera_v2_6b799dd9_992f_4f07_bcd0_a3815b27c6ec,,1747224375071,1747224375071,carrera_v2_lap_80687EFE,777,3
,2,6156,37,0:06.156,14.05.2025 14:06:16,,,ui.lap_update,carrera_v2_6b799dd9_992f_4f07_bcd0_a3815b27c6ec,,1747224375849,1747224375849,carrera_v2_lap_80687EFE,553,7
,1,5843,69,0:05.843,14.05.2025 14:06:21,,,ui.lap_update,carrera_v2_6b799dd9_992f_4f07_bcd0_a3815b27c6ec,,1747224380769,1747224380769,carrera_v2_lap_80687EFE,778,3
,2,5532,37,0:05.532,14.05.2025 14:06:21,,,ui.lap_update,carrera_v2_6b799dd9_992f_4f07_bcd0_a3815b27c6ec,,1747224381370,1747224381370,carrera_v2_lap_80687EFE,554,7
,2,9599,37,0:09.599,14.05.2025 14:06:31,,,ui.lap_update,carrera_v2_6b799dd9_992f_4f07_bcd0_a3815b27c6ec,,1747224390909,1747224390909,carrera_v2_lap_80687EFE,555,7
,1,10441,69,0:10.441,14.05.2025 14:06:31,,,ui.lap_update,carrera_v2_6b799dd9_992f_4f07_bcd0_a3815b27c6ec,,1747224391270,1747224391270,carrera_v2_lap_80687EFE,779,3
,1,5692,69,0:05.692,14.05.2025 14:06:37,,,ui.lap_update,carrera_v2_6b799dd9_992f_4f07_bcd0_a3815b27c6ec,,1747224396970,1747224396970,carrera_v2_lap_80687EFE,780,3
,2,9682,37,0:09.682,14.05.2025 14:06:41,,,ui.lap_update,carrera_v2_6b799dd9_992f_4f07_bcd0_a3815b27c6ec,,1747224400569,1747224400569,carrera_v2_lap_80687EFE,556,7
,1,7595,69,0:07.595,14.05.2025 14:06:44,,,ui.lap_update,carrera_v2_6b799dd9_992f_4f07_bcd0_a3815b27c6ec,,1747224404473,1747224404473,carrera_v2_lap_80687EFE,781,3
,1,5462,69,0:05.462,14.05.2025 14:06:50,,,ui.lap_update,carrera_v2_6b799dd9_992f_4f07_bcd0_a3815b27c6ec,,1747224409989,1747224409989,carrera_v2_lap_80687EFE,782,3
,2,9829,37,0:09.829,14.05.2025 14:06:51,,,ui.lap_update,carrera_v2_6b799dd9_992f_4f07_bcd0_a3815b27c6ec,,1747224410529,1747224410529,carrera_v2_lap_80687EFE,557,7
,1,76067,70,1:16.067,14.05.2025 14:08:06,,,ui.lap_update,carrera_v2_6b799dd9_992f_4f07_bcd0_a3815b27c6ec,,1747224485770,1747224485770,carrera_v2_lap_80687EFE,783,3
,2,116210,71,1:56.210,14.05.2025 14:08:46,,,ui.lap_update,carrera_v2_6b799dd9_992f_4f07_bcd0_a3815b27c6ec,,1747224526350,1747224526350,carrera_v2_lap_80687EFE,558,7
,1,40802,70,0:40.802,14.05.2025 14:08:46,,,ui.lap_update,carrera_v2_6b799dd9_992f_4f07_bcd0_a3815b27c6ec,,1747224526447,1747224526447,carrera_v2_lap_80687EFE,784,3
,2,8811,71,0:08.811,14.05.2025 14:08:55,,,ui.lap_update,carrera_v2_6b799dd9_992f_4f07_bcd0_a3815b27c6ec,,1747224535090,1747224535090,carrera_v2_lap_80687EFE,559,7
,1,10346,70,0:10.346,14.05.2025 14:08:57,,,ui.lap_update,carrera_v2_6b799dd9_992f_4f07_bcd0_a3815b27c6ec,,1747224536710,1747224536710,carrera_v2_lap_80687EFE,785,3
,2,7416,71,0:07.416,14.05.2025 14:09:02,,,ui.lap_update,carrera_v2_6b799dd9_992f_4f07_bcd0_a3815b27c6ec,,1747224542470,1747224542470,carrera_v2_lap_80687EFE,560,7
,1,5999,70,0:05.999,14.05.2025 14:09:03,,,ui.lap_update,carrera_v2_6b799dd9_992f_4f07_bcd0_a3815b27c6ec,,1747224542828,1747224542828,carrera_v2_lap_80687EFE,786,3
,1,6057,70,0:06.057,14.05.2025 14:09:09,,,ui.lap_update,carrera_v2_6b799dd9_992f_4f07_bcd0_a3815b27c6ec,,1747224548827,1747224548827,carrera_v2_lap_80687EFE,787,3
,2,9665,71,0:09.665,14.05.2025 14:09:12,,,ui.lap_update,carrera_v2_6b799dd9_992f_4f07_bcd0_a3815b27c6ec,,1747224552126,1747224552126,carrera_v2_lap_80687EFE,561,7
,1,5572,70,0:05.572,14.05.2025 14:09:14,,,ui.lap_update,carrera_v2_6b799dd9_992f_4f07_bcd0_a3815b27c6ec,,1747224554409,1747224554409,carrera_v2_lap_80687EFE,788,3
,2,6407,71,0:06.407,14.05.2025 14:09:19,,,ui.lap_update,carrera_v2_6b799dd9_992f_4f07_bcd0_a3815b27c6ec,,1747224558549,1747224558549,carrera_v2_lap_80687EFE,562,7
,1,6217,70,0:06.217,14.05.2025 14:09:21,,,ui.lap_update,carrera_v2_6b799dd9_992f_4f07_bcd0_a3815b27c6ec,,1747224560528,1747224560528,carrera_v2_lap_80687EFE,789,3
,1,6046,70,0:06.046,14.05.2025 14:09:27,,,ui.lap_update,carrera_v2_6b799dd9_992f_4f07_bcd0_a3815b27c6ec,,1747224566650,1747224566650,carrera_v2_lap_80687EFE,790,3
,2,8529,71,0:08.529,14.05.2025 14:09:27,,,ui.lap_update,carrera_v2_6b799dd9_992f_4f07_bcd0_a3815b27c6ec,,1747224566949,1747224566949,carrera_v2_lap_80687EFE,563,7
,1,5562,70,0:05.562,14.05.2025 14:09:32,,,ui.lap_update,carrera_v2_6b799dd9_992f_4f07_bcd0_a3815b27c6ec,,1747224572108,1747224572108,carrera_v2_lap_80687EFE,791,3
,2,6810,71,0:06.810,14.05.2025 14:09:34,,,ui.lap_update,carrera_v2_6b799dd9_992f_4f07_bcd0_a3815b27c6ec,,1747224573789,1747224573789,carrera_v2_lap_80687EFE,564,7
,2,6642,71,0:06.642,14.05.2025 14:09:40,,,ui.lap_update,carrera_v2_6b799dd9_992f_4f07_bcd0_a3815b27c6ec,,1747224580449,1747224580449,carrera_v2_lap_80687EFE,565,7
,1,10144,70,0:10.144,14.05.2025 14:09:42,,,ui.lap_update,carrera_v2_6b799dd9_992f_4f07_bcd0_a3815b27c6ec,,1747224582189,1747224582189,carrera_v2_lap_80687EFE,792,3
,2,9148,71,0:09.148,14.05.2025 14:09:50,,,ui.lap_update,carrera_v2_6b799dd9_992f_4f07_bcd0_a3815b27c6ec,,1747224589508,1747224589508,carrera_v2_lap_80687EFE,566,7
,1,8085,70,0:08.085,14.05.2025 14:09:50,,,ui.lap_update,carrera_v2_6b799dd9_992f_4f07_bcd0_a3815b27c6ec,,1747224590230,1747224590230,carrera_v2_lap_80687EFE,793,3
,2,7063,71,0:07.063,14.05.2025 14:09:57,,,ui.lap_update,carrera_v2_6b799dd9_992f_4f07_bcd0_a3815b27c6ec,,1747224596528,1747224596528,carrera_v2_lap_80687EFE,567,7
,1,6410,70,0:06.410,14.05.2025 14:09:57,,,ui.lap_update,carrera_v2_6b799dd9_992f_4f07_bcd0_a3815b27c6ec,,1747224596648,1747224596648,carrera_v2_lap_80687EFE,794,3
,1,5704,70,0:05.704,14.05.2025 14:10:02,,,ui.lap_update,carrera_v2_6b799dd9_992f_4f07_bcd0_a3815b27c6ec,,1747224602351,1747224602351,carrera_v2_lap_80687EFE,795,3
,2,7905,71,0:07.905,14.05.2025 14:10:05,,,ui.lap_update,carrera_v2_6b799dd9_992f_4f07_bcd0_a3815b27c6ec,,1747224604509,1747224604509,carrera_v2_lap_80687EFE,568,7
,1,5584,70,0:05.584,14.05.2025 14:10:08,,,ui.lap_update,carrera_v2_6b799dd9_992f_4f07_bcd0_a3815b27c6ec,,1747224607992,1747224607992,carrera_v2_lap_80687EFE,796,3
,2,9095,71,0:09.095,14.05.2025 14:10:13,,,ui.lap_update,carrera_v2_6b799dd9_992f_4f07_bcd0_a3815b27c6ec,,1747224613449,1747224613449,carrera_v2_lap_80687EFE,569,7
,1,5723,70,0:05.723,14.05.2025 14:10:14,,,ui.lap_update,carrera_v2_6b799dd9_992f_4f07_bcd0_a3815b27c6ec,,1747224613688,1747224613688,carrera_v2_lap_80687EFE,797,3
,1,12059,70,0:12.059,14.05.2025 14:10:26,,,ui.lap_update,carrera_v2_6b799dd9_992f_4f07_bcd0_a3815b27c6ec,,1747224625630,1747224625630,carrera_v2_lap_80687EFE,798,3
,2,16477,71,0:16.477,14.05.2025 14:10:30,,,ui.lap_update,carrera_v2_6b799dd9_992f_4f07_bcd0_a3815b27c6ec,,1747224629949,1747224629949,carrera_v2_lap_80687EFE,570,7
,1,5611,70,0:05.611,14.05.2025 14:10:31,,,ui.lap_update,carrera_v2_6b799dd9_992f_4f07_bcd0_a3815b27c6ec,,1747224631268,1747224631268,carrera_v2_lap_80687EFE,799,3
,2,11696,71,0:11.696,14.05.2025 14:10:42,,,ui.lap_update,carrera_v2_6b799dd9_992f_4f07_bcd0_a3815b27c6ec,,1747224641528,1747224641528,carrera_v2_lap_80687EFE,571,7
,1,10838,70,0:10.838,14.05.2025 14:10:42,,,ui.lap_update,carrera_v2_6b799dd9_992f_4f07_bcd0_a3815b27c6ec,,1747224642007,1747224642007,carrera_v2_lap_80687EFE,800,3
,1,5667,70,0:05.667,14.05.2025 14:10:48,,,ui.lap_update,carrera_v2_6b799dd9_992f_4f07_bcd0_a3815b27c6ec,,1747224647709,1747224647709,carrera_v2_lap_80687EFE,801,3
,2,6394,71,0:06.394,14.05.2025 14:10:48,,,ui.lap_update,carrera_v2_6b799dd9_992f_4f07_bcd0_a3815b27c6ec,,1747224647949,1747224647949,carrera_v2_lap_80687EFE,572,7
,1,5714,70,0:05.714,14.05.2025 14:10:53,,,ui.lap_update,carrera_v2_6b799dd9_992f_4f07_bcd0_a3815b27c6ec,,1747224653468,1747224653468,carrera_v2_lap_80687EFE,802,3
,2,9734,71,0:09.734,14.05.2025 14:10:58,,,ui.lap_update,carrera_v2_6b799dd9_992f_4f07_bcd0_a3815b27c6ec,,1747224657729,1747224657729,carrera_v2_lap_80687EFE,573,7
,1,5799,70,0:05.799,14.05.2025 14:10:59,,,ui.lap_update,carrera_v2_6b799dd9_992f_4f07_bcd0_a3815b27c6ec,,1747224659227,1747224659227,carrera_v2_lap_80687EFE,803,3
,2,7071,71,0:07.071,14.05.2025 14:11:05,,,ui.lap_update,carrera_v2_6b799dd9_992f_4f07_bcd0_a3815b27c6ec,,1747224664688,1747224664688,carrera_v2_lap_80687EFE,574,7
,1,6075,70,0:06.075,14.05.2025 14:11:05,,,ui.lap_update,carrera_v2_6b799dd9_992f_4f07_bcd0_a3815b27c6ec,,1747224665288,1747224665288,carrera_v2_lap_80687EFE,804,3
,1,5368,70,0:05.368,14.05.2025 14:11:11,,,ui.lap_update,carrera_v2_6b799dd9_992f_4f07_bcd0_a3815b27c6ec,,1747224670628,1747224670628,carrera_v2_lap_80687EFE,805,3
,2,6835,71,0:06.835,14.05.2025 14:11:12,,,ui.lap_update,carrera_v2_6b799dd9_992f_4f07_bcd0_a3815b27c6ec,,1747224671590,1747224671590,carrera_v2_lap_80687EFE,575,7
,1,5490,70,0:05.490,14.05.2025 14:11:16,,,ui.lap_update,carrera_v2_6b799dd9_992f_4f07_bcd0_a3815b27c6ec,,1747224676087,1747224676087,carrera_v2_lap_80687EFE,806,3
,1,10877,70,0:10.877,14.05.2025 14:11:27,,,ui.lap_update,carrera_v2_6b799dd9_992f_4f07_bcd0_a3815b27c6ec,,1747224686889,1747224686889,carrera_v2_lap_80687EFE,807,3
,2,18272,71,0:18.272,14.05.2025 14:11:30,,,ui.lap_update,carrera_v2_6b799dd9_992f_4f07_bcd0_a3815b27c6ec,,1747224689767,1747224689767,carrera_v2_lap_80687EFE,576,7
,1,5583,70,0:05.583,14.05.2025 14:11:33,,,ui.lap_update,carrera_v2_6b799dd9_992f_4f07_bcd0_a3815b27c6ec,,1747224692532,1747224692532,carrera_v2_lap_80687EFE,808,3
,2,7030,71,0:07.030,14.05.2025 14:11:37,,,ui.lap_update,carrera_v2_6b799dd9_992f_4f07_bcd0_a3815b27c6ec,,1747224696727,1747224696727,carrera_v2_lap_80687EFE,577,7
,1,5322,70,0:05.322,14.05.2025 14:11:38,,,ui.lap_update,carrera_v2_6b799dd9_992f_4f07_bcd0_a3815b27c6ec,,1747224697808,1747224697808,carrera_v2_lap_80687EFE,809,3
,2,6128,71,0:06.128,14.05.2025 14:11:43,,,ui.lap_update,carrera_v2_6b799dd9_992f_4f07_bcd0_a3815b27c6ec,,1747224702848,1747224702848,carrera_v2_lap_80687EFE,578,7
,1,5304,70,0:05.304,14.05.2025 14:11:43,,,ui.lap_update,carrera_v2_6b799dd9_992f_4f07_bcd0_a3815b27c6ec,,1747224703087,1747224703087,carrera_v2_lap_80687EFE,810,3
,1,5218,70,0:05.218,14.05.2025 14:11:48,,,ui.lap_update,carrera_v2_6b799dd9_992f_4f07_bcd0_a3815b27c6ec,,1747224708187,1747224708187,carrera_v2_lap_80687EFE,811,3
,2,6509,71,0:06.509,14.05.2025 14:11:49,,,ui.lap_update,carrera_v2_6b799dd9_992f_4f07_bcd0_a3815b27c6ec,,1747224709388,1747224709388,carrera_v2_lap_80687EFE,579,7
,1,5278,70,0:05.278,14.05.2025 14:11:54,,,ui.lap_update,carrera_v2_6b799dd9_992f_4f07_bcd0_a3815b27c6ec,,1747224713587,1747224713587,carrera_v2_lap_80687EFE,812,3
,2,9092,71,0:09.092,14.05.2025 14:11:58,,,ui.lap_update,carrera_v2_6b799dd9_992f_4f07_bcd0_a3815b27c6ec,,1747224718447,1747224718447,carrera_v2_lap_80687EFE,580,7
,1,5307,70,0:05.307,14.05.2025 14:11:59,,,ui.lap_update,carrera_v2_6b799dd9_992f_4f07_bcd0_a3815b27c6ec,,1747224718807,1747224718807,carrera_v2_lap_80687EFE,813,3
,2,7709,71,0:07.709,14.05.2025 14:12:06,,,ui.lap_update,carrera_v2_6b799dd9_992f_4f07_bcd0_a3815b27c6ec,,1747224726068,1747224726068,carrera_v2_lap_80687EFE,581,7
,2,9008,71,0:09.008,14.05.2025 14:12:15,,,ui.lap_update,carrera_v2_6b799dd9_992f_4f07_bcd0_a3815b27c6ec,,1747224735068,1747224735068,carrera_v2_lap_80687EFE,582,7
,1,16384,70,0:16.384,14.05.2025 14:12:15,,,ui.lap_update,carrera_v2_6b799dd9_992f_4f07_bcd0_a3815b27c6ec,,1747224735247,1747224735247,carrera_v2_lap_80687EFE,814,3
,1,6152,70,0:06.152,14.05.2025 14:12:21,,,ui.lap_update,carrera_v2_6b799dd9_992f_4f07_bcd0_a3815b27c6ec,,1747224741248,1747224741248,carrera_v2_lap_80687EFE,815,3
,1,10159,70,0:10.159,14.05.2025 14:12:31,,,ui.lap_update,carrera_v2_6b799dd9_992f_4f07_bcd0_a3815b27c6ec,,1747224751448,1747224751448,carrera_v2_lap_80687EFE,816,3
,2,23996,71,0:23.996,14.05.2025 14:12:39,,,ui.lap_update,carrera_v2_6b799dd9_992f_4f07_bcd0_a3815b27c6ec,,1747224759007,1747224759007,carrera_v2_lap_80687EFE,583,7
,2,741,71,0:00.741,14.05.2025 14:12:40,,,ui.lap_update,carrera_v2_6b799dd9_992f_4f07_bcd0_a3815b27c6ec,,1747224759667,1747224759667,carrera_v2_lap_80687EFE,584,7
,2,89009,74,1:29.009,14.05.2025 14:14:16,,,ui.lap_update,carrera_v2_6b799dd9_992f_4f07_bcd0_a3815b27c6ec,,1747224856327,1747224856327,carrera_v2_lap_80687EFE,585,7
,1,97829,72,1:37.829,14.05.2025 14:14:17,,,ui.lap_update,carrera_v2_6b799dd9_992f_4f07_bcd0_a3815b27c6ec,,1747224856807,1747224856807,carrera_v2_lap_80687EFE,817,3
,2,10167,74,0:10.167,14.05.2025 14:14:26,,,ui.lap_update,carrera_v2_6b799dd9_992f_4f07_bcd0_a3815b27c6ec,,1747224866406,1747224866406,carrera_v2_lap_80687EFE,586,7
,1,9899,72,0:09.899,14.05.2025 14:14:27,,,ui.lap_update,carrera_v2_6b799dd9_992f_4f07_bcd0_a3815b27c6ec,,1747224866646,1747224866646,carrera_v2_lap_80687EFE,818,3
,2,6035,74,0:06.035,14.05.2025 14:14:33,,,ui.lap_update,carrera_v2_6b799dd9_992f_4f07_bcd0_a3815b27c6ec,,1747224872525,1747224872525,carrera_v2_lap_80687EFE,587,7
,2,9089,74,0:09.089,14.05.2025 14:14:41,,,ui.lap_update,carrera_v2_6b799dd9_992f_4f07_bcd0_a3815b27c6ec,,1747224881406,1747224881406,carrera_v2_lap_80687EFE,588,7
,1,9196,72,0:09.196,14.05.2025 14:14:42,,,ui.lap_update,carrera_v2_6b799dd9_992f_4f07_bcd0_a3815b27c6ec,,1747224881646,1747224881646,carrera_v2_lap_80687EFE,820,3
,1,5025,72,0:05.025,14.05.2025 14:14:47,,,ui.lap_update,carrera_v2_6b799dd9_992f_4f07_bcd0_a3815b27c6ec,,1747224886627,1747224886627,carrera_v2_lap_80687EFE,821,3
,2,11520,74,0:11.520,14.05.2025 14:14:53,,,ui.lap_update,carrera_v2_6b799dd9_992f_4f07_bcd0_a3815b27c6ec,,1747224892865,1747224892865,carrera_v2_lap_80687EFE,589,7
,1,8114,72,0:08.114,14.05.2025 14:14:55,,,ui.lap_update,carrera_v2_6b799dd9_992f_4f07_bcd0_a3815b27c6ec,,1747224894726,1747224894726,carrera_v2_lap_80687EFE,822,3
,1,6589,72,0:06.589,14.05.2025 14:15:01,,,ui.lap_update,carrera_v2_6b799dd9_992f_4f07_bcd0_a3815b27c6ec,,1747224901325,1747224901325,carrera_v2_lap_80687EFE,823,3
,2,8578,74,0:08.578,14.05.2025 14:15:02,,,ui.lap_update,carrera_v2_6b799dd9_992f_4f07_bcd0_a3815b27c6ec,,1747224901566,1747224901566,carrera_v2_lap_80687EFE,590,7
,2,9190,74,0:09.190,14.05.2025 14:15:11,,,ui.lap_update,carrera_v2_6b799dd9_992f_4f07_bcd0_a3815b27c6ec,,1747224910625,1747224910625,carrera_v2_lap_80687EFE,591,7
,1,5703,72,0:05.703,14.05.2025 14:15:13,,,ui.lap_update,carrera_v2_6b799dd9_992f_4f07_bcd0_a3815b27c6ec,,1747224913086,1747224913086,carrera_v2_lap_80687EFE,825,3
,1,5384,72,0:05.384,14.05.2025 14:15:18,,,ui.lap_update,carrera_v2_6b799dd9_992f_4f07_bcd0_a3815b27c6ec,,1747224918425,1747224918425,carrera_v2_lap_80687EFE,826,3
,1,5098,72,0:05.098,14.05.2025 14:15:24,,,ui.lap_update,carrera_v2_6b799dd9_992f_4f07_bcd0_a3815b27c6ec,,1747224923524,1747224923524,carrera_v2_lap_80687EFE,827,3
,2,8296,74,0:08.296,14.05.2025 14:15:29,,,ui.lap_update,carrera_v2_6b799dd9_992f_4f07_bcd0_a3815b27c6ec,,1747224928625,1747224928625,carrera_v2_lap_80687EFE,593,7
,1,6073,72,0:06.073,14.05.2025 14:15:30,,,ui.lap_update,carrera_v2_6b799dd9_992f_4f07_bcd0_a3815b27c6ec,,1747224929589,1747224929589,carrera_v2_lap_80687EFE,828,3
,2,6254,74,0:06.254,14.05.2025 14:15:35,,,ui.lap_update,carrera_v2_6b799dd9_992f_4f07_bcd0_a3815b27c6ec,,1747224934807,1747224934807,carrera_v2_lap_80687EFE,594,7
,1,5335,72,0:05.335,14.05.2025 14:15:35,,,ui.lap_update,carrera_v2_6b799dd9_992f_4f07_bcd0_a3815b27c6ec,,1747224934926,1747224934926,carrera_v2_lap_80687EFE,829,3
,1,5735,72,0:05.735,14.05.2025 14:15:41,,,ui.lap_update,carrera_v2_6b799dd9_992f_4f07_bcd0_a3815b27c6ec,,1747224940565,1747224940565,carrera_v2_lap_80687EFE,830,3
,2,8330,74,0:08.330,14.05.2025 14:15:43,,,ui.lap_update,carrera_v2_6b799dd9_992f_4f07_bcd0_a3815b27c6ec,,1747224943025,1747224943025,carrera_v2_lap_80687EFE,595,7
,1,5673,72,0:05.673,14.05.2025 14:15:46,,,ui.lap_update,carrera_v2_6b799dd9_992f_4f07_bcd0_a3815b27c6ec,,1747224946323,1747224946323,carrera_v2_lap_80687EFE,831,3
,2,11464,74,0:11.464,14.05.2025 14:15:55,,,ui.lap_update,carrera_v2_6b799dd9_992f_4f07_bcd0_a3815b27c6ec,,1747224954604,1747224954604,carrera_v2_lap_80687EFE,596,7
,1,9063,72,0:09.063,14.05.2025 14:15:55,,,ui.lap_update,carrera_v2_6b799dd9_992f_4f07_bcd0_a3815b27c6ec,,1747224955326,1747224955326,carrera_v2_lap_80687EFE,832,3
,1,12830,72,0:12.830,14.05.2025 14:16:08,,,ui.lap_update,carrera_v2_6b799dd9_992f_4f07_bcd0_a3815b27c6ec,,1747224968046,1747224968046,carrera_v2_lap_80687EFE,833,3
,2,14040,74,0:14.040,14.05.2025 14:16:09,,,ui.lap_update,carrera_v2_6b799dd9_992f_4f07_bcd0_a3815b27c6ec,,1747224968526,1747224968526,carrera_v2_lap_80687EFE,597,7
,1,5636,72,0:05.636,14.05.2025 14:16:14,,,ui.lap_update,carrera_v2_6b799dd9_992f_4f07_bcd0_a3815b27c6ec,,1747224973685,1747224973685,carrera_v2_lap_80687EFE,834,3
,2,9212,74,0:09.212,14.05.2025 14:16:18,,,ui.lap_update,carrera_v2_6b799dd9_992f_4f07_bcd0_a3815b27c6ec,,1747224977707,1747224977707,carrera_v2_lap_80687EFE,598,7
,1,5606,72,0:05.606,14.05.2025 14:16:19,,,ui.lap_update,carrera_v2_6b799dd9_992f_4f07_bcd0_a3815b27c6ec,,1747224979265,1747224979265,carrera_v2_lap_80687EFE,835,3
,2,6214,74,0:06.214,14.05.2025 14:16:24,,,ui.lap_update,carrera_v2_6b799dd9_992f_4f07_bcd0_a3815b27c6ec,,1747224983946,1747224983946,carrera_v2_lap_80687EFE,599,7
,1,5317,72,0:05.317,14.05.2025 14:16:25,,,ui.lap_update,carrera_v2_6b799dd9_992f_4f07_bcd0_a3815b27c6ec,,1747224984545,1747224984545,carrera_v2_lap_80687EFE,836,3
,1,5269,72,0:05.269,14.05.2025 14:16:30,,,ui.lap_update,carrera_v2_6b799dd9_992f_4f07_bcd0_a3815b27c6ec,,1747224989824,1747224989824,carrera_v2_lap_80687EFE,837,3
,2,6608,74,0:06.608,14.05.2025 14:16:31,,,ui.lap_update,carrera_v2_6b799dd9_992f_4f07_bcd0_a3815b27c6ec,,1747224990544,1747224990544,carrera_v2_lap_80687EFE,600,7
,1,5228,72,0:05.228,14.05.2025 14:16:35,,,ui.lap_update,carrera_v2_6b799dd9_992f_4f07_bcd0_a3815b27c6ec,,1747224995045,1747224995045,carrera_v2_lap_80687EFE,838,3
,1,5656,72,0:05.656,14.05.2025 14:16:41,,,ui.lap_update,carrera_v2_6b799dd9_992f_4f07_bcd0_a3815b27c6ec,,1747225000745,1747225000745,carrera_v2_lap_80687EFE,839,3
,2,12052,74,0:12.052,14.05.2025 14:16:43,,,ui.lap_update,carrera_v2_6b799dd9_992f_4f07_bcd0_a3815b27c6ec,,1747225002545,1747225002545,carrera_v2_lap_80687EFE,601,7
,1,9157,72,0:09.157,14.05.2025 14:16:50,,,ui.lap_update,carrera_v2_6b799dd9_992f_4f07_bcd0_a3815b27c6ec,,1747225009805,1747225009805,carrera_v2_lap_80687EFE,840,3
,2,12513,74,0:12.513,14.05.2025 14:16:55,,,ui.lap_update,carrera_v2_6b799dd9_992f_4f07_bcd0_a3815b27c6ec,,1747225014965,1747225014965,carrera_v2_lap_80687EFE,602,7
,1,5631,72,0:05.631,14.05.2025 14:16:56,,,ui.lap_update,carrera_v2_6b799dd9_992f_4f07_bcd0_a3815b27c6ec,,1747225015505,1747225015505,carrera_v2_lap_80687EFE,841,3
,1,5627,72,0:05.627,14.05.2025 14:17:01,,,ui.lap_update,carrera_v2_6b799dd9_992f_4f07_bcd0_a3815b27c6ec,,1747225021085,1747225021085,carrera_v2_lap_80687EFE,842,3
,2,12091,74,0:12.091,14.05.2025 14:17:07,,,ui.lap_update,carrera_v2_6b799dd9_992f_4f07_bcd0_a3815b27c6ec,,1747225027085,1747225027085,carrera_v2_lap_80687EFE,603,7
,1,8960,72,0:08.960,14.05.2025 14:17:10,,,ui.lap_update,carrera_v2_6b799dd9_992f_4f07_bcd0_a3815b27c6ec,,1747225030024,1747225030024,carrera_v2_lap_80687EFE,843,3
,1,9801,72,0:09.801,14.05.2025 14:17:20,,,ui.lap_update,carrera_v2_6b799dd9_992f_4f07_bcd0_a3815b27c6ec,,1747225039744,1747225039744,carrera_v2_lap_80687EFE,844,3
,2,15835,74,0:15.835,14.05.2025 14:17:23,,,ui.lap_update,carrera_v2_6b799dd9_992f_4f07_bcd0_a3815b27c6ec,,1747225042866,1747225042866,carrera_v2_lap_80687EFE,604,7
,1,7796,72,0:07.796,14.05.2025 14:17:42,,,ui.lap_update,carrera_v2_6b799dd9_992f_4f07_bcd0_a3815b27c6ec,,1747225061585,1747225061585,carrera_v2_lap_80687EFE,846,3
,2,18953,74,0:18.953,14.05.2025 14:17:42,,,ui.lap_update,carrera_v2_6b799dd9_992f_4f07_bcd0_a3815b27c6ec,,1747225061705,1747225061705,carrera_v2_lap_80687EFE,605,7
,1,5607,72,0:05.607,14.05.2025 14:17:47,,,ui.lap_update,carrera_v2_6b799dd9_992f_4f07_bcd0_a3815b27c6ec,,1747225067225,1747225067225,carrera_v2_lap_80687EFE,847,3
,2,7303,74,0:07.303,14.05.2025 14:17:49,,,ui.lap_update,carrera_v2_6b799dd9_992f_4f07_bcd0_a3815b27c6ec,,1747225069025,1747225069025,carrera_v2_lap_80687EFE,606,7
,1,5083,72,0:05.083,14.05.2025 14:17:52,,,ui.lap_update,carrera_v2_6b799dd9_992f_4f07_bcd0_a3815b27c6ec,,1747225072264,1747225072264,carrera_v2_lap_80687EFE,848,3
,2,6558,74,0:06.558,14.05.2025 14:17:56,,,ui.lap_update,carrera_v2_6b799dd9_992f_4f07_bcd0_a3815b27c6ec,,1747225075623,1747225075623,carrera_v2_lap_80687EFE,607,7
,2,142688,76,2:22.688,14.05.2025 14:20:18,,,ui.lap_update,carrera_v2_6b799dd9_992f_4f07_bcd0_a3815b27c6ec,,1747225217763,1747225217763,carrera_v2_lap_80687EFE,608,7
,1,18927,76,0:18.927,14.05.2025 14:20:37,,,ui.lap_update,carrera_v2_6b799dd9_992f_4f07_bcd0_a3815b27c6ec,,1747225237323,1747225237323,carrera_v2_lap_80687EFE,850,3
,2,110986,76,1:50.986,14.05.2025 14:22:08,,,ui.lap_update,carrera_v2_6b799dd9_992f_4f07_bcd0_a3815b27c6ec,,1747225328404,1747225328404,carrera_v2_lap_80687EFE,609,7
,1,92283,77,1:32.283,14.05.2025 14:22:09,,,ui.lap_update,carrera_v2_6b799dd9_992f_4f07_bcd0_a3815b27c6ec,,1747225329363,1747225329363,carrera_v2_lap_80687EFE,851,3
,2,12270,76,0:12.270,14.05.2025 14:22:21,,,ui.lap_update,carrera_v2_6b799dd9_992f_4f07_bcd0_a3815b27c6ec,,1747225340707,1747225340707,carrera_v2_lap_80687EFE,610,7
,1,25744,77,0:25.744,14.05.2025 14:22:35,,,ui.lap_update,carrera_v2_6b799dd9_992f_4f07_bcd0_a3815b27c6ec,,1747225354983,1747225354983,carrera_v2_lap_80687EFE,852,3
,2,14815,76,0:14.815,14.05.2025 14:22:35,,,ui.lap_update,carrera_v2_6b799dd9_992f_4f07_bcd0_a3815b27c6ec,,1747225355463,1747225355463,carrera_v2_lap_80687EFE,611,7
,2,13260,76,0:13.260,14.05.2025 14:22:49,,,ui.lap_update,carrera_v2_6b799dd9_992f_4f07_bcd0_a3815b27c6ec,,1747225368721,1747225368721,carrera_v2_lap_80687EFE,612,7
,1,17787,77,0:17.787,14.05.2025 14:22:53,,,ui.lap_update,carrera_v2_6b799dd9_992f_4f07_bcd0_a3815b27c6ec,,1747225372805,1747225372805,carrera_v2_lap_80687EFE,853,3
,2,13119,76,0:13.119,14.05.2025 14:23:02,,,ui.lap_update,carrera_v2_6b799dd9_992f_4f07_bcd0_a3815b27c6ec,,1747225381803,1747225381803,carrera_v2_lap_80687EFE,613,7
,1,12439,77,0:12.439,14.05.2025 14:23:05,,,ui.lap_update,carrera_v2_6b799dd9_992f_4f07_bcd0_a3815b27c6ec,,1747225385161,1747225385161,carrera_v2_lap_80687EFE,854,3
,2,7805,76,0:07.805,14.05.2025 14:23:10,,,ui.lap_update,carrera_v2_6b799dd9_992f_4f07_bcd0_a3815b27c6ec,,1747225389540,1747225389540,carrera_v2_lap_80687EFE,614,7
,1,16358,77,0:16.358,14.05.2025 14:23:21,,,ui.lap_update,carrera_v2_6b799dd9_992f_4f07_bcd0_a3815b27c6ec,,1747225401483,1747225401483,carrera_v2_lap_80687EFE,855,3
,1,24636,77,0:24.636,14.05.2025 14:23:46,,,ui.lap_update,carrera_v2_6b799dd9_992f_4f07_bcd0_a3815b27c6ec,,1747225426083,1747225426083,carrera_v2_lap_80687EFE,856,3
,2,43870,76,0:43.870,14.05.2025 14:23:53,,,ui.lap_update,carrera_v2_6b799dd9_992f_4f07_bcd0_a3815b27c6ec,,1747225433463,1747225433463,carrera_v2_lap_80687EFE,615,7
,1,8361,77,0:08.361,14.05.2025 14:23:54,,,ui.lap_update,carrera_v2_6b799dd9_992f_4f07_bcd0_a3815b27c6ec,,1747225434303,1747225434303,carrera_v2_lap_80687EFE,857,3
,1,16684,77,0:16.684,14.05.2025 14:24:11,,,ui.lap_update,carrera_v2_6b799dd9_992f_4f07_bcd0_a3815b27c6ec,,1747225450983,1747225450983,carrera_v2_lap_80687EFE,858,3
,2,25364,76,0:25.364,14.05.2025 14:24:19,,,ui.lap_update,carrera_v2_6b799dd9_992f_4f07_bcd0_a3815b27c6ec,,1747225458543,1747225458543,carrera_v2_lap_80687EFE,616,7
,1,9169,77,0:09.169,14.05.2025 14:24:20,,,ui.lap_update,carrera_v2_6b799dd9_992f_4f07_bcd0_a3815b27c6ec,,1747225460103,1747225460103,carrera_v2_lap_80687EFE,859,3
,1,10114,77,0:10.114,14.05.2025 14:24:30,,,ui.lap_update,carrera_v2_6b799dd9_992f_4f07_bcd0_a3815b27c6ec,,1747225470302,1747225470302,carrera_v2_lap_80687EFE,860,3
,1,10708,77,0:10.708,14.05.2025 14:24:41,,,ui.lap_update,carrera_v2_6b799dd9_992f_4f07_bcd0_a3815b27c6ec,,1747225480922,1747225480922,carrera_v2_lap_80687EFE,861,3
,1,8545,77,0:08.545,14.05.2025 14:24:49,,,ui.lap_update,carrera_v2_6b799dd9_992f_4f07_bcd0_a3815b27c6ec,,1747225489442,1747225489442,carrera_v2_lap_80687EFE,862,3
,1,18262,77,0:18.262,14.05.2025 14:25:08,,,ui.lap_update,carrera_v2_6b799dd9_992f_4f07_bcd0_a3815b27c6ec,,1747225507743,1747225507743,carrera_v2_lap_80687EFE,863,3
,1,8486,77,0:08.486,14.05.2025 14:25:16,,,ui.lap_update,carrera_v2_6b799dd9_992f_4f07_bcd0_a3815b27c6ec,,1747225516024,1747225516024,carrera_v2_lap_80687EFE,864,3
,2,58540,76,0:58.540,14.05.2025 14:25:17,,,ui.lap_update,carrera_v2_6b799dd9_992f_4f07_bcd0_a3815b27c6ec,,1747225517043,1747225517043,carrera_v2_lap_80687EFE,617,7
,1,10033,77,0:10.033,14.05.2025 14:25:26,,,ui.lap_update,carrera_v2_6b799dd9_992f_4f07_bcd0_a3815b27c6ec,,1747225526102,1747225526102,carrera_v2_lap_80687EFE,865,3
,2,19323,76,0:19.323,14.05.2025 14:25:36,,,ui.lap_update,carrera_v2_6b799dd9_992f_4f07_bcd0_a3815b27c6ec,,1747225536242,1747225536242,carrera_v2_lap_80687EFE,618,7
,1,10407,77,0:10.407,14.05.2025 14:25:37,,,ui.lap_update,carrera_v2_6b799dd9_992f_4f07_bcd0_a3815b27c6ec,,1747225536543,1747225536543,carrera_v2_lap_80687EFE,866,3
,1,7494,77,0:07.494,14.05.2025 14:25:44,,,ui.lap_update,carrera_v2_6b799dd9_992f_4f07_bcd0_a3815b27c6ec,,1747225543923,1747225543923,carrera_v2_lap_80687EFE,867,3
,2,17924,76,0:17.924,14.05.2025 14:25:54,,,ui.lap_update,carrera_v2_6b799dd9_992f_4f07_bcd0_a3815b27c6ec,,1747225554062,1747225554062,carrera_v2_lap_80687EFE,619,7
,1,13655,77,0:13.655,14.05.2025 14:25:58,,,ui.lap_update,carrera_v2_6b799dd9_992f_4f07_bcd0_a3815b27c6ec,,1747225557542,1747225557542,carrera_v2_lap_80687EFE,868,3
,1,67492,78,1:07.492,14.05.2025 14:27:05,,,ui.lap_update,carrera_v2_6b799dd9_992f_4f07_bcd0_a3815b27c6ec,,1747225624861,1747225624861,carrera_v2_lap_80687EFE,869,3
,1,20618,78,0:20.618,14.05.2025 14:27:25,,,ui.lap_update,carrera_v2_6b799dd9_992f_4f07_bcd0_a3815b27c6ec,,1747225645321,1747225645321,carrera_v2_lap_80687EFE,870,3
,1,8180,78,0:08.180,14.05.2025 14:27:33,,,ui.lap_update,carrera_v2_6b799dd9_992f_4f07_bcd0_a3815b27c6ec,,1747225653483,1747225653483,carrera_v2_lap_80687EFE,871,3
,1,5671,78,0:05.671,14.05.2025 14:27:39,,,ui.lap_update,carrera_v2_6b799dd9_992f_4f07_bcd0_a3815b27c6ec,,1747225659301,1747225659301,carrera_v2_lap_80687EFE,872,3
,2,41662,79,0:41.662,14.05.2025 14:27:45,,,ui.lap_update,carrera_v2_6b799dd9_992f_4f07_bcd0_a3815b27c6ec,,1747225665301,1747225665301,carrera_v2_lap_80687EFE,621,7
,1,6137,78,0:06.137,14.05.2025 14:27:46,,,ui.lap_update,carrera_v2_6b799dd9_992f_4f07_bcd0_a3815b27c6ec,,1747225665600,1747225665600,carrera_v2_lap_80687EFE,873,3
,1,5354,78,0:05.354,14.05.2025 14:27:51,,,ui.lap_update,carrera_v2_6b799dd9_992f_4f07_bcd0_a3815b27c6ec,,1747225670642,1747225670642,carrera_v2_lap_80687EFE,874,3
,2,10231,79,0:10.231,14.05.2025 14:27:56,,,ui.lap_update,carrera_v2_6b799dd9_992f_4f07_bcd0_a3815b27c6ec,,1747225675622,1747225675622,carrera_v2_lap_80687EFE,623,7
,1,5241,78,0:05.241,14.05.2025 14:27:56,,,ui.lap_update,carrera_v2_6b799dd9_992f_4f07_bcd0_a3815b27c6ec,,1747225675922,1747225675922,carrera_v2_lap_80687EFE,875,3
,2,7126,79,0:07.126,14.05.2025 14:28:03,,,ui.lap_update,carrera_v2_6b799dd9_992f_4f07_bcd0_a3815b27c6ec,,1747225682641,1747225682641,carrera_v2_lap_80687EFE,624,7
,1,33041,78,0:33.041,14.05.2025 14:28:29,,,ui.lap_update,carrera_v2_6b799dd9_992f_4f07_bcd0_a3815b27c6ec,,1747225708801,1747225708801,carrera_v2_lap_80687EFE,876,3
,2,26744,79,0:26.744,14.05.2025 14:28:29,,,ui.lap_update,carrera_v2_6b799dd9_992f_4f07_bcd0_a3815b27c6ec,,1747225709340,1747225709340,carrera_v2_lap_80687EFE,625,7
,1,6080,78,0:06.080,14.05.2025 14:28:35,,,ui.lap_update,carrera_v2_6b799dd9_992f_4f07_bcd0_a3815b27c6ec,,1747225714921,1747225714921,carrera_v2_lap_80687EFE,877,3
,1,7940,78,0:07.940,14.05.2025 14:28:43,,,ui.lap_update,carrera_v2_6b799dd9_992f_4f07_bcd0_a3815b27c6ec,,1747225722842,1747225722842,carrera_v2_lap_80687EFE,878,3
,2,14180,79,0:14.180,14.05.2025 14:28:43,,,ui.lap_update,carrera_v2_6b799dd9_992f_4f07_bcd0_a3815b27c6ec,,1747225723441,1747225723441,carrera_v2_lap_80687EFE,626,7
,1,5512,78,0:05.512,14.05.2025 14:28:48,,,ui.lap_update,carrera_v2_6b799dd9_992f_4f07_bcd0_a3815b27c6ec,,1747225728300,1747225728300,carrera_v2_lap_80687EFE,879,3
,1,5775,78,0:05.775,14.05.2025 14:28:54,,,ui.lap_update,carrera_v2_6b799dd9_992f_4f07_bcd0_a3815b27c6ec,,1747225734181,1747225734181,carrera_v2_lap_80687EFE,880,3
,1,18879,78,0:18.879,14.05.2025 14:29:13,,,ui.lap_update,carrera_v2_6b799dd9_992f_4f07_bcd0_a3815b27c6ec,,1747225752901,1747225752901,carrera_v2_lap_80687EFE,881,3
,2,32590,79,0:32.590,14.05.2025 14:29:16,,,ui.lap_update,carrera_v2_6b799dd9_992f_4f07_bcd0_a3815b27c6ec,,1747225755902,1747225755902,carrera_v2_lap_80687EFE,627,7
,1,5388,78,0:05.388,14.05.2025 14:29:18,,,ui.lap_update,carrera_v2_6b799dd9_992f_4f07_bcd0_a3815b27c6ec,,1747225758300,1747225758300,carrera_v2_lap_80687EFE,882,3
,1,12206,78,0:12.206,14.05.2025 14:29:30,,,ui.lap_update,carrera_v2_6b799dd9_992f_4f07_bcd0_a3815b27c6ec,,1747225770420,1747225770420,carrera_v2_lap_80687EFE,883,3
,2,17367,79,0:17.367,14.05.2025 14:29:33,,,ui.lap_update,carrera_v2_6b799dd9_992f_4f07_bcd0_a3815b27c6ec,,1747225773241,1747225773241,carrera_v2_lap_80687EFE,628,7
,1,5493,78,0:05.493,14.05.2025 14:29:36,,,ui.lap_update,carrera_v2_6b799dd9_992f_4f07_bcd0_a3815b27c6ec,,1747225775940,1747225775940,carrera_v2_lap_80687EFE,884,3
,1,11490,78,0:11.490,14.05.2025 14:29:47,,,ui.lap_update,carrera_v2_6b799dd9_992f_4f07_bcd0_a3815b27c6ec,,1747225787461,1747225787461,carrera_v2_lap_80687EFE,885,3
,2,15122,79,0:15.122,14.05.2025 14:29:48,,,ui.lap_update,carrera_v2_6b799dd9_992f_4f07_bcd0_a3815b27c6ec,,1747225788300,1747225788300,carrera_v2_lap_80687EFE,629,7
,2,8724,79,0:08.724,14.05.2025 14:29:57,,,ui.lap_update,carrera_v2_6b799dd9_992f_4f07_bcd0_a3815b27c6ec,,1747225797120,1747225797120,carrera_v2_lap_80687EFE,630,7
,1,10376,78,0:10.376,14.05.2025 14:29:58,,,ui.lap_update,carrera_v2_6b799dd9_992f_4f07_bcd0_a3815b27c6ec,,1747225797781,1747225797781,carrera_v2_lap_80687EFE,886,3
,1,11628,78,0:11.628,14.05.2025 14:30:09,,,ui.lap_update,carrera_v2_6b799dd9_992f_4f07_bcd0_a3815b27c6ec,,1747225809301,1747225809301,carrera_v2_lap_80687EFE,887,3
,2,13384,79,0:13.384,14.05.2025 14:30:10,,,ui.lap_update,carrera_v2_6b799dd9_992f_4f07_bcd0_a3815b27c6ec,,1747225810381,1747225810381,carrera_v2_lap_80687EFE,631,7
,2,6408,79,0:06.408,14.05.2025 14:30:17,,,ui.lap_update,carrera_v2_6b799dd9_992f_4f07_bcd0_a3815b27c6ec,,1747225816800,1747225816800,carrera_v2_lap_80687EFE,632,7
,1,8618,78,0:08.618,14.05.2025 14:30:18,,,ui.lap_update,carrera_v2_6b799dd9_992f_4f07_bcd0_a3815b27c6ec,,1747225817941,1747225817941,carrera_v2_lap_80687EFE,888,3
,2,19701,79,0:19.701,14.05.2025 14:30:36,,,ui.lap_update,carrera_v2_6b799dd9_992f_4f07_bcd0_a3815b27c6ec,,1747225836301,1747225836301,carrera_v2_lap_80687EFE,633,7
,1,22013,78,0:22.013,14.05.2025 14:30:40,,,ui.lap_update,carrera_v2_6b799dd9_992f_4f07_bcd0_a3815b27c6ec,,1747225839781,1747225839781,carrera_v2_lap_80687EFE,889,3
,1,11311,78,0:11.311,14.05.2025 14:30:51,,,ui.lap_update,carrera_v2_6b799dd9_992f_4f07_bcd0_a3815b27c6ec,,1747225851060,1747225851060,carrera_v2_lap_80687EFE,890,3
,2,28110,79,0:28.110,14.05.2025 14:31:04,,,ui.lap_update,carrera_v2_6b799dd9_992f_4f07_bcd0_a3815b27c6ec,,1747225864379,1747225864379,carrera_v2_lap_80687EFE,634,7
,2,6783,79,0:06.783,14.05.2025 14:31:11,,,ui.lap_update,carrera_v2_6b799dd9_992f_4f07_bcd0_a3815b27c6ec,,1747225871160,1747225871160,carrera_v2_lap_80687EFE,635,7
,1,23652,78,0:23.652,14.05.2025 14:31:15,,,ui.lap_update,carrera_v2_6b799dd9_992f_4f07_bcd0_a3815b27c6ec,,1747225874823,1747225874823,carrera_v2_lap_80687EFE,891,3
,1,35044,78,0:35.044,14.05.2025 14:31:50,,,ui.lap_update,carrera_v2_6b799dd9_992f_4f07_bcd0_a3815b27c6ec,,1747225909561,1747225909561,carrera_v2_lap_80687EFE,892,3
,1,10469,78,0:10.469,14.05.2025 14:32:00,,,ui.lap_update,carrera_v2_6b799dd9_992f_4f07_bcd0_a3815b27c6ec,,1747225920118,1747225920118,carrera_v2_lap_80687EFE,893,3
,1,28824,80,0:28.824,14.05.2025 14:32:29,,,ui.lap_update,carrera_v2_6b799dd9_992f_4f07_bcd0_a3815b27c6ec,,1747225948800,1747225948800,carrera_v2_lap_80687EFE,894,3
,1,9051,80,0:09.051,14.05.2025 14:32:38,,,ui.lap_update,carrera_v2_6b799dd9_992f_4f07_bcd0_a3815b27c6ec,,1747225957799,1747225957799,carrera_v2_lap_80687EFE,895,3
,1,6723,80,0:06.723,14.05.2025 14:32:44,,,ui.lap_update,carrera_v2_6b799dd9_992f_4f07_bcd0_a3815b27c6ec,,1747225964458,1747225964458,carrera_v2_lap_80687EFE,896,3
,1,6112,80,0:06.112,14.05.2025 14:32:51,,,ui.lap_update,carrera_v2_6b799dd9_992f_4f07_bcd0_a3815b27c6ec,,1747225970580,1747225970580,carrera_v2_lap_80687EFE,897,3
,1,11116,80,0:11.116,14.05.2025 14:33:02,,,ui.lap_update,carrera_v2_6b799dd9_992f_4f07_bcd0_a3815b27c6ec,,1747225981717,1747225981717,carrera_v2_lap_80687EFE,898,3
,2,111600,64,1:51.600,14.05.2025 14:33:02,,,ui.lap_update,carrera_v2_6b799dd9_992f_4f07_bcd0_a3815b27c6ec,,1747225982400,1747225982400,carrera_v2_lap_80687EFE,636,7
,1,7600,80,0:07.600,14.05.2025 14:33:09,,,ui.lap_update,carrera_v2_6b799dd9_992f_4f07_bcd0_a3815b27c6ec,,1747225989359,1747225989359,carrera_v2_lap_80687EFE,899,3
,2,8915,64,0:08.915,14.05.2025 14:33:11,,,ui.lap_update,carrera_v2_6b799dd9_992f_4f07_bcd0_a3815b27c6ec,,1747225991279,1747225991279,carrera_v2_lap_80687EFE,637,7
,1,6565,80,0:06.565,14.05.2025 14:33:16,,,ui.lap_update,carrera_v2_6b799dd9_992f_4f07_bcd0_a3815b27c6ec,,1747225995839,1747225995839,carrera_v2_lap_80687EFE,900,3
,2,7936,64,0:07.936,14.05.2025 14:33:19,,,ui.lap_update,carrera_v2_6b799dd9_992f_4f07_bcd0_a3815b27c6ec,,1747225999258,1747225999258,carrera_v2_lap_80687EFE,638,7
,1,6474,80,0:06.474,14.05.2025 14:33:22,,,ui.lap_update,carrera_v2_6b799dd9_992f_4f07_bcd0_a3815b27c6ec,,1747226002316,1747226002316,carrera_v2_lap_80687EFE,901,3
,2,8048,64,0:08.048,14.05.2025 14:33:27,,,ui.lap_update,carrera_v2_6b799dd9_992f_4f07_bcd0_a3815b27c6ec,,1747226007240,1747226007240,carrera_v2_lap_80687EFE,639,7
,1,6686,80,0:06.686,14.05.2025 14:33:29,,,ui.lap_update,carrera_v2_6b799dd9_992f_4f07_bcd0_a3815b27c6ec,,1747226008919,1747226008919,carrera_v2_lap_80687EFE,902,3
,1,6269,80,0:06.269,14.05.2025 14:33:35,,,ui.lap_update,carrera_v2_6b799dd9_992f_4f07_bcd0_a3815b27c6ec,,1747226015218,1747226015218,carrera_v2_lap_80687EFE,903,3
,2,11521,64,0:11.521,14.05.2025 14:33:39,,,ui.lap_update,carrera_v2_6b799dd9_992f_4f07_bcd0_a3815b27c6ec,,1747226018759,1747226018759,carrera_v2_lap_80687EFE,640,7
,1,6632,80,0:06.632,14.05.2025 14:33:42,,,ui.lap_update,carrera_v2_6b799dd9_992f_4f07_bcd0_a3815b27c6ec,,1747226021818,1747226021818,carrera_v2_lap_80687EFE,904,3
,2,8528,64,0:08.528,14.05.2025 14:33:47,,,ui.lap_update,carrera_v2_6b799dd9_992f_4f07_bcd0_a3815b27c6ec,,1747226027159,1747226027159,carrera_v2_lap_80687EFE,641,7
,1,6328,80,0:06.328,14.05.2025 14:33:48,,,ui.lap_update,carrera_v2_6b799dd9_992f_4f07_bcd0_a3815b27c6ec,,1747226028239,1747226028239,carrera_v2_lap_80687EFE,905,3
,1,6044,80,0:06.044,14.05.2025 14:33:54,,,ui.lap_update,carrera_v2_6b799dd9_992f_4f07_bcd0_a3815b27c6ec,,1747226034119,1747226034119,carrera_v2_lap_80687EFE,906,3
,2,7535,64,0:07.535,14.05.2025 14:33:55,,,ui.lap_update,carrera_v2_6b799dd9_992f_4f07_bcd0_a3815b27c6ec,,1747226034719,1747226034719,carrera_v2_lap_80687EFE,642,7
,1,6128,80,0:06.128,14.05.2025 14:34:00,,,ui.lap_update,carrera_v2_6b799dd9_992f_4f07_bcd0_a3815b27c6ec,,1747226040239,1747226040239,carrera_v2_lap_80687EFE,907,3
,2,6773,64,0:06.773,14.05.2025 14:34:01,,,ui.lap_update,carrera_v2_6b799dd9_992f_4f07_bcd0_a3815b27c6ec,,1747226041438,1747226041438,carrera_v2_lap_80687EFE,643,7
,1,6294,80,0:06.294,14.05.2025 14:34:07,,,ui.lap_update,carrera_v2_6b799dd9_992f_4f07_bcd0_a3815b27c6ec,,1747226046599,1747226046599,carrera_v2_lap_80687EFE,908,3
,2,7528,64,0:07.528,14.05.2025 14:34:09,,,ui.lap_update,carrera_v2_6b799dd9_992f_4f07_bcd0_a3815b27c6ec,,1747226048938,1747226048938,carrera_v2_lap_80687EFE,644,7
,1,6416,80,0:06.416,14.05.2025 14:34:13,,,ui.lap_update,carrera_v2_6b799dd9_992f_4f07_bcd0_a3815b27c6ec,,1747226052964,1747226052964,carrera_v2_lap_80687EFE,909,3
,2,8664,64,0:08.664,14.05.2025 14:34:18,,,ui.lap_update,carrera_v2_6b799dd9_992f_4f07_bcd0_a3815b27c6ec,,1747226057580,1747226057580,carrera_v2_lap_80687EFE,645,7
,1,6160,80,0:06.160,14.05.2025 14:34:19,,,ui.lap_update,carrera_v2_6b799dd9_992f_4f07_bcd0_a3815b27c6ec,,1747226059018,1747226059018,carrera_v2_lap_80687EFE,910,3
,2,7254,64,0:07.254,14.05.2025 14:34:25,,,ui.lap_update,carrera_v2_6b799dd9_992f_4f07_bcd0_a3815b27c6ec,,1747226064838,1747226064838,carrera_v2_lap_80687EFE,646,7
,1,5974,80,0:05.974,14.05.2025 14:34:25,,,ui.lap_update,carrera_v2_6b799dd9_992f_4f07_bcd0_a3815b27c6ec,,1747226064959,1747226064959,carrera_v2_lap_80687EFE,911,3
,1,6625,80,0:06.625,14.05.2025 14:34:32,,,ui.lap_update,carrera_v2_6b799dd9_992f_4f07_bcd0_a3815b27c6ec,,1747226071618,1747226071618,carrera_v2_lap_80687EFE,912,3
,2,31181,64,0:31.181,14.05.2025 14:34:56,,,ui.lap_update,carrera_v2_6b799dd9_992f_4f07_bcd0_a3815b27c6ec,,1747226095918,1747226095918,carrera_v2_lap_80687EFE,647,7
,1,12339,80,0:12.339,14.05.2025 14:35:00,,,ui.lap_update,carrera_v2_6b799dd9_992f_4f07_bcd0_a3815b27c6ec,,1747226100176,1747226100176,carrera_v2_lap_80687EFE,914,3
,2,7502,64,0:07.502,14.05.2025 14:35:03,,,ui.lap_update,carrera_v2_6b799dd9_992f_4f07_bcd0_a3815b27c6ec,,1747226103357,1747226103357,carrera_v2_lap_80687EFE,648,7
,2,10257,64,0:10.257,14.05.2025 14:35:14,,,ui.lap_update,carrera_v2_6b799dd9_992f_4f07_bcd0_a3815b27c6ec,,1747226113558,1747226113558,carrera_v2_lap_80687EFE,649,7
,1,18363,65,0:18.363,14.05.2025 14:35:18,,,ui.lap_update,carrera_v2_6b799dd9_992f_4f07_bcd0_a3815b27c6ec,,1747226118478,1747226118478,carrera_v2_lap_80687EFE,915,3
,1,8735,65,0:08.735,14.05.2025 14:35:27,,,ui.lap_update,carrera_v2_6b799dd9_992f_4f07_bcd0_a3815b27c6ec,,1747226127178,1747226127178,carrera_v2_lap_80687EFE,916,3
,2,13563,64,0:13.563,14.05.2025 14:35:27,,,ui.lap_update,carrera_v2_6b799dd9_992f_4f07_bcd0_a3815b27c6ec,,1747226127299,1747226127299,carrera_v2_lap_80687EFE,650,7
,2,7637,64,0:07.637,14.05.2025 14:35:35,,,ui.lap_update,carrera_v2_6b799dd9_992f_4f07_bcd0_a3815b27c6ec,,1747226134797,1747226134797,carrera_v2_lap_80687EFE,651,7
,1,7792,65,0:07.792,14.05.2025 14:35:35,,,ui.lap_update,carrera_v2_6b799dd9_992f_4f07_bcd0_a3815b27c6ec,,1747226134919,1747226134919,carrera_v2_lap_80687EFE,917,3
,2,9150,64,0:09.150,14.05.2025 14:35:44,,,ui.lap_update,carrera_v2_6b799dd9_992f_4f07_bcd0_a3815b27c6ec,,1747226143917,1747226143917,carrera_v2_lap_80687EFE,652,7
,1,9363,65,0:09.363,14.05.2025 14:35:44,,,ui.lap_update,carrera_v2_6b799dd9_992f_4f07_bcd0_a3815b27c6ec,,1747226144277,1747226144277,carrera_v2_lap_80687EFE,918,3
,2,5861,64,0:05.861,14.05.2025 14:35:50,,,ui.lap_update,carrera_v2_6b799dd9_992f_4f07_bcd0_a3815b27c6ec,,1747226149677,1747226149677,carrera_v2_lap_80687EFE,653,7
,1,5527,65,0:05.527,14.05.2025 14:35:50,,,ui.lap_update,carrera_v2_6b799dd9_992f_4f07_bcd0_a3815b27c6ec,,1747226149798,1747226149798,carrera_v2_lap_80687EFE,919,3
,2,11148,64,0:11.148,14.05.2025 14:36:01,,,ui.lap_update,carrera_v2_6b799dd9_992f_4f07_bcd0_a3815b27c6ec,,1747226160838,1747226160838,carrera_v2_lap_80687EFE,654,7
,1,11531,65,0:11.531,14.05.2025 14:36:01,,,ui.lap_update,carrera_v2_6b799dd9_992f_4f07_bcd0_a3815b27c6ec,,1747226161198,1747226161198,carrera_v2_lap_80687EFE,920,3
,1,9996,65,0:09.996,14.05.2025 14:36:11,,,ui.lap_update,carrera_v2_6b799dd9_992f_4f07_bcd0_a3815b27c6ec,,1747226171218,1747226171218,carrera_v2_lap_80687EFE,921,3
,2,12814,64,0:12.814,14.05.2025 14:36:14,,,ui.lap_update,carrera_v2_6b799dd9_992f_4f07_bcd0_a3815b27c6ec,,1747226173678,1747226173678,carrera_v2_lap_80687EFE,655,7
,1,5975,65,0:05.975,14.05.2025 14:36:17,,,ui.lap_update,carrera_v2_6b799dd9_992f_4f07_bcd0_a3815b27c6ec,,1747226177217,1747226177217,carrera_v2_lap_80687EFE,922,3
,2,7700,64,0:07.700,14.05.2025 14:36:21,,,ui.lap_update,carrera_v2_6b799dd9_992f_4f07_bcd0_a3815b27c6ec,,1747226181298,1747226181298,carrera_v2_lap_80687EFE,656,7
,1,5475,65,0:05.475,14.05.2025 14:36:23,,,ui.lap_update,carrera_v2_6b799dd9_992f_4f07_bcd0_a3815b27c6ec,,1747226182618,1747226182618,carrera_v2_lap_80687EFE,923,3
,2,6617,64,0:06.617,14.05.2025 14:36:28,,,ui.lap_update,carrera_v2_6b799dd9_992f_4f07_bcd0_a3815b27c6ec,,1747226187899,1747226187899,carrera_v2_lap_80687EFE,657,7
,1,5391,65,0:05.391,14.05.2025 14:36:28,,,ui.lap_update,carrera_v2_6b799dd9_992f_4f07_bcd0_a3815b27c6ec,,1747226188022,1747226188022,carrera_v2_lap_80687EFE,924,3
,1,13530,65,0:13.530,14.05.2025 14:36:41,,,ui.lap_update,carrera_v2_6b799dd9_992f_4f07_bcd0_a3815b27c6ec,,1747226201458,1747226201458,carrera_v2_lap_80687EFE,925,3
,2,17581,64,0:17.581,14.05.2025 14:36:45,,,ui.lap_update,carrera_v2_6b799dd9_992f_4f07_bcd0_a3815b27c6ec,,1747226205481,1747226205481,carrera_v2_lap_80687EFE,658,7
,1,6216,65,0:06.216,14.05.2025 14:36:48,,,ui.lap_update,carrera_v2_6b799dd9_992f_4f07_bcd0_a3815b27c6ec,,1747226207698,1747226207698,carrera_v2_lap_80687EFE,926,3
,2,7365,64,0:07.365,14.05.2025 14:36:53,,,ui.lap_update,carrera_v2_6b799dd9_992f_4f07_bcd0_a3815b27c6ec,,1747226212738,1747226212738,carrera_v2_lap_80687EFE,659,7
,1,5376,65,0:05.376,14.05.2025 14:36:53,,,ui.lap_update,carrera_v2_6b799dd9_992f_4f07_bcd0_a3815b27c6ec,,1747226213158,1747226213158,carrera_v2_lap_80687EFE,927,3
,1,8797,65,0:08.797,14.05.2025 14:37:02,,,ui.lap_update,carrera_v2_6b799dd9_992f_4f07_bcd0_a3815b27c6ec,,1747226221917,1747226221917,carrera_v2_lap_80687EFE,928,3
,1,7305,65,0:07.305,14.05.2025 14:37:09,,,ui.lap_update,carrera_v2_6b799dd9_992f_4f07_bcd0_a3815b27c6ec,,1747226229118,1747226229118,carrera_v2_lap_80687EFE,929,3
,2,18385,64,0:18.385,14.05.2025 14:37:11,,,ui.lap_update,carrera_v2_6b799dd9_992f_4f07_bcd0_a3815b27c6ec,,1747226231037,1747226231037,carrera_v2_lap_80687EFE,660,7
,1,5776,65,0:05.776,14.05.2025 14:37:15,,,ui.lap_update,carrera_v2_6b799dd9_992f_4f07_bcd0_a3815b27c6ec,,1747226234875,1747226234875,carrera_v2_lap_80687EFE,930,3
,2,8701,64,0:08.701,14.05.2025 14:37:20,,,ui.lap_update,carrera_v2_6b799dd9_992f_4f07_bcd0_a3815b27c6ec,,1747226239737,1747226239737,carrera_v2_lap_80687EFE,661,7
,1,5710,65,0:05.710,14.05.2025 14:37:21,,,ui.lap_update,carrera_v2_6b799dd9_992f_4f07_bcd0_a3815b27c6ec,,1747226240577,1747226240577,carrera_v2_lap_80687EFE,931,3
,1,5121,65,0:05.121,14.05.2025 14:37:26,,,ui.lap_update,carrera_v2_6b799dd9_992f_4f07_bcd0_a3815b27c6ec,,1747226245617,1747226245617,carrera_v2_lap_80687EFE,932,3
,2,16459,64,0:16.459,14.05.2025 14:37:36,,,ui.lap_update,carrera_v2_6b799dd9_992f_4f07_bcd0_a3815b27c6ec,,1747226256119,1747226256119,carrera_v2_lap_80687EFE,662,7
,1,14565,65,0:14.565,14.05.2025 14:37:40,,,ui.lap_update,carrera_v2_6b799dd9_992f_4f07_bcd0_a3815b27c6ec,,1747226260199,1747226260199,carrera_v2_lap_80687EFE,933,3
,2,9562,64,0:09.562,14.05.2025 14:37:46,,,ui.lap_update,carrera_v2_6b799dd9_992f_4f07_bcd0_a3815b27c6ec,,1747226265717,1747226265717,carrera_v2_lap_80687EFE,663,7
,1,6348,65,0:06.348,14.05.2025 14:37:46,,,ui.lap_update,carrera_v2_6b799dd9_992f_4f07_bcd0_a3815b27c6ec,,1747226266498,1747226266498,carrera_v2_lap_80687EFE,934,3
,1,8731,65,0:08.731,14.05.2025 14:37:55,,,ui.lap_update,carrera_v2_6b799dd9_992f_4f07_bcd0_a3815b27c6ec,,1747226275258,1747226275258,carrera_v2_lap_80687EFE,935,3
,2,9711,64,0:09.711,14.05.2025 14:37:55,,,ui.lap_update,carrera_v2_6b799dd9_992f_4f07_bcd0_a3815b27c6ec,,1747226275378,1747226275378,carrera_v2_lap_80687EFE,664,7
,1,6359,65,0:06.359,14.05.2025 14:38:02,,,ui.lap_update,carrera_v2_6b799dd9_992f_4f07_bcd0_a3815b27c6ec,,1747226281617,1747226281617,carrera_v2_lap_80687EFE,936,3
,2,6586,64,0:06.586,14.05.2025 14:38:02,,,ui.lap_update,carrera_v2_6b799dd9_992f_4f07_bcd0_a3815b27c6ec,,1747226281977,1747226281977,carrera_v2_lap_80687EFE,665,7
,2,9390,64,0:09.390,14.05.2025 14:38:11,,,ui.lap_update,carrera_v2_6b799dd9_992f_4f07_bcd0_a3815b27c6ec,,1747226291338,1747226291338,carrera_v2_lap_80687EFE,666,7
,1,10943,65,0:10.943,14.05.2025 14:38:12,,,ui.lap_update,carrera_v2_6b799dd9_992f_4f07_bcd0_a3815b27c6ec,,1747226292477,1747226292477,carrera_v2_lap_80687EFE,937,3
,1,9752,65,0:09.752,14.05.2025 14:38:22,,,ui.lap_update,carrera_v2_6b799dd9_992f_4f07_bcd0_a3815b27c6ec,,1747226302477,1747226302477,carrera_v2_lap_80687EFE,938,3
,2,10931,64,0:10.931,14.05.2025 14:38:23,,,ui.lap_update,carrera_v2_6b799dd9_992f_4f07_bcd0_a3815b27c6ec,,1747226302597,1747226302597,carrera_v2_lap_80687EFE,667,7
,1,28647,65,0:28.647,14.05.2025 14:38:51,,,ui.lap_update,carrera_v2_6b799dd9_992f_4f07_bcd0_a3815b27c6ec,,1747226331037,1747226331037,carrera_v2_lap_80687EFE,939,3
,2,29031,64,0:29.031,14.05.2025 14:38:51,,,ui.lap_update,carrera_v2_6b799dd9_992f_4f07_bcd0_a3815b27c6ec,,1747226331398,1747226331398,carrera_v2_lap_80687EFE,668,7
,2,20539,64,0:20.539,14.05.2025 14:39:12,,,ui.lap_update,carrera_v2_6b799dd9_992f_4f07_bcd0_a3815b27c6ec,,1747226351858,1747226351858,carrera_v2_lap_80687EFE,669,7
,1,24066,65,0:24.066,14.05.2025 14:39:15,,,ui.lap_update,carrera_v2_6b799dd9_992f_4f07_bcd0_a3815b27c6ec,,1747226354917,1747226354917,carrera_v2_lap_80687EFE,940,3
,1,33937,65,0:33.937,14.05.2025 14:39:49,,,ui.lap_update,carrera_v2_6b799dd9_992f_4f07_bcd0_a3815b27c6ec,,1747226388819,1747226388819,carrera_v2_lap_80687EFE,941,3
,2,40945,64,0:40.945,14.05.2025 14:39:53,,,ui.lap_update,carrera_v2_6b799dd9_992f_4f07_bcd0_a3815b27c6ec,,1747226392719,1747226392719,carrera_v2_lap_80687EFE,670,7
,1,15842,65,0:15.842,14.05.2025 14:40:05,,,ui.lap_update,carrera_v2_6b799dd9_992f_4f07_bcd0_a3815b27c6ec,,1747226404599,1747226404599,carrera_v2_lap_80687EFE,942,3
,2,16246,64,0:16.246,14.05.2025 14:40:09,,,ui.lap_update,carrera_v2_6b799dd9_992f_4f07_bcd0_a3815b27c6ec,,1747226408859,1747226408859,carrera_v2_lap_80687EFE,671,7
,1,16952,65,0:16.952,14.05.2025 14:40:22,,,ui.lap_update,carrera_v2_6b799dd9_992f_4f07_bcd0_a3815b27c6ec,,1747226421519,1747226421519,carrera_v2_lap_80687EFE,943,3
,2,25351,64,0:25.351,14.05.2025 14:40:34,,,ui.lap_update,carrera_v2_6b799dd9_992f_4f07_bcd0_a3815b27c6ec,,1747226434180,1747226434180,carrera_v2_lap_80687EFE,672,7
,2,6314,64,0:06.314,14.05.2025 14:40:40,,,ui.lap_update,carrera_v2_6b799dd9_992f_4f07_bcd0_a3815b27c6ec,,1747226440420,1747226440420,carrera_v2_lap_80687EFE,673,7
,1,20778,65,0:20.778,14.05.2025 14:40:42,,,ui.lap_update,carrera_v2_6b799dd9_992f_4f07_bcd0_a3815b27c6ec,,1747226442219,1747226442219,carrera_v2_lap_80687EFE,944,3
,2,6018,64,0:06.018,14.05.2025 14:40:46,,,ui.lap_update,carrera_v2_6b799dd9_992f_4f07_bcd0_a3815b27c6ec,,1747226446478,1747226446478,carrera_v2_lap_80687EFE,674,7
,1,9838,65,0:09.838,14.05.2025 14:40:52,,,ui.lap_update,carrera_v2_6b799dd9_992f_4f07_bcd0_a3815b27c6ec,,1747226452119,1747226452119,carrera_v2_lap_80687EFE,945,3
,2,6732,64,0:06.732,14.05.2025 14:40:53,,,ui.lap_update,carrera_v2_6b799dd9_992f_4f07_bcd0_a3815b27c6ec,,1747226453200,1747226453200,carrera_v2_lap_80687EFE,675,7
,2,10696,64,0:10.696,14.05.2025 14:41:04,,,ui.lap_update,carrera_v2_6b799dd9_992f_4f07_bcd0_a3815b27c6ec,,1747226463822,1747226463822,carrera_v2_lap_80687EFE,676,7
,1,13286,65,0:13.286,14.05.2025 14:41:05,,,ui.lap_update,carrera_v2_6b799dd9_992f_4f07_bcd0_a3815b27c6ec,,1747226465442,1747226465442,carrera_v2_lap_80687EFE,946,3
,2,10379,64,0:10.379,14.05.2025 14:41:14,,,ui.lap_update,carrera_v2_6b799dd9_992f_4f07_bcd0_a3815b27c6ec,,1747226474201,1747226474201,carrera_v2_lap_80687EFE,677,7
,1,10432,65,0:10.432,14.05.2025 14:41:16,,,ui.lap_update,carrera_v2_6b799dd9_992f_4f07_bcd0_a3815b27c6ec,,1747226475641,1747226475641,carrera_v2_lap_80687EFE,947,3
,2,5954,64,0:05.954,14.05.2025 14:41:20,,,ui.lap_update,carrera_v2_6b799dd9_992f_4f07_bcd0_a3815b27c6ec,,1747226480079,1747226480079,carrera_v2_lap_80687EFE,678,7
,1,7705,65,0:07.705,14.05.2025 14:41:24,,,ui.lap_update,carrera_v2_6b799dd9_992f_4f07_bcd0_a3815b27c6ec,,1747226483501,1747226483501,carrera_v2_lap_80687EFE,948,3
,2,5678,64,0:05.678,14.05.2025 14:41:26,,,ui.lap_update,carrera_v2_6b799dd9_992f_4f07_bcd0_a3815b27c6ec,,1747226485840,1747226485840,carrera_v2_lap_80687EFE,679,7
,1,6181,65,0:06.181,14.05.2025 14:41:30,,,ui.lap_update,carrera_v2_6b799dd9_992f_4f07_bcd0_a3815b27c6ec,,1747226489501,1747226489501,carrera_v2_lap_80687EFE,949,3
,2,11898,64,0:11.898,14.05.2025 14:41:38,,,ui.lap_update,carrera_v2_6b799dd9_992f_4f07_bcd0_a3815b27c6ec,,1747226497600,1747226497600,carrera_v2_lap_80687EFE,680,7
,1,9243,65,0:09.243,14.05.2025 14:41:39,,,ui.lap_update,carrera_v2_6b799dd9_992f_4f07_bcd0_a3815b27c6ec,,1747226498741,1747226498741,carrera_v2_lap_80687EFE,950,3
,1,147054,81,2:27.054,14.05.2025 14:44:05,,,ui.lap_update,carrera_v2_6b799dd9_992f_4f07_bcd0_a3815b27c6ec,,1747226645384,1747226645384,carrera_v2_lap_80687EFE,951,3
,1,24029,81,0:24.029,14.05.2025 14:44:29,,,ui.lap_update,carrera_v2_6b799dd9_992f_4f07_bcd0_a3815b27c6ec,,1747226669323,1747226669323,carrera_v2_lap_80687EFE,952,3
,2,225318,82,3:45.318,14.05.2025 14:45:22,,,ui.lap_update,carrera_v2_6b799dd9_992f_4f07_bcd0_a3815b27c6ec,,1747226722305,1747226722305,carrera_v2_lap_80687EFE,681,7
,1,71079,81,1:11.079,14.05.2025 14:45:40,,,ui.lap_update,carrera_v2_6b799dd9_992f_4f07_bcd0_a3815b27c6ec,,1747226740126,1747226740126,carrera_v2_lap_80687EFE,953,3
,1,7081,81,0:07.081,14.05.2025 14:45:47,,,ui.lap_update,carrera_v2_6b799dd9_992f_4f07_bcd0_a3815b27c6ec,,1747226747146,1747226747146,carrera_v2_lap_80687EFE,954,3
,2,29377,82,0:29.377,14.05.2025 14:45:52,,,ui.lap_update,carrera_v2_6b799dd9_992f_4f07_bcd0_a3815b27c6ec,,1747226751585,1747226751585,carrera_v2_lap_80687EFE,682,7
,1,5957,81,0:05.957,14.05.2025 14:45:53,,,ui.lap_update,carrera_v2_6b799dd9_992f_4f07_bcd0_a3815b27c6ec,,1747226753144,1747226753144,carrera_v2_lap_80687EFE,955,3
,1,5514,81,0:05.514,14.05.2025 14:45:59,,,ui.lap_update,carrera_v2_6b799dd9_992f_4f07_bcd0_a3815b27c6ec,,1747226758666,1747226758666,carrera_v2_lap_80687EFE,956,3
,1,5874,81,0:05.874,14.05.2025 14:46:05,,,ui.lap_update,carrera_v2_6b799dd9_992f_4f07_bcd0_a3815b27c6ec,,1747226764545,1747226764545,carrera_v2_lap_80687EFE,957,3
,1,6054,81,0:06.054,14.05.2025 14:46:11,,,ui.lap_update,carrera_v2_6b799dd9_992f_4f07_bcd0_a3815b27c6ec,,1747226770545,1747226770545,carrera_v2_lap_80687EFE,958,3
,2,23143,82,0:23.143,14.05.2025 14:46:15,,,ui.lap_update,carrera_v2_6b799dd9_992f_4f07_bcd0_a3815b27c6ec,,1747226774564,1747226774564,carrera_v2_lap_80687EFE,683,7
,1,5484,81,0:05.484,14.05.2025 14:46:16,,,ui.lap_update,carrera_v2_6b799dd9_992f_4f07_bcd0_a3815b27c6ec,,1747226776065,1747226776065,carrera_v2_lap_80687EFE,959,3
,1,10329,81,0:10.329,14.05.2025 14:46:26,,,ui.lap_update,carrera_v2_6b799dd9_992f_4f07_bcd0_a3815b27c6ec,,1747226786325,1747226786325,carrera_v2_lap_80687EFE,960,3
,1,6511,81,0:06.511,14.05.2025 14:46:33,,,ui.lap_update,carrera_v2_6b799dd9_992f_4f07_bcd0_a3815b27c6ec,,1747226792805,1747226792805,carrera_v2_lap_80687EFE,961,3
,2,21812,82,0:21.812,14.05.2025 14:46:36,,,ui.lap_update,carrera_v2_6b799dd9_992f_4f07_bcd0_a3815b27c6ec,,1747226796287,1747226796287,carrera_v2_lap_80687EFE,684,7
,1,5211,81,0:05.211,14.05.2025 14:46:38,,,ui.lap_update,carrera_v2_6b799dd9_992f_4f07_bcd0_a3815b27c6ec,,1747226797966,1747226797966,carrera_v2_lap_80687EFE,962,3
,1,5394,81,0:05.394,14.05.2025 14:46:43,,,ui.lap_update,carrera_v2_6b799dd9_992f_4f07_bcd0_a3815b27c6ec,,1747226803306,1747226803306,carrera_v2_lap_80687EFE,963,3
,2,8138,82,0:08.138,14.05.2025 14:46:44,,,ui.lap_update,carrera_v2_6b799dd9_992f_4f07_bcd0_a3815b27c6ec,,1747226804446,1747226804446,carrera_v2_lap_80687EFE,685,7
,1,5331,81,0:05.331,14.05.2025 14:46:49,,,ui.lap_update,carrera_v2_6b799dd9_992f_4f07_bcd0_a3815b27c6ec,,1747226808706,1747226808706,carrera_v2_lap_80687EFE,964,3
,2,16815,82,0:16.815,14.05.2025 14:47:01,,,ui.lap_update,carrera_v2_6b799dd9_992f_4f07_bcd0_a3815b27c6ec,,1747226821246,1747226821246,carrera_v2_lap_80687EFE,686,7
,1,13701,81,0:13.701,14.05.2025 14:47:02,,,ui.lap_update,carrera_v2_6b799dd9_992f_4f07_bcd0_a3815b27c6ec,,1747226822327,1747226822327,carrera_v2_lap_80687EFE,965,3
,1,6144,81,0:06.144,14.05.2025 14:47:09,,,ui.lap_update,carrera_v2_6b799dd9_992f_4f07_bcd0_a3815b27c6ec,,1747226828566,1747226828566,carrera_v2_lap_80687EFE,966,3
,2,9791,82,0:09.791,14.05.2025 14:47:11,,,ui.lap_update,carrera_v2_6b799dd9_992f_4f07_bcd0_a3815b27c6ec,,1747226831027,1747226831027,carrera_v2_lap_80687EFE,687,7
,1,5715,81,0:05.715,14.05.2025 14:47:14,,,ui.lap_update,carrera_v2_6b799dd9_992f_4f07_bcd0_a3815b27c6ec,,1747226834207,1747226834207,carrera_v2_lap_80687EFE,967,3
,2,7574,82,0:07.574,14.05.2025 14:47:19,,,ui.lap_update,carrera_v2_6b799dd9_992f_4f07_bcd0_a3815b27c6ec,,1747226838526,1747226838526,carrera_v2_lap_80687EFE,688,7
,1,5455,81,0:05.455,14.05.2025 14:47:20,,,ui.lap_update,carrera_v2_6b799dd9_992f_4f07_bcd0_a3815b27c6ec,,1747226839546,1747226839546,carrera_v2_lap_80687EFE,968,3
,1,5489,81,0:05.489,14.05.2025 14:47:25,,,ui.lap_update,carrera_v2_6b799dd9_992f_4f07_bcd0_a3815b27c6ec,,1747226845067,1747226845067,carrera_v2_lap_80687EFE,969,3
,1,5432,81,0:05.432,14.05.2025 14:47:31,,,ui.lap_update,carrera_v2_6b799dd9_992f_4f07_bcd0_a3815b27c6ec,,1747226850526,1747226850526,carrera_v2_lap_80687EFE,970,3
,2,12524,82,0:12.524,14.05.2025 14:47:31,,,ui.lap_update,carrera_v2_6b799dd9_992f_4f07_bcd0_a3815b27c6ec,,1747226851007,1747226851007,carrera_v2_lap_80687EFE,689,7
,1,11731,81,0:11.731,14.05.2025 14:47:42,,,ui.lap_update,carrera_v2_6b799dd9_992f_4f07_bcd0_a3815b27c6ec,,1747226862168,1747226862168,carrera_v2_lap_80687EFE,971,3
,2,11642,82,0:11.642,14.05.2025 14:47:43,,,ui.lap_update,carrera_v2_6b799dd9_992f_4f07_bcd0_a3815b27c6ec,,1747226862588,1747226862588,carrera_v2_lap_80687EFE,690,7
,2,11468,82,0:11.468,14.05.2025 14:47:54,,,ui.lap_update,carrera_v2_6b799dd9_992f_4f07_bcd0_a3815b27c6ec,,1747226874107,1747226874107,carrera_v2_lap_80687EFE,691,7
,1,12551,81,0:12.551,14.05.2025 14:47:55,,,ui.lap_update,carrera_v2_6b799dd9_992f_4f07_bcd0_a3815b27c6ec,,1747226874768,1747226874768,carrera_v2_lap_80687EFE,972,3
,1,5971,81,0:05.971,14.05.2025 14:48:01,,,ui.lap_update,carrera_v2_6b799dd9_992f_4f07_bcd0_a3815b27c6ec,,1747226880708,1747226880708,carrera_v2_lap_80687EFE,973,3
,2,10308,82,0:10.308,14.05.2025 14:48:04,,,ui.lap_update,carrera_v2_6b799dd9_992f_4f07_bcd0_a3815b27c6ec,,1747226884367,1747226884367,carrera_v2_lap_80687EFE,692,7
,1,5917,81,0:05.917,14.05.2025 14:48:07,,,ui.lap_update,carrera_v2_6b799dd9_992f_4f07_bcd0_a3815b27c6ec,,1747226886587,1747226886587,carrera_v2_lap_80687EFE,974,3
,2,8131,82,0:08.131,14.05.2025 14:48:13,,,ui.lap_update,carrera_v2_6b799dd9_992f_4f07_bcd0_a3815b27c6ec,,1747226892527,1747226892527,carrera_v2_lap_80687EFE,693,7
,1,6047,81,0:06.047,14.05.2025 14:48:13,,,ui.lap_update,carrera_v2_6b799dd9_992f_4f07_bcd0_a3815b27c6ec,,1747226892649,1747226892649,carrera_v2_lap_80687EFE,975,3
,1,5727,81,0:05.727,14.05.2025 14:48:18,,,ui.lap_update,carrera_v2_6b799dd9_992f_4f07_bcd0_a3815b27c6ec,,1747226898288,1747226898288,carrera_v2_lap_80687EFE,976,3
,2,10945,82,0:10.945,14.05.2025 14:48:23,,,ui.lap_update,carrera_v2_6b799dd9_992f_4f07_bcd0_a3815b27c6ec,,1747226903329,1747226903329,carrera_v2_lap_80687EFE,694,7
,1,8773,81,0:08.773,14.05.2025 14:48:27,,,ui.lap_update,carrera_v2_6b799dd9_992f_4f07_bcd0_a3815b27c6ec,,1747226907167,1747226907167,carrera_v2_lap_80687EFE,977,3
,1,6838,81,0:06.838,14.05.2025 14:48:34,,,ui.lap_update,carrera_v2_6b799dd9_992f_4f07_bcd0_a3815b27c6ec,,1747226913888,1747226913888,carrera_v2_lap_80687EFE,978,3
,2,10835,82,0:10.835,14.05.2025 14:48:34,,,ui.lap_update,carrera_v2_6b799dd9_992f_4f07_bcd0_a3815b27c6ec,,1747226914129,1747226914129,carrera_v2_lap_80687EFE,695,7
,1,5775,81,0:05.775,14.05.2025 14:48:40,,,ui.lap_update,carrera_v2_6b799dd9_992f_4f07_bcd0_a3815b27c6ec,,1747226919588,1747226919588,carrera_v2_lap_80687EFE,979,3
,2,10581,82,0:10.581,14.05.2025 14:48:45,,,ui.lap_update,carrera_v2_6b799dd9_992f_4f07_bcd0_a3815b27c6ec,,1747226924689,1747226924689,carrera_v2_lap_80687EFE,696,7
,1,5522,81,0:05.522,14.05.2025 14:48:45,,,ui.lap_update,carrera_v2_6b799dd9_992f_4f07_bcd0_a3815b27c6ec,,1747226925108,1747226925108,carrera_v2_lap_80687EFE,980,3
,2,10919,82,0:10.919,14.05.2025 14:48:56,,,ui.lap_update,carrera_v2_6b799dd9_992f_4f07_bcd0_a3815b27c6ec,,1747226935609,1747226935609,carrera_v2_lap_80687EFE,697,7
,1,12887,81,0:12.887,14.05.2025 14:48:58,,,ui.lap_update,carrera_v2_6b799dd9_992f_4f07_bcd0_a3815b27c6ec,,1747226937952,1747226937952,carrera_v2_lap_80687EFE,981,3
,1,13416,81,0:13.416,14.05.2025 14:49:11,,,ui.lap_update,carrera_v2_6b799dd9_992f_4f07_bcd0_a3815b27c6ec,,1747226951389,1747226951389,carrera_v2_lap_80687EFE,982,3
,1,6171,81,0:06.171,14.05.2025 14:49:17,,,ui.lap_update,carrera_v2_6b799dd9_992f_4f07_bcd0_a3815b27c6ec,,1747226957449,1747226957449,carrera_v2_lap_80687EFE,983,3
,2,26120,82,0:26.120,14.05.2025 14:49:22,,,ui.lap_update,carrera_v2_6b799dd9_992f_4f07_bcd0_a3815b27c6ec,,1747226961710,1747226961710,carrera_v2_lap_80687EFE,698,7
,1,5595,81,0:05.595,14.05.2025 14:49:23,,,ui.lap_update,carrera_v2_6b799dd9_992f_4f07_bcd0_a3815b27c6ec,,1747226963150,1747226963150,carrera_v2_lap_80687EFE,984,3
,1,5287,81,0:05.287,14.05.2025 14:49:28,,,ui.lap_update,carrera_v2_6b799dd9_992f_4f07_bcd0_a3815b27c6ec,,1747226968370,1747226968370,carrera_v2_lap_80687EFE,985,3
,1,5328,81,0:05.328,14.05.2025 14:49:34,,,ui.lap_update,carrera_v2_6b799dd9_992f_4f07_bcd0_a3815b27c6ec,,1747226973650,1747226973650,carrera_v2_lap_80687EFE,986,3
,2,14846,82,0:14.846,14.05.2025 14:49:36,,,ui.lap_update,carrera_v2_6b799dd9_992f_4f07_bcd0_a3815b27c6ec,,1747226976469,1747226976469,carrera_v2_lap_80687EFE,699,7
,1,5606,81,0:05.606,14.05.2025 14:49:39,,,ui.lap_update,carrera_v2_6b799dd9_992f_4f07_bcd0_a3815b27c6ec,,1747226979294,1747226979294,carrera_v2_lap_80687EFE,987,3
,1,9458,81,0:09.458,14.05.2025 14:49:49,,,ui.lap_update,carrera_v2_6b799dd9_992f_4f07_bcd0_a3815b27c6ec,,1747226988710,1747226988710,carrera_v2_lap_80687EFE,988,3
,2,12827,82,0:12.827,14.05.2025 14:49:49,,,ui.lap_update,carrera_v2_6b799dd9_992f_4f07_bcd0_a3815b27c6ec,,1747226989249,1747226989249,carrera_v2_lap_80687EFE,700,7
,1,6089,81,0:06.089,14.05.2025 14:49:55,,,ui.lap_update,carrera_v2_6b799dd9_992f_4f07_bcd0_a3815b27c6ec,,1747226994710,1747226994710,carrera_v2_lap_80687EFE,989,3
,2,10829,82,0:10.829,14.05.2025 14:50:00,,,ui.lap_update,carrera_v2_6b799dd9_992f_4f07_bcd0_a3815b27c6ec,,1747227000110,1747227000110,carrera_v2_lap_80687EFE,701,7
,1,5812,81,0:05.812,14.05.2025 14:50:01,,,ui.lap_update,carrera_v2_6b799dd9_992f_4f07_bcd0_a3815b27c6ec,,1747227000590,1747227000590,carrera_v2_lap_80687EFE,990,3
,1,5724,81,0:05.724,14.05.2025 14:50:06,,,ui.lap_update,carrera_v2_6b799dd9_992f_4f07_bcd0_a3815b27c6ec,,1747227006290,1747227006290,carrera_v2_lap_80687EFE,991,3
,1,5359,81,0:05.359,14.05.2025 14:50:12,,,ui.lap_update,carrera_v2_6b799dd9_992f_4f07_bcd0_a3815b27c6ec,,1747227011570,1747227011570,carrera_v2_lap_80687EFE,992,3
,2,13814,82,0:13.814,14.05.2025 14:50:14,,,ui.lap_update,carrera_v2_6b799dd9_992f_4f07_bcd0_a3815b27c6ec,,1747227013791,1747227013791,carrera_v2_lap_80687EFE,702,7
,1,871725,81,14:31.725,14.05.2025 15:04:41,,,ui.lap_update,carrera_v2_6b799dd9_992f_4f07_bcd0_a3815b27c6ec,,1747227880628,1747227880628,carrera_v2_lap_80687EFE,993,3
,1,10919,81,0:10.919,14.05.2025 15:04:52,,,ui.lap_update,carrera_v2_6b799dd9_992f_4f07_bcd0_a3815b27c6ec,,1747227891608,1747227891608,carrera_v2_lap_80687EFE,994,3
,1,5579,81,0:05.579,14.05.2025 15:04:57,,,ui.lap_update,carrera_v2_6b799dd9_992f_4f07_bcd0_a3815b27c6ec,,1747227897127,1747227897127,carrera_v2_lap_80687EFE,995,3
,1,8748,81,0:08.748,14.05.2025 15:05:06,,,ui.lap_update,carrera_v2_6b799dd9_992f_4f07_bcd0_a3815b27c6ec,,1747227905827,1747227905827,carrera_v2_lap_80687EFE,996,3
,1,5588,81,0:05.588,14.05.2025 15:05:11,,,ui.lap_update,carrera_v2_6b799dd9_992f_4f07_bcd0_a3815b27c6ec,,1747227911407,1747227911407,carrera_v2_lap_80687EFE,997,3
,1,5649,81,0:05.649,14.05.2025 15:05:17,,,ui.lap_update,carrera_v2_6b799dd9_992f_4f07_bcd0_a3815b27c6ec,,1747227917047,1747227917047,carrera_v2_lap_80687EFE,998,3
,1,7144,81,0:07.144,14.05.2025 15:05:24,,,ui.lap_update,carrera_v2_6b799dd9_992f_4f07_bcd0_a3815b27c6ec,,1747227924188,1747227924188,carrera_v2_lap_80687EFE,999,3
,1,7356,81,0:07.356,14.05.2025 15:05:32,,,ui.lap_update,carrera_v2_6b799dd9_992f_4f07_bcd0_a3815b27c6ec,,1747227931508,1747227931508,carrera_v2_lap_80687EFE,1000,3
,1,5565,81,0:05.565,14.05.2025 15:05:37,,,ui.lap_update,carrera_v2_6b799dd9_992f_4f07_bcd0_a3815b27c6ec,,1747227937089,1747227937089,carrera_v2_lap_80687EFE,1001,3
,1,5376,81,0:05.376,14.05.2025 15:05:42,,,ui.lap_update,carrera_v2_6b799dd9_992f_4f07_bcd0_a3815b27c6ec,,1747227942427,1747227942427,carrera_v2_lap_80687EFE,1002,3
,1,10689,81,0:10.689,14.05.2025 15:05:53,,,ui.lap_update,carrera_v2_6b799dd9_992f_4f07_bcd0_a3815b27c6ec,,1747227953108,1747227953108,carrera_v2_lap_80687EFE,1003,3
,1,5946,81,0:05.946,14.05.2025 15:05:59,,,ui.lap_update,carrera_v2_6b799dd9_992f_4f07_bcd0_a3815b27c6ec,,1747227959048,1747227959048,carrera_v2_lap_80687EFE,1004,3
,1,5724,81,0:05.724,14.05.2025 15:06:05,,,ui.lap_update,carrera_v2_6b799dd9_992f_4f07_bcd0_a3815b27c6ec,,1747227964749,1747227964749,carrera_v2_lap_80687EFE,1005,3
,2,993338,82,16:33.338,14.05.2025 15:06:44,,,ui.lap_update,carrera_v2_6b799dd9_992f_4f07_bcd0_a3815b27c6ec,,1747228004108,1747228004108,carrera_v2_lap_80687EFE,703,7
,1,43254,81,0:43.254,14.05.2025 15:06:48,,,ui.lap_update,carrera_v2_6b799dd9_992f_4f07_bcd0_a3815b27c6ec,,1747228007769,1747228007769,carrera_v2_lap_80687EFE,1006,3
,1,1118,81,0:01.118,14.05.2025 15:06:49,,,ui.lap_update,carrera_v2_6b799dd9_992f_4f07_bcd0_a3815b27c6ec,,1747228008970,1747228008970,carrera_v2_lap_80687EFE,1007,3
,1,15570,81,0:15.570,14.05.2025 15:07:05,,,ui.lap_update,carrera_v2_6b799dd9_992f_4f07_bcd0_a3815b27c6ec,,1747228024509,1747228024509,carrera_v2_lap_80687EFE,1008,3
,2,46197,82,0:46.197,14.05.2025 15:07:30,,,ui.lap_update,carrera_v2_6b799dd9_992f_4f07_bcd0_a3815b27c6ec,,1747228050251,1747228050251,carrera_v2_lap_80687EFE,704,7
,1,27082,81,0:27.082,14.05.2025 15:07:32,,,ui.lap_update,carrera_v2_6b799dd9_992f_4f07_bcd0_a3815b27c6ec,,1747228051509,1747228051509,carrera_v2_lap_80687EFE,1009,3
,1,242562,81,4:02.562,14.05.2025 15:11:33,,,ui.lap_update,carrera_v2_6b799dd9_992f_4f07_bcd0_a3815b27c6ec,,1747228293315,1747228293315,carrera_v2_lap_80687EFE,1010,3
,1,852,81,0:00.852,14.05.2025 15:11:34,,,ui.lap_update,carrera_v2_6b799dd9_992f_4f07_bcd0_a3815b27c6ec,,1747228294154,1747228294154,carrera_v2_lap_80687EFE,1011,3
,1,667,81,0:00.667,14.05.2025 15:11:35,,,ui.lap_update,carrera_v2_6b799dd9_992f_4f07_bcd0_a3815b27c6ec,,1747228294874,1747228294874,carrera_v2_lap_80687EFE,1012,3
,1,642,81,0:00.642,14.05.2025 15:11:35,,,ui.lap_update,carrera_v2_6b799dd9_992f_4f07_bcd0_a3815b27c6ec,,1747228295473,1747228295473,carrera_v2_lap_80687EFE,1013,3
,1,650,81,0:00.650,14.05.2025 15:11:36,,,ui.lap_update,carrera_v2_6b799dd9_992f_4f07_bcd0_a3815b27c6ec,,1747228296195,1747228296195,carrera_v2_lap_80687EFE,1014,3
,1,330,81,0:00.330,14.05.2025 15:11:36,,,ui.lap_update,carrera_v2_6b799dd9_992f_4f07_bcd0_a3815b27c6ec,,1747228296435,1747228296435,carrera_v2_lap_80687EFE,1015,3
,1,286,81,0:00.286,14.05.2025 15:11:37,,,ui.lap_update,carrera_v2_6b799dd9_992f_4f07_bcd0_a3815b27c6ec,,1747228296797,1747228296797,carrera_v2_lap_80687EFE,1016,3
,1,694,81,0:00.694,14.05.2025 15:11:37,,,ui.lap_update,carrera_v2_6b799dd9_992f_4f07_bcd0_a3815b27c6ec,,1747228297395,1747228297395,carrera_v2_lap_80687EFE,1017,3
,1,701,81,0:00.701,14.05.2025 15:11:38,,,ui.lap_update,carrera_v2_6b799dd9_992f_4f07_bcd0_a3815b27c6ec,,1747228298174,1747228298174,carrera_v2_lap_80687EFE,1018,3
,1,653,81,0:00.653,14.05.2025 15:11:39,,,ui.lap_update,carrera_v2_6b799dd9_992f_4f07_bcd0_a3815b27c6ec,,1747228298774,1747228298774,carrera_v2_lap_80687EFE,1019,3
,1,382,81,0:00.382,14.05.2025 15:11:39,,,ui.lap_update,carrera_v2_6b799dd9_992f_4f07_bcd0_a3815b27c6ec,,1747228299254,1747228299254,carrera_v2_lap_80687EFE,1020,3
,1,221,81,0:00.221,14.05.2025 15:11:39,,,ui.lap_update,carrera_v2_6b799dd9_992f_4f07_bcd0_a3815b27c6ec,,1747228299375,1747228299375,carrera_v2_lap_80687EFE,1021,3
,1,399,81,0:00.399,14.05.2025 15:11:40,,,ui.lap_update,carrera_v2_6b799dd9_992f_4f07_bcd0_a3815b27c6ec,,1747228299854,1747228299854,carrera_v2_lap_80687EFE,1022,3
,1,274,81,0:00.274,14.05.2025 15:11:40,,,ui.lap_update,carrera_v2_6b799dd9_992f_4f07_bcd0_a3815b27c6ec,,1747228300154,1747228300154,carrera_v2_lap_80687EFE,1023,3
,1,406,81,0:00.406,14.05.2025 15:11:40,,,ui.lap_update,carrera_v2_6b799dd9_992f_4f07_bcd0_a3815b27c6ec,,1747228300455,1747228300455,carrera_v2_lap_80687EFE,1024,3
,1,328649,83,5:28.649,14.05.2025 15:17:08,,,ui.lap_update,carrera_v2_6b799dd9_992f_4f07_bcd0_a3815b27c6ec,,1747228628062,1747228628062,carrera_v2_lap_80687EFE,1025,3
,1,43417,83,0:43.417,14.05.2025 15:17:51,,,ui.lap_update,carrera_v2_6b799dd9_992f_4f07_bcd0_a3815b27c6ec,,1747228671443,1747228671443,carrera_v2_lap_80687EFE,1026,3
,2,623210,84,10:23.210,14.05.2025 15:17:52,,,ui.lap_update,carrera_v2_6b799dd9_992f_4f07_bcd0_a3815b27c6ec,,1747228671561,1747228671561,carrera_v2_lap_80687EFE,705,7
,2,7187,84,0:07.187,14.05.2025 15:17:59,,,ui.lap_update,carrera_v2_6b799dd9_992f_4f07_bcd0_a3815b27c6ec,,1747228678641,1747228678641,carrera_v2_lap_80687EFE,706,7
,1,8854,83,0:08.854,14.05.2025 15:18:00,,,ui.lap_update,carrera_v2_6b799dd9_992f_4f07_bcd0_a3815b27c6ec,,1747228680321,1747228680321,carrera_v2_lap_80687EFE,1027,3
,1,8439,83,0:08.439,14.05.2025 15:18:09,,,ui.lap_update,carrera_v2_6b799dd9_992f_4f07_bcd0_a3815b27c6ec,,1747228688662,1747228688662,carrera_v2_lap_80687EFE,1028,3
,2,11008,84,0:11.008,14.05.2025 15:18:10,,,ui.lap_update,carrera_v2_6b799dd9_992f_4f07_bcd0_a3815b27c6ec,,1747228689742,1747228689742,carrera_v2_lap_80687EFE,707,7
,1,6704,83,0:06.704,14.05.2025 15:18:15,,,ui.lap_update,carrera_v2_6b799dd9_992f_4f07_bcd0_a3815b27c6ec,,1747228695381,1747228695381,carrera_v2_lap_80687EFE,1029,3
,1,5522,83,0:05.522,14.05.2025 15:18:21,,,ui.lap_update,carrera_v2_6b799dd9_992f_4f07_bcd0_a3815b27c6ec,,1747228700901,1747228700901,carrera_v2_lap_80687EFE,1030,3
,1,9951,83,0:09.951,14.05.2025 15:18:31,,,ui.lap_update,carrera_v2_6b799dd9_992f_4f07_bcd0_a3815b27c6ec,,1747228710801,1747228710801,carrera_v2_lap_80687EFE,1031,3
,2,37655,84,0:37.655,14.05.2025 15:18:47,,,ui.lap_update,carrera_v2_6b799dd9_992f_4f07_bcd0_a3815b27c6ec,,1747228727302,1747228727302,carrera_v2_lap_80687EFE,708,7
,1,26674,83,0:26.674,14.05.2025 15:18:57,,,ui.lap_update,carrera_v2_6b799dd9_992f_4f07_bcd0_a3815b27c6ec,,1747228737382,1747228737382,carrera_v2_lap_80687EFE,1032,3
,2,19341,84,0:19.341,14.05.2025 15:19:07,,,ui.lap_update,carrera_v2_6b799dd9_992f_4f07_bcd0_a3815b27c6ec,,1747228746502,1747228746502,carrera_v2_lap_80687EFE,709,7
,1,12673,83,0:12.673,14.05.2025 15:19:10,,,ui.lap_update,carrera_v2_6b799dd9_992f_4f07_bcd0_a3815b27c6ec,,1747228749982,1747228749982,carrera_v2_lap_80687EFE,1033,3
,1,6763,83,0:06.763,14.05.2025 15:19:17,,,ui.lap_update,carrera_v2_6b799dd9_992f_4f07_bcd0_a3815b27c6ec,,1747228756643,1747228756643,carrera_v2_lap_80687EFE,1034,3
,1,5616,83,0:05.616,14.05.2025 15:19:22,,,ui.lap_update,carrera_v2_6b799dd9_992f_4f07_bcd0_a3815b27c6ec,,1747228762343,1747228762343,carrera_v2_lap_80687EFE,1035,3
,2,16922,84,0:16.922,14.05.2025 15:19:23,,,ui.lap_update,carrera_v2_6b799dd9_992f_4f07_bcd0_a3815b27c6ec,,1747228763424,1747228763424,carrera_v2_lap_80687EFE,710,7
,1,5360,83,0:05.360,14.05.2025 15:19:28,,,ui.lap_update,carrera_v2_6b799dd9_992f_4f07_bcd0_a3815b27c6ec,,1747228767623,1747228767623,carrera_v2_lap_80687EFE,1036,3
,1,5195,83,0:05.195,14.05.2025 15:19:33,,,ui.lap_update,carrera_v2_6b799dd9_992f_4f07_bcd0_a3815b27c6ec,,1747228772844,1747228772844,carrera_v2_lap_80687EFE,1037,3
,2,10270,84,0:10.270,14.05.2025 15:19:34,,,ui.lap_update,carrera_v2_6b799dd9_992f_4f07_bcd0_a3815b27c6ec,,1747228773622,1747228773622,carrera_v2_lap_80687EFE,711,7
,2,28549,84,0:28.549,14.05.2025 15:20:02,,,ui.lap_update,carrera_v2_6b799dd9_992f_4f07_bcd0_a3815b27c6ec,,1747228802004,1747228802004,carrera_v2_lap_80687EFE,712,7
,1,29674,83,0:29.674,14.05.2025 15:20:02,,,ui.lap_update,carrera_v2_6b799dd9_992f_4f07_bcd0_a3815b27c6ec,,1747228802485,1747228802485,carrera_v2_lap_80687EFE,1038,3
,1,12869,83,0:12.869,14.05.2025 15:20:15,,,ui.lap_update,carrera_v2_6b799dd9_992f_4f07_bcd0_a3815b27c6ec,,1747228815203,1747228815203,carrera_v2_lap_80687EFE,1039,3
,1,7641,83,0:07.641,14.05.2025 15:20:23,,,ui.lap_update,carrera_v2_6b799dd9_992f_4f07_bcd0_a3815b27c6ec,,1747228822883,1747228822883,carrera_v2_lap_80687EFE,1040,3
,2,25141,84,0:25.141,14.05.2025 15:20:27,,,ui.lap_update,carrera_v2_6b799dd9_992f_4f07_bcd0_a3815b27c6ec,,1747228827204,1747228827204,carrera_v2_lap_80687EFE,713,7
,1,7918,83,0:07.918,14.05.2025 15:20:31,,,ui.lap_update,carrera_v2_6b799dd9_992f_4f07_bcd0_a3815b27c6ec,,1747228830804,1747228830804,carrera_v2_lap_80687EFE,1041,3
,2,11077,84,0:11.077,14.05.2025 15:20:38,,,ui.lap_update,carrera_v2_6b799dd9_992f_4f07_bcd0_a3815b27c6ec,,1747228838244,1747228838244,carrera_v2_lap_80687EFE,714,7
,1,8530,83,0:08.530,14.05.2025 15:20:39,,,ui.lap_update,carrera_v2_6b799dd9_992f_4f07_bcd0_a3815b27c6ec,,1747228839263,1747228839263,carrera_v2_lap_80687EFE,1042,3
,2,10051,84,0:10.051,14.05.2025 15:20:48,,,ui.lap_update,carrera_v2_6b799dd9_992f_4f07_bcd0_a3815b27c6ec,,1747228848264,1747228848264,carrera_v2_lap_80687EFE,715,7
,1,10014,83,0:10.014,14.05.2025 15:20:49,,,ui.lap_update,carrera_v2_6b799dd9_992f_4f07_bcd0_a3815b27c6ec,,1747228849345,1747228849345,carrera_v2_lap_80687EFE,1043,3
,2,7668,84,0:07.668,14.05.2025 15:20:56,,,ui.lap_update,carrera_v2_6b799dd9_992f_4f07_bcd0_a3815b27c6ec,,1747228855825,1747228855825,carrera_v2_lap_80687EFE,716,7
,1,9493,83,0:09.493,14.05.2025 15:20:59,,,ui.lap_update,carrera_v2_6b799dd9_992f_4f07_bcd0_a3815b27c6ec,,1747228858765,1747228858765,carrera_v2_lap_80687EFE,1044,3
,2,18328,84,0:18.328,14.05.2025 15:21:14,,,ui.lap_update,carrera_v2_6b799dd9_992f_4f07_bcd0_a3815b27c6ec,,1747228874125,1747228874125,carrera_v2_lap_80687EFE,717,7
,1,18202,83,0:18.202,14.05.2025 15:21:17,,,ui.lap_update,carrera_v2_6b799dd9_992f_4f07_bcd0_a3815b27c6ec,,1747228876885,1747228876885,carrera_v2_lap_80687EFE,1045,3
,1,15234,83,0:15.234,14.05.2025 15:21:32,,,ui.lap_update,carrera_v2_6b799dd9_992f_4f07_bcd0_a3815b27c6ec,,1747228892125,1747228892125,carrera_v2_lap_80687EFE,1046,3
,2,26471,84,0:26.471,14.05.2025 15:21:41,,,ui.lap_update,carrera_v2_6b799dd9_992f_4f07_bcd0_a3815b27c6ec,,1747228900585,1747228900585,carrera_v2_lap_80687EFE,718,7
,1,9344,83,0:09.344,14.05.2025 15:21:41,,,ui.lap_update,carrera_v2_6b799dd9_992f_4f07_bcd0_a3815b27c6ec,,1747228901425,1747228901425,carrera_v2_lap_80687EFE,1047,3
,2,9997,84,0:09.997,14.05.2025 15:21:50,,,ui.lap_update,carrera_v2_6b799dd9_992f_4f07_bcd0_a3815b27c6ec,,1747228910485,1747228910485,carrera_v2_lap_80687EFE,719,7
,1,9527,83,0:09.527,14.05.2025 15:21:51,,,ui.lap_update,carrera_v2_6b799dd9_992f_4f07_bcd0_a3815b27c6ec,,1747228910845,1747228910845,carrera_v2_lap_80687EFE,1048,3
,1,6604,83,0:06.604,14.05.2025 15:21:57,,,ui.lap_update,carrera_v2_6b799dd9_992f_4f07_bcd0_a3815b27c6ec,,1747228917446,1747228917446,carrera_v2_lap_80687EFE,1049,3
,2,8765,84,0:08.765,14.05.2025 15:21:59,,,ui.lap_update,carrera_v2_6b799dd9_992f_4f07_bcd0_a3815b27c6ec,,1747228919187,1747228919187,carrera_v2_lap_80687EFE,720,7
,1,7280,83,0:07.280,14.05.2025 15:22:05,,,ui.lap_update,carrera_v2_6b799dd9_992f_4f07_bcd0_a3815b27c6ec,,1747228924706,1747228924706,carrera_v2_lap_80687EFE,1050,3
,2,6604,84,0:06.604,14.05.2025 15:22:06,,,ui.lap_update,carrera_v2_6b799dd9_992f_4f07_bcd0_a3815b27c6ec,,1747228925787,1747228925787,carrera_v2_lap_80687EFE,721,7
,1,5571,83,0:05.571,14.05.2025 15:22:10,,,ui.lap_update,carrera_v2_6b799dd9_992f_4f07_bcd0_a3815b27c6ec,,1747228930346,1747228930346,carrera_v2_lap_80687EFE,1051,3
,2,6199,84,0:06.199,14.05.2025 15:22:12,,,ui.lap_update,carrera_v2_6b799dd9_992f_4f07_bcd0_a3815b27c6ec,,1747228931967,1747228931967,carrera_v2_lap_80687EFE,722,7
,1,5644,83,0:05.644,14.05.2025 15:22:16,,,ui.lap_update,carrera_v2_6b799dd9_992f_4f07_bcd0_a3815b27c6ec,,1747228935926,1747228935926,carrera_v2_lap_80687EFE,1052,3
,2,5969,84,0:05.969,14.05.2025 15:22:18,,,ui.lap_update,carrera_v2_6b799dd9_992f_4f07_bcd0_a3815b27c6ec,,1747228938026,1747228938026,carrera_v2_lap_80687EFE,723,7
,1,5279,83,0:05.279,14.05.2025 15:22:21,,,ui.lap_update,carrera_v2_6b799dd9_992f_4f07_bcd0_a3815b27c6ec,,1747228941147,1747228941147,carrera_v2_lap_80687EFE,1053,3
,2,5594,84,0:05.594,14.05.2025 15:22:24,,,ui.lap_update,carrera_v2_6b799dd9_992f_4f07_bcd0_a3815b27c6ec,,1747228943548,1747228943548,carrera_v2_lap_80687EFE,724,7
,1,6081,83,0:06.081,14.05.2025 15:22:27,,,ui.lap_update,carrera_v2_6b799dd9_992f_4f07_bcd0_a3815b27c6ec,,1747228947267,1747228947267,carrera_v2_lap_80687EFE,1054,3
,2,6149,84,0:06.149,14.05.2025 15:22:30,,,ui.lap_update,carrera_v2_6b799dd9_992f_4f07_bcd0_a3815b27c6ec,,1747228949607,1747228949607,carrera_v2_lap_80687EFE,725,7
,2,175332,84,2:55.332,14.05.2025 15:25:24,,,ui.lap_update,carrera_v2_6b799dd9_992f_4f07_bcd0_a3815b27c6ec,,1747229124449,1747229124449,carrera_v2_lap_80687EFE,726,7
,2,541,84,0:00.541,14.05.2025 15:25:25,,,ui.lap_update,carrera_v2_6b799dd9_992f_4f07_bcd0_a3815b27c6ec,,1747229124990,1747229124990,carrera_v2_lap_80687EFE,727,7
,2,80262,84,1:20.262,14.05.2025 15:26:45,,,ui.lap_update,carrera_v2_6b799dd9_992f_4f07_bcd0_a3815b27c6ec,,1747229204976,1747229204976,carrera_v2_lap_80687EFE,728,7
,2,16106,84,0:16.106,14.05.2025 15:27:01,,,ui.lap_update,carrera_v2_6b799dd9_992f_4f07_bcd0_a3815b27c6ec,,1747229220992,1747229220992,carrera_v2_lap_80687EFE,729,7
,2,5990,84,0:05.990,14.05.2025 15:27:07,,,ui.lap_update,carrera_v2_6b799dd9_992f_4f07_bcd0_a3815b27c6ec,,1747229227111,1747229227111,carrera_v2_lap_80687EFE,730,7
,2,310485,84,5:10.485,14.05.2025 15:32:17,,,ui.lap_update,carrera_v2_6b799dd9_992f_4f07_bcd0_a3815b27c6ec,,1747229536596,1747229536596,carrera_v2_lap_80687EFE,731,7
,1,616991,83,10:16.991,14.05.2025 15:32:42,,,ui.lap_update,carrera_v2_6b799dd9_992f_4f07_bcd0_a3815b27c6ec,,1747229562338,1747229562338,carrera_v2_lap_80687EFE,1055,3
,2,49355,84,0:49.355,14.05.2025 15:33:06,,,ui.lap_update,carrera_v2_6b799dd9_992f_4f07_bcd0_a3815b27c6ec,,1747229585798,1747229585798,carrera_v2_lap_80687EFE,732,7
,2,44136,85,0:44.136,14.05.2025 15:33:50,,,ui.lap_update,carrera_v2_6b799dd9_992f_4f07_bcd0_a3815b27c6ec,,1747229629838,1747229629838,carrera_v2_lap_80687EFE,733,6
,2,11029,85,0:11.029,14.05.2025 15:34:01,,,ui.lap_update,carrera_v2_6b799dd9_992f_4f07_bcd0_a3815b27c6ec,,1747229640698,1747229640698,carrera_v2_lap_80687EFE,734,6
,2,8670,85,0:08.670,14.05.2025 15:34:09,,,ui.lap_update,carrera_v2_6b799dd9_992f_4f07_bcd0_a3815b27c6ec,,1747229649398,1747229649398,carrera_v2_lap_80687EFE,735,6
,2,9730,85,0:09.730,14.05.2025 15:34:19,,,ui.lap_update,carrera_v2_6b799dd9_992f_4f07_bcd0_a3815b27c6ec,,1747229659119,1747229659119,carrera_v2_lap_80687EFE,736,6
,2,10419,85,0:10.419,14.05.2025 15:34:29,,,ui.lap_update,carrera_v2_6b799dd9_992f_4f07_bcd0_a3815b27c6ec,,1747229669499,1747229669499,carrera_v2_lap_80687EFE,737,6
,2,7919,85,0:07.919,14.05.2025 15:34:37,,,ui.lap_update,carrera_v2_6b799dd9_992f_4f07_bcd0_a3815b27c6ec,,1747229677419,1747229677419,carrera_v2_lap_80687EFE,738,6
,2,6866,85,0:06.866,14.05.2025 15:34:44,,,ui.lap_update,carrera_v2_6b799dd9_992f_4f07_bcd0_a3815b27c6ec,,1747229684259,1747229684259,carrera_v2_lap_80687EFE,739,6
,2,9066,85,0:09.066,14.05.2025 15:34:53,,,ui.lap_update,carrera_v2_6b799dd9_992f_4f07_bcd0_a3815b27c6ec,,1747229693319,1747229693319,carrera_v2_lap_80687EFE,740,6
,2,8002,85,0:08.002,14.05.2025 15:35:01,,,ui.lap_update,carrera_v2_6b799dd9_992f_4f07_bcd0_a3815b27c6ec,,1747229701299,1747229701299,carrera_v2_lap_80687EFE,741,6
,2,7306,85,0:07.306,14.05.2025 15:35:08,,,ui.lap_update,carrera_v2_6b799dd9_992f_4f07_bcd0_a3815b27c6ec,,1747229708500,1747229708500,carrera_v2_lap_80687EFE,742,6
,2,7139,85,0:07.139,14.05.2025 15:35:16,,,ui.lap_update,carrera_v2_6b799dd9_992f_4f07_bcd0_a3815b27c6ec,,1747229715640,1747229715640,carrera_v2_lap_80687EFE,743,6
,2,7111,85,0:07.111,14.05.2025 15:35:23,,,ui.lap_update,carrera_v2_6b799dd9_992f_4f07_bcd0_a3815b27c6ec,,1747229722780,1747229722780,carrera_v2_lap_80687EFE,744,6
,2,18006,85,0:18.006,14.05.2025 15:35:41,,,ui.lap_update,carrera_v2_6b799dd9_992f_4f07_bcd0_a3815b27c6ec,,1747229740721,1747229740721,carrera_v2_lap_80687EFE,745,6
,2,8545,85,0:08.545,14.05.2025 15:35:49,,,ui.lap_update,carrera_v2_6b799dd9_992f_4f07_bcd0_a3815b27c6ec,,1747229749241,1747229749241,carrera_v2_lap_80687EFE,746,6
,2,9341,85,0:09.341,14.05.2025 15:35:59,,,ui.lap_update,carrera_v2_6b799dd9_992f_4f07_bcd0_a3815b27c6ec,,1747229758601,1747229758601,carrera_v2_lap_80687EFE,747,6
,2,9458,85,0:09.458,14.05.2025 15:36:08,,,ui.lap_update,carrera_v2_6b799dd9_992f_4f07_bcd0_a3815b27c6ec,,1747229767962,1747229767962,carrera_v2_lap_80687EFE,748,6
,2,8201,85,0:08.201,14.05.2025 15:36:16,,,ui.lap_update,carrera_v2_6b799dd9_992f_4f07_bcd0_a3815b27c6ec,,1747229776302,1747229776302,carrera_v2_lap_80687EFE,749,6
,2,8065,85,0:08.065,14.05.2025 15:36:24,,,ui.lap_update,carrera_v2_6b799dd9_992f_4f07_bcd0_a3815b27c6ec,,1747229784282,1747229784282,carrera_v2_lap_80687EFE,750,6
,2,7705,85,0:07.705,14.05.2025 15:36:32,,,ui.lap_update,carrera_v2_6b799dd9_992f_4f07_bcd0_a3815b27c6ec,,1747229791961,1747229791961,carrera_v2_lap_80687EFE,751,6
,2,7898,85,0:07.898,14.05.2025 15:36:40,,,ui.lap_update,carrera_v2_6b799dd9_992f_4f07_bcd0_a3815b27c6ec,,1747229799761,1747229799761,carrera_v2_lap_80687EFE,752,6
,2,7906,85,0:07.906,14.05.2025 15:36:48,,,ui.lap_update,carrera_v2_6b799dd9_992f_4f07_bcd0_a3815b27c6ec,,1747229807562,1747229807562,carrera_v2_lap_80687EFE,753,6
,2,7878,85,0:07.878,14.05.2025 15:36:55,,,ui.lap_update,carrera_v2_6b799dd9_992f_4f07_bcd0_a3815b27c6ec,,1747229815482,1747229815482,carrera_v2_lap_80687EFE,754,6
,2,7922,85,0:07.922,14.05.2025 15:37:03,,,ui.lap_update,carrera_v2_6b799dd9_992f_4f07_bcd0_a3815b27c6ec,,1747229823402,1747229823402,carrera_v2_lap_80687EFE,755,6
,2,7693,85,0:07.693,14.05.2025 15:37:11,,,ui.lap_update,carrera_v2_6b799dd9_992f_4f07_bcd0_a3815b27c6ec,,1747229831083,1747229831083,carrera_v2_lap_80687EFE,756,6
,2,7903,85,0:07.903,14.05.2025 15:37:19,,,ui.lap_update,carrera_v2_6b799dd9_992f_4f07_bcd0_a3815b27c6ec,,1747229838942,1747229838942,carrera_v2_lap_80687EFE,757,6
,2,7925,85,0:07.925,14.05.2025 15:37:27,,,ui.lap_update,carrera_v2_6b799dd9_992f_4f07_bcd0_a3815b27c6ec,,1747229846802,1747229846802,carrera_v2_lap_80687EFE,758,6
,2,8223,85,0:08.223,14.05.2025 15:37:35,,,ui.lap_update,carrera_v2_6b799dd9_992f_4f07_bcd0_a3815b27c6ec,,1747229854962,1747229854962,carrera_v2_lap_80687EFE,759,6
,2,8500,85,0:08.500,14.05.2025 15:37:44,,,ui.lap_update,carrera_v2_6b799dd9_992f_4f07_bcd0_a3815b27c6ec,,1747229863546,1747229863546,carrera_v2_lap_80687EFE,760,6
,2,7675,85,0:07.675,14.05.2025 15:37:51,,,ui.lap_update,carrera_v2_6b799dd9_992f_4f07_bcd0_a3815b27c6ec,,1747229871162,1747229871162,carrera_v2_lap_80687EFE,761,6
,2,7521,85,0:07.521,14.05.2025 15:37:59,,,ui.lap_update,carrera_v2_6b799dd9_992f_4f07_bcd0_a3815b27c6ec,,1747229878663,1747229878663,carrera_v2_lap_80687EFE,762,6
,2,12149,85,0:12.149,14.05.2025 15:38:11,,,ui.lap_update,carrera_v2_6b799dd9_992f_4f07_bcd0_a3815b27c6ec,,1747229890783,1747229890783,carrera_v2_lap_80687EFE,763,6
,2,9838,85,0:09.838,14.05.2025 15:38:21,,,ui.lap_update,carrera_v2_6b799dd9_992f_4f07_bcd0_a3815b27c6ec,,1747229900624,1747229900624,carrera_v2_lap_80687EFE,764,6
,2,14133,85,0:14.133,14.05.2025 15:38:35,,,ui.lap_update,carrera_v2_6b799dd9_992f_4f07_bcd0_a3815b27c6ec,,1747229914724,1747229914724,carrera_v2_lap_80687EFE,765,6
,2,9449,85,0:09.449,14.05.2025 15:38:44,,,ui.lap_update,carrera_v2_6b799dd9_992f_4f07_bcd0_a3815b27c6ec,,1747229924143,1747229924143,carrera_v2_lap_80687EFE,766,6
,2,10336,85,0:10.336,14.05.2025 15:38:54,,,ui.lap_update,carrera_v2_6b799dd9_992f_4f07_bcd0_a3815b27c6ec,,1747229934464,1747229934464,carrera_v2_lap_80687EFE,767,6
,2,7478,85,0:07.478,14.05.2025 15:39:02,,,ui.lap_update,carrera_v2_6b799dd9_992f_4f07_bcd0_a3815b27c6ec,,1747229941905,1747229941905,carrera_v2_lap_80687EFE,768,6
,2,22754,85,0:22.754,14.05.2025 15:39:25,,,ui.lap_update,carrera_v2_6b799dd9_992f_4f07_bcd0_a3815b27c6ec,,1747229964525,1747229964525,carrera_v2_lap_80687EFE,769,6
,2,12714,85,0:12.714,14.05.2025 15:39:37,,,ui.lap_update,carrera_v2_6b799dd9_992f_4f07_bcd0_a3815b27c6ec,,1747229977244,1747229977244,carrera_v2_lap_80687EFE,770,6
,2,9717,85,0:09.717,14.05.2025 15:39:47,,,ui.lap_update,carrera_v2_6b799dd9_992f_4f07_bcd0_a3815b27c6ec,,1747229986967,1747229986967,carrera_v2_lap_80687EFE,771,6
,2,8803,85,0:08.803,14.05.2025 15:39:56,,,ui.lap_update,carrera_v2_6b799dd9_992f_4f07_bcd0_a3815b27c6ec,,1747229995726,1747229995726,carrera_v2_lap_80687EFE,772,6
,2,10006,85,0:10.006,14.05.2025 15:40:06,,,ui.lap_update,carrera_v2_6b799dd9_992f_4f07_bcd0_a3815b27c6ec,,1747230005686,1747230005686,carrera_v2_lap_80687EFE,773,6
,2,8108,85,0:08.108,14.05.2025 15:40:14,,,ui.lap_update,carrera_v2_6b799dd9_992f_4f07_bcd0_a3815b27c6ec,,1747230013786,1747230013786,carrera_v2_lap_80687EFE,774,6
,2,7841,85,0:07.841,14.05.2025 15:40:22,,,ui.lap_update,carrera_v2_6b799dd9_992f_4f07_bcd0_a3815b27c6ec,,1747230021586,1747230021586,carrera_v2_lap_80687EFE,775,6
,2,7748,85,0:07.748,14.05.2025 15:40:29,,,ui.lap_update,carrera_v2_6b799dd9_992f_4f07_bcd0_a3815b27c6ec,,1747230029266,1747230029266,carrera_v2_lap_80687EFE,776,6
,2,7964,85,0:07.964,14.05.2025 15:40:37,,,ui.lap_update,carrera_v2_6b799dd9_992f_4f07_bcd0_a3815b27c6ec,,1747230037246,1747230037246,carrera_v2_lap_80687EFE,777,6
,2,9039,85,0:09.039,14.05.2025 15:40:46,,,ui.lap_update,carrera_v2_6b799dd9_992f_4f07_bcd0_a3815b27c6ec,,1747230046246,1747230046246,carrera_v2_lap_80687EFE,778,6
,2,7901,85,0:07.901,14.05.2025 15:40:54,,,ui.lap_update,carrera_v2_6b799dd9_992f_4f07_bcd0_a3815b27c6ec,,1747230054106,1747230054106,carrera_v2_lap_80687EFE,779,6
,2,6863,85,0:06.863,14.05.2025 15:41:01,,,ui.lap_update,carrera_v2_6b799dd9_992f_4f07_bcd0_a3815b27c6ec,,1747230060947,1747230060947,carrera_v2_lap_80687EFE,780,6
,2,8104,85,0:08.104,14.05.2025 15:41:09,,,ui.lap_update,carrera_v2_6b799dd9_992f_4f07_bcd0_a3815b27c6ec,,1747230069047,1747230069047,carrera_v2_lap_80687EFE,781,6
,2,6751,85,0:06.751,14.05.2025 15:41:16,,,ui.lap_update,carrera_v2_6b799dd9_992f_4f07_bcd0_a3815b27c6ec,,1747230075766,1747230075766,carrera_v2_lap_80687EFE,782,6
,2,7392,85,0:07.392,14.05.2025 15:41:23,,,ui.lap_update,carrera_v2_6b799dd9_992f_4f07_bcd0_a3815b27c6ec,,1747230083148,1747230083148,carrera_v2_lap_80687EFE,783,6
,2,7007,85,0:07.007,14.05.2025 15:41:30,,,ui.lap_update,carrera_v2_6b799dd9_992f_4f07_bcd0_a3815b27c6ec,,1747230090110,1747230090110,carrera_v2_lap_80687EFE,784,6
,2,11404,85,0:11.404,14.05.2025 15:41:41,,,ui.lap_update,carrera_v2_6b799dd9_992f_4f07_bcd0_a3815b27c6ec,,1747230101447,1747230101447,carrera_v2_lap_80687EFE,785,6
,2,7287,85,0:07.287,14.05.2025 15:41:49,,,ui.lap_update,carrera_v2_6b799dd9_992f_4f07_bcd0_a3815b27c6ec,,1747230108768,1747230108768,carrera_v2_lap_80687EFE,786,6
,2,15073,85,0:15.073,14.05.2025 15:42:04,,,ui.lap_update,carrera_v2_6b799dd9_992f_4f07_bcd0_a3815b27c6ec,,1747230123829,1747230123829,carrera_v2_lap_80687EFE,787,6
,2,11679,85,0:11.679,14.05.2025 15:42:15,,,ui.lap_update,carrera_v2_6b799dd9_992f_4f07_bcd0_a3815b27c6ec,,1747230135469,1747230135469,carrera_v2_lap_80687EFE,788,6
,2,15541,85,0:15.541,14.05.2025 15:42:31,,,ui.lap_update,carrera_v2_6b799dd9_992f_4f07_bcd0_a3815b27c6ec,,1747230150947,1747230150947,carrera_v2_lap_80687EFE,789,6
,2,10593,85,0:10.593,14.05.2025 15:42:41,,,ui.lap_update,carrera_v2_6b799dd9_992f_4f07_bcd0_a3815b27c6ec,,1747230161389,1747230161389,carrera_v2_lap_80687EFE,790,6
,2,8673,85,0:08.673,14.05.2025 15:42:50,,,ui.lap_update,carrera_v2_6b799dd9_992f_4f07_bcd0_a3815b27c6ec,,1747230170149,1747230170149,carrera_v2_lap_80687EFE,791,6
,2,9890,85,0:09.890,14.05.2025 15:43:00,,,ui.lap_update,carrera_v2_6b799dd9_992f_4f07_bcd0_a3815b27c6ec,,1747230179927,1747230179927,carrera_v2_lap_80687EFE,792,6
,2,9510,85,0:09.510,14.05.2025 15:43:09,,,ui.lap_update,carrera_v2_6b799dd9_992f_4f07_bcd0_a3815b27c6ec,,1747230189468,1747230189468,carrera_v2_lap_80687EFE,793,6
,2,7520,85,0:07.520,14.05.2025 15:43:17,,,ui.lap_update,carrera_v2_6b799dd9_992f_4f07_bcd0_a3815b27c6ec,,1747230196908,1747230196908,carrera_v2_lap_80687EFE,794,6
,2,6693,85,0:06.693,14.05.2025 15:43:24,,,ui.lap_update,carrera_v2_6b799dd9_992f_4f07_bcd0_a3815b27c6ec,,1747230203629,1747230203629,carrera_v2_lap_80687EFE,795,6
,2,6727,85,0:06.727,14.05.2025 15:43:30,,,ui.lap_update,carrera_v2_6b799dd9_992f_4f07_bcd0_a3815b27c6ec,,1747230210348,1747230210348,carrera_v2_lap_80687EFE,796,6
,2,6227,85,0:06.227,14.05.2025 15:43:36,,,ui.lap_update,carrera_v2_6b799dd9_992f_4f07_bcd0_a3815b27c6ec,,1747230216468,1747230216468,carrera_v2_lap_80687EFE,797,6
,2,16918,85,0:16.918,14.05.2025 15:43:53,,,ui.lap_update,carrera_v2_6b799dd9_992f_4f07_bcd0_a3815b27c6ec,,1747230233389,1747230233389,carrera_v2_lap_80687EFE,798,6
,2,15286,85,0:15.286,14.05.2025 15:44:09,,,ui.lap_update,carrera_v2_6b799dd9_992f_4f07_bcd0_a3815b27c6ec,,1747230248689,1747230248689,carrera_v2_lap_80687EFE,799,6
,2,13104,85,0:13.104,14.05.2025 15:44:22,,,ui.lap_update,carrera_v2_6b799dd9_992f_4f07_bcd0_a3815b27c6ec,,1747230261830,1747230261830,carrera_v2_lap_80687EFE,800,6
,2,8180,85,0:08.180,14.05.2025 15:44:30,,,ui.lap_update,carrera_v2_6b799dd9_992f_4f07_bcd0_a3815b27c6ec,,1747230269870,1747230269870,carrera_v2_lap_80687EFE,801,6
,2,7225,85,0:07.225,14.05.2025 15:44:37,,,ui.lap_update,carrera_v2_6b799dd9_992f_4f07_bcd0_a3815b27c6ec,,1747230277011,1747230277011,carrera_v2_lap_80687EFE,802,6
,2,6902,85,0:06.902,14.05.2025 15:44:44,,,ui.lap_update,carrera_v2_6b799dd9_992f_4f07_bcd0_a3815b27c6ec,,1747230283971,1747230283971,carrera_v2_lap_80687EFE,803,6
,2,9325,85,0:09.325,14.05.2025 15:44:53,,,ui.lap_update,carrera_v2_6b799dd9_992f_4f07_bcd0_a3815b27c6ec,,1747230293270,1747230293270,carrera_v2_lap_80687EFE,804,6
,2,20217,85,0:20.217,14.05.2025 15:45:13,,,ui.lap_update,carrera_v2_6b799dd9_992f_4f07_bcd0_a3815b27c6ec,,1747230313431,1747230313431,carrera_v2_lap_80687EFE,805,6
,2,30061,85,0:30.061,14.05.2025 15:45:43,,,ui.lap_update,carrera_v2_6b799dd9_992f_4f07_bcd0_a3815b27c6ec,,1747230343312,1747230343312,carrera_v2_lap_80687EFE,806,6
,2,9228,85,0:09.228,14.05.2025 15:45:53,,,ui.lap_update,carrera_v2_6b799dd9_992f_4f07_bcd0_a3815b27c6ec,,1747230352611,1747230352611,carrera_v2_lap_80687EFE,807,6
,2,7379,85,0:07.379,14.05.2025 15:46:00,,,ui.lap_update,carrera_v2_6b799dd9_992f_4f07_bcd0_a3815b27c6ec,,1747230359872,1747230359872,carrera_v2_lap_80687EFE,808,6
,2,7467,85,0:07.467,14.05.2025 15:46:07,,,ui.lap_update,carrera_v2_6b799dd9_992f_4f07_bcd0_a3815b27c6ec,,1747230367312,1747230367312,carrera_v2_lap_80687EFE,809,6
,2,7970,85,0:07.970,14.05.2025 15:46:15,,,ui.lap_update,carrera_v2_6b799dd9_992f_4f07_bcd0_a3815b27c6ec,,1747230375293,1747230375293,carrera_v2_lap_80687EFE,810,6
,2,36228,85,0:36.228,14.05.2025 15:46:51,,,ui.lap_update,carrera_v2_6b799dd9_992f_4f07_bcd0_a3815b27c6ec,,1747230411413,1747230411413,carrera_v2_lap_80687EFE,811,6
,2,16744567,85,39:04.567,14.05.2025 15:47:45,,,ui.lap_update,carrera_v2_6b799dd9_992f_4f07_bcd0_a3815b27c6ec,,1747230464634,1747230464634,carrera_v2_lap_80687EFE,812,6
,1,15892891,85,24:52.891,14.05.2025 15:48:00,,,ui.lap_update,carrera_v2_6b799dd9_992f_4f07_bcd0_a3815b27c6ec,,1747230480295,1747230480295,carrera_v2_lap_80687EFE,1056,3
,1,6694,85,0:06.694,14.05.2025 15:48:07,,,ui.lap_update,carrera_v2_6b799dd9_992f_4f07_bcd0_a3815b27c6ec,,1747230486954,1747230486954,carrera_v2_lap_80687EFE,1057,3
,2,22418,85,0:22.418,14.05.2025 15:48:07,,,ui.lap_update,carrera_v2_6b799dd9_992f_4f07_bcd0_a3815b27c6ec,,1747230487076,1747230487076,carrera_v2_lap_80687EFE,813,6
,2,14712,85,0:14.712,14.05.2025 15:48:22,,,ui.lap_update,carrera_v2_6b799dd9_992f_4f07_bcd0_a3815b27c6ec,,1747230501655,1747230501655,carrera_v2_lap_80687EFE,814,6
,1,21504,85,0:21.504,14.05.2025 15:48:28,,,ui.lap_update,carrera_v2_6b799dd9_992f_4f07_bcd0_a3815b27c6ec,,1747230508436,1747230508436,carrera_v2_lap_80687EFE,1058,3
,1,222,85,0:00.222,14.05.2025 15:48:29,,,ui.lap_update,carrera_v2_6b799dd9_992f_4f07_bcd0_a3815b27c6ec,,1747230508555,1747230508555,carrera_v2_lap_80687EFE,1059,3
,2,7582,85,0:07.582,14.05.2025 15:48:29,,,ui.lap_update,carrera_v2_6b799dd9_992f_4f07_bcd0_a3815b27c6ec,,1747230509215,1747230509215,carrera_v2_lap_80687EFE,815,6
,2,27253,85,0:27.253,14.05.2025 15:48:56,,,ui.lap_update,carrera_v2_6b799dd9_992f_4f07_bcd0_a3815b27c6ec,,1747230536396,1747230536396,carrera_v2_lap_80687EFE,816,6
,1,27999,85,0:27.999,14.05.2025 15:48:57,,,ui.lap_update,carrera_v2_6b799dd9_992f_4f07_bcd0_a3815b27c6ec,,1747230536515,1747230536515,carrera_v2_lap_80687EFE,1060,3
,2,15257,85,0:15.257,14.05.2025 15:49:12,,,ui.lap_update,carrera_v2_6b799dd9_992f_4f07_bcd0_a3815b27c6ec,,1747230551697,1747230551697,carrera_v2_lap_80687EFE,817,6
,1,21679,85,0:21.679,14.05.2025 15:49:18,,,ui.lap_update,carrera_v2_6b799dd9_992f_4f07_bcd0_a3815b27c6ec,,1747230558175,1747230558175,carrera_v2_lap_80687EFE,1061,3
,1,10542,85,0:10.542,14.05.2025 15:49:29,,,ui.lap_update,carrera_v2_6b799dd9_992f_4f07_bcd0_a3815b27c6ec,,1747230568737,1747230568737,carrera_v2_lap_80687EFE,1062,3
,1,11975,85,0:11.975,14.05.2025 15:49:41,,,ui.lap_update,carrera_v2_6b799dd9_992f_4f07_bcd0_a3815b27c6ec,,1747230580616,1747230580616,carrera_v2_lap_80687EFE,1063,3
,2,47454,85,0:47.454,14.05.2025 15:49:59,,,ui.lap_update,carrera_v2_6b799dd9_992f_4f07_bcd0_a3815b27c6ec,,1747230598976,1747230598976,carrera_v2_lap_80687EFE,818,6
,1,32918,85,0:32.918,14.05.2025 15:50:13,,,ui.lap_update,carrera_v2_6b799dd9_992f_4f07_bcd0_a3815b27c6ec,,1747230613377,1747230613377,carrera_v2_lap_80687EFE,1064,3
,1,9813,85,0:09.813,14.05.2025 15:50:23,,,ui.lap_update,carrera_v2_6b799dd9_992f_4f07_bcd0_a3815b27c6ec,,1747230623277,1747230623277,carrera_v2_lap_80687EFE,1065,3
,2,24598,85,0:24.598,14.05.2025 15:50:24,,,ui.lap_update,carrera_v2_6b799dd9_992f_4f07_bcd0_a3815b27c6ec,,1747230623517,1747230623517,carrera_v2_lap_80687EFE,819,6
,1,7280,85,0:07.280,14.05.2025 15:50:30,,,ui.lap_update,carrera_v2_6b799dd9_992f_4f07_bcd0_a3815b27c6ec,,1747230630338,1747230630338,carrera_v2_lap_80687EFE,1066,3
,1,7837,85,0:07.837,14.05.2025 15:50:38,,,ui.lap_update,carrera_v2_6b799dd9_992f_4f07_bcd0_a3815b27c6ec,,1747230638139,1747230638139,carrera_v2_lap_80687EFE,1067,3
,1,8409,85,0:08.409,14.05.2025 15:50:47,,,ui.lap_update,carrera_v2_6b799dd9_992f_4f07_bcd0_a3815b27c6ec,,1747230646537,1747230646537,carrera_v2_lap_80687EFE,1068,3
,1,8120,85,0:08.120,14.05.2025 15:50:55,,,ui.lap_update,carrera_v2_6b799dd9_992f_4f07_bcd0_a3815b27c6ec,,1747230654637,1747230654637,carrera_v2_lap_80687EFE,1069,3
,1,7497,85,0:07.497,14.05.2025 15:51:02,,,ui.lap_update,carrera_v2_6b799dd9_992f_4f07_bcd0_a3815b27c6ec,,1747230662137,1747230662137,carrera_v2_lap_80687EFE,1070,3
,1,7119,85,0:07.119,14.05.2025 15:51:09,,,ui.lap_update,carrera_v2_6b799dd9_992f_4f07_bcd0_a3815b27c6ec,,1747230669158,1747230669158,carrera_v2_lap_80687EFE,1071,3
,1,92170,85,1:32.170,14.05.2025 15:52:41,,,ui.lap_update,carrera_v2_6b799dd9_992f_4f07_bcd0_a3815b27c6ec,,1747230761078,1747230761078,carrera_v2_lap_80687EFE,1072,3
,2,383913,86,6:23.913,14.05.2025 15:56:46,,,ui.lap_update,carrera_v2_6b799dd9_992f_4f07_bcd0_a3815b27c6ec,,1747231006116,1747231006116,carrera_v2_lap_80687EFE,820,6
,2,28340,86,0:28.340,14.05.2025 15:57:14,,,ui.lap_update,carrera_v2_6b799dd9_992f_4f07_bcd0_a3815b27c6ec,,1747231034375,1747231034375,carrera_v2_lap_80687EFE,821,6
,2,7979,86,0:07.979,14.05.2025 15:57:22,,,ui.lap_update,carrera_v2_6b799dd9_992f_4f07_bcd0_a3815b27c6ec,,1747231042234,1747231042234,carrera_v2_lap_80687EFE,822,6
,2,7215,86,0:07.215,14.05.2025 15:57:29,,,ui.lap_update,carrera_v2_6b799dd9_992f_4f07_bcd0_a3815b27c6ec,,1747231049494,1747231049494,carrera_v2_lap_80687EFE,823,6
,2,7178,86,0:07.178,14.05.2025 15:57:37,,,ui.lap_update,carrera_v2_6b799dd9_992f_4f07_bcd0_a3815b27c6ec,,1747231056637,1747231056637,carrera_v2_lap_80687EFE,824,6
,2,7167,86,0:07.167,14.05.2025 15:57:44,,,ui.lap_update,carrera_v2_6b799dd9_992f_4f07_bcd0_a3815b27c6ec,,1747231063834,1747231063834,carrera_v2_lap_80687EFE,825,6
,2,7304,86,0:07.304,14.05.2025 15:57:51,,,ui.lap_update,carrera_v2_6b799dd9_992f_4f07_bcd0_a3815b27c6ec,,1747231071094,1747231071094,carrera_v2_lap_80687EFE,826,6
,2,7192,86,0:07.192,14.05.2025 15:57:58,,,ui.lap_update,carrera_v2_6b799dd9_992f_4f07_bcd0_a3815b27c6ec,,1747231078234,1747231078234,carrera_v2_lap_80687EFE,827,6
,2,7243,86,0:07.243,14.05.2025 15:58:06,,,ui.lap_update,carrera_v2_6b799dd9_992f_4f07_bcd0_a3815b27c6ec,,1747231085554,1747231085554,carrera_v2_lap_80687EFE,828,6
,2,7201,86,0:07.201,14.05.2025 15:58:13,,,ui.lap_update,carrera_v2_6b799dd9_992f_4f07_bcd0_a3815b27c6ec,,1747231092633,1747231092633,carrera_v2_lap_80687EFE,829,6
,2,7206,86,0:07.206,14.05.2025 15:58:20,,,ui.lap_update,carrera_v2_6b799dd9_992f_4f07_bcd0_a3815b27c6ec,,1747231099775,1747231099775,carrera_v2_lap_80687EFE,830,6
,2,8545,86,0:08.545,14.05.2025 15:58:28,,,ui.lap_update,carrera_v2_6b799dd9_992f_4f07_bcd0_a3815b27c6ec,,1747231108426,1747231108426,carrera_v2_lap_80687EFE,831,6
,2,6414,86,0:06.414,14.05.2025 15:58:35,,,ui.lap_update,carrera_v2_6b799dd9_992f_4f07_bcd0_a3815b27c6ec,,1747231114717,1747231114717,carrera_v2_lap_80687EFE,832,6
,2,7230,86,0:07.230,14.05.2025 15:58:42,,,ui.lap_update,carrera_v2_6b799dd9_992f_4f07_bcd0_a3815b27c6ec,,1747231121916,1747231121916,carrera_v2_lap_80687EFE,833,6
,2,7344,86,0:07.344,14.05.2025 15:58:49,,,ui.lap_update,carrera_v2_6b799dd9_992f_4f07_bcd0_a3815b27c6ec,,1747231129237,1747231129237,carrera_v2_lap_80687EFE,834,6
,2,7303,86,0:07.303,14.05.2025 15:58:57,,,ui.lap_update,carrera_v2_6b799dd9_992f_4f07_bcd0_a3815b27c6ec,,1747231136555,1747231136555,carrera_v2_lap_80687EFE,835,6
,2,7634,86,0:07.634,14.05.2025 15:59:04,,,ui.lap_update,carrera_v2_6b799dd9_992f_4f07_bcd0_a3815b27c6ec,,1747231144172,1747231144172,carrera_v2_lap_80687EFE,836,6
,2,8227,86,0:08.227,14.05.2025 15:59:12,,,ui.lap_update,carrera_v2_6b799dd9_992f_4f07_bcd0_a3815b27c6ec,,1747231152334,1747231152334,carrera_v2_lap_80687EFE,837,6
,2,7003,86,0:07.003,14.05.2025 15:59:19,,,ui.lap_update,carrera_v2_6b799dd9_992f_4f07_bcd0_a3815b27c6ec,,1747231159295,1747231159295,carrera_v2_lap_80687EFE,838,6
,2,6745,86,0:06.745,14.05.2025 15:59:26,,,ui.lap_update,carrera_v2_6b799dd9_992f_4f07_bcd0_a3815b27c6ec,,1747231166074,1747231166074,carrera_v2_lap_80687EFE,839,6
,2,7116,86,0:07.116,14.05.2025 15:59:33,,,ui.lap_update,carrera_v2_6b799dd9_992f_4f07_bcd0_a3815b27c6ec,,1747231173213,1747231173213,carrera_v2_lap_80687EFE,840,6
,2,6413,86,0:06.413,14.05.2025 15:59:40,,,ui.lap_update,carrera_v2_6b799dd9_992f_4f07_bcd0_a3815b27c6ec,,1747231179512,1747231179512,carrera_v2_lap_80687EFE,841,6
,2,6319,86,0:06.319,14.05.2025 15:59:46,,,ui.lap_update,carrera_v2_6b799dd9_992f_4f07_bcd0_a3815b27c6ec,,1747231185814,1747231185814,carrera_v2_lap_80687EFE,842,6
,1,433794,87,7:13.794,14.05.2025 15:59:54,,,ui.lap_update,carrera_v2_6b799dd9_992f_4f07_bcd0_a3815b27c6ec,,1747231193553,1747231193553,carrera_v2_lap_80687EFE,1073,3
,2,8186,86,0:08.186,14.05.2025 15:59:54,,,ui.lap_update,carrera_v2_6b799dd9_992f_4f07_bcd0_a3815b27c6ec,,1747231194093,1747231194093,carrera_v2_lap_80687EFE,843,6
,2,8260,86,0:08.260,14.05.2025 16:00:02,,,ui.lap_update,carrera_v2_6b799dd9_992f_4f07_bcd0_a3815b27c6ec,,1747231202193,1747231202193,carrera_v2_lap_80687EFE,844,6
,1,9321,87,0:09.321,14.05.2025 16:00:03,,,ui.lap_update,carrera_v2_6b799dd9_992f_4f07_bcd0_a3815b27c6ec,,1747231202792,1747231202792,carrera_v2_lap_80687EFE,1074,3
,1,6038,87,0:06.038,14.05.2025 16:00:09,,,ui.lap_update,carrera_v2_6b799dd9_992f_4f07_bcd0_a3815b27c6ec,,1747231208853,1747231208853,carrera_v2_lap_80687EFE,1075,3
,2,6660,86,0:06.660,14.05.2025 16:00:09,,,ui.lap_update,carrera_v2_6b799dd9_992f_4f07_bcd0_a3815b27c6ec,,1747231208972,1747231208972,carrera_v2_lap_80687EFE,845,6
,2,6441,86,0:06.441,14.05.2025 16:00:15,,,ui.lap_update,carrera_v2_6b799dd9_992f_4f07_bcd0_a3815b27c6ec,,1747231215272,1747231215272,carrera_v2_lap_80687EFE,846,6
,2,7091,86,0:07.091,14.05.2025 16:00:22,,,ui.lap_update,carrera_v2_6b799dd9_992f_4f07_bcd0_a3815b27c6ec,,1747231222354,1747231222354,carrera_v2_lap_80687EFE,847,6
,1,14524,87,0:14.524,14.05.2025 16:00:23,,,ui.lap_update,carrera_v2_6b799dd9_992f_4f07_bcd0_a3815b27c6ec,,1747231223313,1747231223313,carrera_v2_lap_80687EFE,1076,3
,1,9314,87,0:09.314,14.05.2025 16:00:33,,,ui.lap_update,carrera_v2_6b799dd9_992f_4f07_bcd0_a3815b27c6ec,,1747231232673,1747231232673,carrera_v2_lap_80687EFE,1077,3
,2,11526,86,0:11.526,14.05.2025 16:00:34,,,ui.lap_update,carrera_v2_6b799dd9_992f_4f07_bcd0_a3815b27c6ec,,1747231233933,1747231233933,carrera_v2_lap_80687EFE,848,6
,1,6940,87,0:06.940,14.05.2025 16:00:40,,,ui.lap_update,carrera_v2_6b799dd9_992f_4f07_bcd0_a3815b27c6ec,,1747231239512,1747231239512,carrera_v2_lap_80687EFE,1078,3
,2,7541,86,0:07.541,14.05.2025 16:00:41,,,ui.lap_update,carrera_v2_6b799dd9_992f_4f07_bcd0_a3815b27c6ec,,1747231241312,1747231241312,carrera_v2_lap_80687EFE,849,6
,1,6579,87,0:06.579,14.05.2025 16:00:46,,,ui.lap_update,carrera_v2_6b799dd9_992f_4f07_bcd0_a3815b27c6ec,,1747231246112,1747231246112,carrera_v2_lap_80687EFE,1079,3
,2,6744,86,0:06.744,14.05.2025 16:00:48,,,ui.lap_update,carrera_v2_6b799dd9_992f_4f07_bcd0_a3815b27c6ec,,1747231248092,1747231248092,carrera_v2_lap_80687EFE,850,6
,1,6397,87,0:06.397,14.05.2025 16:00:52,,,ui.lap_update,carrera_v2_6b799dd9_992f_4f07_bcd0_a3815b27c6ec,,1747231252472,1747231252472,carrera_v2_lap_80687EFE,1080,3
,1,6027,87,0:06.027,14.05.2025 16:00:59,,,ui.lap_update,carrera_v2_6b799dd9_992f_4f07_bcd0_a3815b27c6ec,,1747231258532,1747231258532,carrera_v2_lap_80687EFE,1081,3
,1,12670,87,0:12.670,14.05.2025 16:01:11,,,ui.lap_update,carrera_v2_6b799dd9_992f_4f07_bcd0_a3815b27c6ec,,1747231271133,1747231271133,carrera_v2_lap_80687EFE,1082,3
,1,5553,87,0:05.553,14.05.2025 16:01:17,,,ui.lap_update,carrera_v2_6b799dd9_992f_4f07_bcd0_a3815b27c6ec,,1747231276655,1747231276655,carrera_v2_lap_80687EFE,1083,3
,1,6168,87,0:06.168,14.05.2025 16:01:23,,,ui.lap_update,carrera_v2_6b799dd9_992f_4f07_bcd0_a3815b27c6ec,,1747231282833,1747231282833,carrera_v2_lap_80687EFE,1084,3
,1,5416,87,0:05.416,14.05.2025 16:01:28,,,ui.lap_update,carrera_v2_6b799dd9_992f_4f07_bcd0_a3815b27c6ec,,1747231288232,1747231288232,carrera_v2_lap_80687EFE,1085,3
,1,5390,87,0:05.390,14.05.2025 16:01:34,,,ui.lap_update,carrera_v2_6b799dd9_992f_4f07_bcd0_a3815b27c6ec,,1747231293633,1747231293633,carrera_v2_lap_80687EFE,1086,3
,1,8618,87,0:08.618,14.05.2025 16:01:42,,,ui.lap_update,carrera_v2_6b799dd9_992f_4f07_bcd0_a3815b27c6ec,,1747231302152,1747231302152,carrera_v2_lap_80687EFE,1087,3
,1,5835,87,0:05.835,14.05.2025 16:01:48,,,ui.lap_update,carrera_v2_6b799dd9_992f_4f07_bcd0_a3815b27c6ec,,1747231307972,1747231307972,carrera_v2_lap_80687EFE,1088,3
,1,5227,87,0:05.227,14.05.2025 16:01:53,,,ui.lap_update,carrera_v2_6b799dd9_992f_4f07_bcd0_a3815b27c6ec,,1747231313252,1747231313252,carrera_v2_lap_80687EFE,1089,3
,1,5357,87,0:05.357,14.05.2025 16:01:59,,,ui.lap_update,carrera_v2_6b799dd9_992f_4f07_bcd0_a3815b27c6ec,,1747231318532,1747231318532,carrera_v2_lap_80687EFE,1090,3
,1,7914,87,0:07.914,14.05.2025 16:02:07,,,ui.lap_update,carrera_v2_6b799dd9_992f_4f07_bcd0_a3815b27c6ec,,1747231326512,1747231326512,carrera_v2_lap_80687EFE,1091,3
,1,5266,87,0:05.266,14.05.2025 16:02:12,,,ui.lap_update,carrera_v2_6b799dd9_992f_4f07_bcd0_a3815b27c6ec,,1747231331732,1747231331732,carrera_v2_lap_80687EFE,1092,3
,1,5090,87,0:05.090,14.05.2025 16:02:17,,,ui.lap_update,carrera_v2_6b799dd9_992f_4f07_bcd0_a3815b27c6ec,,1747231336771,1747231336771,carrera_v2_lap_80687EFE,1093,3
,1,5348,87,0:05.348,14.05.2025 16:02:22,,,ui.lap_update,carrera_v2_6b799dd9_992f_4f07_bcd0_a3815b27c6ec,,1747231342112,1747231342112,carrera_v2_lap_80687EFE,1094,3
,1,4963,87,0:04.963,14.05.2025 16:02:27,,,ui.lap_update,carrera_v2_6b799dd9_992f_4f07_bcd0_a3815b27c6ec,,1747231347152,1747231347152,carrera_v2_lap_80687EFE,1095,3
,1,385321,89,6:25.321,14.05.2025 16:08:51,,,ui.lap_update,carrera_v2_6b799dd9_992f_4f07_bcd0_a3815b27c6ec,,1747231731370,1747231731370,carrera_v2_lap_80687EFE,1096,3
,1,6868,89,0:06.868,14.05.2025 16:08:58,,,ui.lap_update,carrera_v2_6b799dd9_992f_4f07_bcd0_a3815b27c6ec,,1747231738151,1747231738151,carrera_v2_lap_80687EFE,1097,3
,1,5926,89,0:05.926,14.05.2025 16:09:04,,,ui.lap_update,carrera_v2_6b799dd9_992f_4f07_bcd0_a3815b27c6ec,,1747231744091,1747231744091,carrera_v2_lap_80687EFE,1098,3
,2,500378,88,8:20.378,14.05.2025 16:09:07,,,ui.lap_update,carrera_v2_6b799dd9_992f_4f07_bcd0_a3815b27c6ec,,1747231747089,1747231747089,carrera_v2_lap_80687EFE,851,6
,1,6036,89,0:06.036,14.05.2025 16:09:10,,,ui.lap_update,carrera_v2_6b799dd9_992f_4f07_bcd0_a3815b27c6ec,,1747231750149,1747231750149,carrera_v2_lap_80687EFE,1099,3
,2,16391,88,0:16.391,14.05.2025 16:09:23,,,ui.lap_update,carrera_v2_6b799dd9_992f_4f07_bcd0_a3815b27c6ec,,1747231763412,1747231763412,carrera_v2_lap_80687EFE,852,6
,1,13671,89,0:13.671,14.05.2025 16:09:24,,,ui.lap_update,carrera_v2_6b799dd9_992f_4f07_bcd0_a3815b27c6ec,,1747231763651,1747231763651,carrera_v2_lap_80687EFE,1100,3
,1,5645,89,0:05.645,14.05.2025 16:09:29,,,ui.lap_update,carrera_v2_6b799dd9_992f_4f07_bcd0_a3815b27c6ec,,1747231769351,1747231769351,carrera_v2_lap_80687EFE,1101,3
,2,15086,88,0:15.086,14.05.2025 16:09:38,,,ui.lap_update,carrera_v2_6b799dd9_992f_4f07_bcd0_a3815b27c6ec,,1747231778471,1747231778471,carrera_v2_lap_80687EFE,853,6
,1,11949,89,0:11.949,14.05.2025 16:09:41,,,ui.lap_update,carrera_v2_6b799dd9_992f_4f07_bcd0_a3815b27c6ec,,1747231781352,1747231781352,carrera_v2_lap_80687EFE,1102,3
,2,8665,88,0:08.665,14.05.2025 16:09:47,,,ui.lap_update,carrera_v2_6b799dd9_992f_4f07_bcd0_a3815b27c6ec,,1747231787113,1747231787113,carrera_v2_lap_80687EFE,854,6
,1,6403,89,0:06.403,14.05.2025 16:09:48,,,ui.lap_update,carrera_v2_6b799dd9_992f_4f07_bcd0_a3815b27c6ec,,1747231787712,1747231787712,carrera_v2_lap_80687EFE,1103,3
,1,11002,89,0:11.002,14.05.2025 16:09:59,,,ui.lap_update,carrera_v2_6b799dd9_992f_4f07_bcd0_a3815b27c6ec,,1747231798754,1747231798754,carrera_v2_lap_80687EFE,1104,3
,1,5682,89,0:05.682,14.05.2025 16:10:04,,,ui.lap_update,carrera_v2_6b799dd9_992f_4f07_bcd0_a3815b27c6ec,,1747231804333,1747231804333,carrera_v2_lap_80687EFE,1105,3
,1,5162,89,0:05.162,14.05.2025 16:10:09,,,ui.lap_update,carrera_v2_6b799dd9_992f_4f07_bcd0_a3815b27c6ec,,1747231809433,1747231809433,carrera_v2_lap_80687EFE,1106,3
,2,46962,88,0:46.962,14.05.2025 16:10:34,,,ui.lap_update,carrera_v2_6b799dd9_992f_4f07_bcd0_a3815b27c6ec,,1747231834032,1747231834032,carrera_v2_lap_80687EFE,855,7
,1,29609,89,0:29.609,14.05.2025 16:10:39,,,ui.lap_update,carrera_v2_6b799dd9_992f_4f07_bcd0_a3815b27c6ec,,1747231838892,1747231838892,carrera_v2_lap_80687EFE,1107,3
,2,13727,88,0:13.727,14.05.2025 16:10:48,,,ui.lap_update,carrera_v2_6b799dd9_992f_4f07_bcd0_a3815b27c6ec,,1747231847656,1747231847656,carrera_v2_lap_80687EFE,856,7
,1,9559,89,0:09.559,14.05.2025 16:10:48,,,ui.lap_update,carrera_v2_6b799dd9_992f_4f07_bcd0_a3815b27c6ec,,1747231848493,1747231848493,carrera_v2_lap_80687EFE,1108,3
,1,5482,89,0:05.482,14.05.2025 16:10:54,,,ui.lap_update,carrera_v2_6b799dd9_992f_4f07_bcd0_a3815b27c6ec,,1747231854072,1747231854072,carrera_v2_lap_80687EFE,1109,3
,2,9761,88,0:09.761,14.05.2025 16:10:57,,,ui.lap_update,carrera_v2_6b799dd9_992f_4f07_bcd0_a3815b27c6ec,,1747231857372,1747231857372,carrera_v2_lap_80687EFE,857,7
,1,10118,89,0:10.118,14.05.2025 16:11:04,,,ui.lap_update,carrera_v2_6b799dd9_992f_4f07_bcd0_a3815b27c6ec,,1747231864093,1747231864093,carrera_v2_lap_80687EFE,1110,3
,1,10078,89,0:10.078,14.05.2025 16:11:14,,,ui.lap_update,carrera_v2_6b799dd9_992f_4f07_bcd0_a3815b27c6ec,,1747231874113,1747231874113,carrera_v2_lap_80687EFE,1111,3
,1,6566,89,0:06.566,14.05.2025 16:11:21,,,ui.lap_update,carrera_v2_6b799dd9_992f_4f07_bcd0_a3815b27c6ec,,1747231880653,1747231880653,carrera_v2_lap_80687EFE,1112,3
,2,38577,88,0:38.577,14.05.2025 16:11:36,,,ui.lap_update,carrera_v2_6b799dd9_992f_4f07_bcd0_a3815b27c6ec,,1747231895834,1747231895834,carrera_v2_lap_80687EFE,858,7
,1,15562,89,0:15.562,14.05.2025 16:11:36,,,ui.lap_update,carrera_v2_6b799dd9_992f_4f07_bcd0_a3815b27c6ec,,1747231896194,1747231896194,carrera_v2_lap_80687EFE,1113,3
,1,5677,89,0:05.677,14.05.2025 16:11:42,,,ui.lap_update,carrera_v2_6b799dd9_992f_4f07_bcd0_a3815b27c6ec,,1747231901834,1747231901834,carrera_v2_lap_80687EFE,1114,3
,2,11485,88,0:11.485,14.05.2025 16:11:47,,,ui.lap_update,carrera_v2_6b799dd9_992f_4f07_bcd0_a3815b27c6ec,,1747231907297,1747231907297,carrera_v2_lap_80687EFE,859,7
,1,7663,89,0:07.663,14.05.2025 16:11:49,,,ui.lap_update,carrera_v2_6b799dd9_992f_4f07_bcd0_a3815b27c6ec,,1747231909454,1747231909454,carrera_v2_lap_80687EFE,1115,3
,2,9868,88,0:09.868,14.05.2025 16:11:57,,,ui.lap_update,carrera_v2_6b799dd9_992f_4f07_bcd0_a3815b27c6ec,,1747231917074,1747231917074,carrera_v2_lap_80687EFE,860,7
,1,8750,89,0:08.750,14.05.2025 16:11:58,,,ui.lap_update,carrera_v2_6b799dd9_992f_4f07_bcd0_a3815b27c6ec,,1747231918215,1747231918215,carrera_v2_lap_80687EFE,1116,3
,2,19259,88,0:19.259,14.05.2025 16:12:16,,,ui.lap_update,carrera_v2_6b799dd9_992f_4f07_bcd0_a3815b27c6ec,,1747231936396,1747231936396,carrera_v2_lap_80687EFE,861,7
,1,18657,89,0:18.657,14.05.2025 16:12:17,,,ui.lap_update,carrera_v2_6b799dd9_992f_4f07_bcd0_a3815b27c6ec,,1747231936754,1747231936754,carrera_v2_lap_80687EFE,1117,3
,1,7219,89,0:07.219,14.05.2025 16:12:24,,,ui.lap_update,carrera_v2_6b799dd9_992f_4f07_bcd0_a3815b27c6ec,,1747231944016,1747231944016,carrera_v2_lap_80687EFE,1118,3
,2,9284,88,0:09.284,14.05.2025 16:12:26,,,ui.lap_update,carrera_v2_6b799dd9_992f_4f07_bcd0_a3815b27c6ec,,1747231945516,1747231945516,carrera_v2_lap_80687EFE,862,7
,1,6023,89,0:06.023,14.05.2025 16:12:30,,,ui.lap_update,carrera_v2_6b799dd9_992f_4f07_bcd0_a3815b27c6ec,,1747231949956,1747231949956,carrera_v2_lap_80687EFE,1119,3
,1,6130,89,0:06.130,14.05.2025 16:12:36,,,ui.lap_update,carrera_v2_6b799dd9_992f_4f07_bcd0_a3815b27c6ec,,1747231956077,1747231956077,carrera_v2_lap_80687EFE,1120,3
,2,11671,88,0:11.671,14.05.2025 16:12:37,,,ui.lap_update,carrera_v2_6b799dd9_992f_4f07_bcd0_a3815b27c6ec,,1747231957277,1747231957277,carrera_v2_lap_80687EFE,863,7
,1,6223,89,0:06.223,14.05.2025 16:12:42,,,ui.lap_update,carrera_v2_6b799dd9_992f_4f07_bcd0_a3815b27c6ec,,1747231962375,1747231962375,carrera_v2_lap_80687EFE,1121,3
,2,8857,88,0:08.857,14.05.2025 16:12:46,,,ui.lap_update,carrera_v2_6b799dd9_992f_4f07_bcd0_a3815b27c6ec,,1747231966034,1747231966034,carrera_v2_lap_80687EFE,864,7
,1,6633,89,0:06.633,14.05.2025 16:12:49,,,ui.lap_update,carrera_v2_6b799dd9_992f_4f07_bcd0_a3815b27c6ec,,1747231968916,1747231968916,carrera_v2_lap_80687EFE,1122,3
,2,8176,88,0:08.176,14.05.2025 16:12:54,,,ui.lap_update,carrera_v2_6b799dd9_992f_4f07_bcd0_a3815b27c6ec,,1747231974255,1747231974255,carrera_v2_lap_80687EFE,865,7
,1,9429,89,0:09.429,14.05.2025 16:12:58,,,ui.lap_update,carrera_v2_6b799dd9_992f_4f07_bcd0_a3815b27c6ec,,1747231978337,1747231978337,carrera_v2_lap_80687EFE,1123,3
,2,8797,88,0:08.797,14.05.2025 16:13:03,,,ui.lap_update,carrera_v2_6b799dd9_992f_4f07_bcd0_a3815b27c6ec,,1747231983015,1747231983015,carrera_v2_lap_80687EFE,866,7
,1,6448,89,0:06.448,14.05.2025 16:13:05,,,ui.lap_update,carrera_v2_6b799dd9_992f_4f07_bcd0_a3815b27c6ec,,1747231984756,1747231984756,carrera_v2_lap_80687EFE,1124,3
,2,7685,88,0:07.685,14.05.2025 16:13:11,,,ui.lap_update,carrera_v2_6b799dd9_992f_4f07_bcd0_a3815b27c6ec,,1747231990636,1747231990636,carrera_v2_lap_80687EFE,867,7
,1,9490,89,0:09.490,14.05.2025 16:13:14,,,ui.lap_update,carrera_v2_6b799dd9_992f_4f07_bcd0_a3815b27c6ec,,1747231994114,1747231994114,carrera_v2_lap_80687EFE,1125,3
,2,7971,88,0:07.971,14.05.2025 16:13:19,,,ui.lap_update,carrera_v2_6b799dd9_992f_4f07_bcd0_a3815b27c6ec,,1747231998616,1747231998616,carrera_v2_lap_80687EFE,868,7
,1,6592,89,0:06.592,14.05.2025 16:13:21,,,ui.lap_update,carrera_v2_6b799dd9_992f_4f07_bcd0_a3815b27c6ec,,1747232000777,1747232000777,carrera_v2_lap_80687EFE,1126,3
,1,6818,89,0:06.818,14.05.2025 16:13:28,,,ui.lap_update,carrera_v2_6b799dd9_992f_4f07_bcd0_a3815b27c6ec,,1747232007617,1747232007617,carrera_v2_lap_80687EFE,1127,3
,1,6343,89,0:06.343,14.05.2025 16:13:34,,,ui.lap_update,carrera_v2_6b799dd9_992f_4f07_bcd0_a3815b27c6ec,,1747232013920,1747232013920,carrera_v2_lap_80687EFE,1128,3
,2,16554,88,0:16.554,14.05.2025 16:13:35,,,ui.lap_update,carrera_v2_6b799dd9_992f_4f07_bcd0_a3815b27c6ec,,1747232015238,1747232015238,carrera_v2_lap_80687EFE,869,7
,2,7942,88,0:07.942,14.05.2025 16:13:43,,,ui.lap_update,carrera_v2_6b799dd9_992f_4f07_bcd0_a3815b27c6ec,,1747232023037,1747232023037,carrera_v2_lap_80687EFE,870,7
,2,7023,88,0:07.023,14.05.2025 16:13:50,,,ui.lap_update,carrera_v2_6b799dd9_992f_4f07_bcd0_a3815b27c6ec,,1747232030178,1747232030178,carrera_v2_lap_80687EFE,871,7
,1,17548,89,0:17.548,14.05.2025 16:13:51,,,ui.lap_update,carrera_v2_6b799dd9_992f_4f07_bcd0_a3815b27c6ec,,1747232031377,1747232031377,carrera_v2_lap_80687EFE,1129,3
,2,6106,88,0:06.106,14.05.2025 16:13:56,,,ui.lap_update,carrera_v2_6b799dd9_992f_4f07_bcd0_a3815b27c6ec,,1747232036117,1747232036117,carrera_v2_lap_80687EFE,872,7
,1,7458,89,0:07.458,14.05.2025 16:13:59,,,ui.lap_update,carrera_v2_6b799dd9_992f_4f07_bcd0_a3815b27c6ec,,1747232038758,1747232038758,carrera_v2_lap_80687EFE,1130,3
,2,6355,88,0:06.355,14.05.2025 16:14:02,,,ui.lap_update,carrera_v2_6b799dd9_992f_4f07_bcd0_a3815b27c6ec,,1747232042416,1747232042416,carrera_v2_lap_80687EFE,873,7
,2,6056,88,0:06.056,14.05.2025 16:14:09,,,ui.lap_update,carrera_v2_6b799dd9_992f_4f07_bcd0_a3815b27c6ec,,1747232048538,1747232048538,carrera_v2_lap_80687EFE,874,7
,1,11511,89,0:11.511,14.05.2025 16:14:10,,,ui.lap_update,carrera_v2_6b799dd9_992f_4f07_bcd0_a3815b27c6ec,,1747232050399,1747232050399,carrera_v2_lap_80687EFE,1131,3
,2,6351,88,0:06.351,14.05.2025 16:14:15,,,ui.lap_update,carrera_v2_6b799dd9_992f_4f07_bcd0_a3815b27c6ec,,1747232054778,1747232054778,carrera_v2_lap_80687EFE,875,7
,1,9078,89,0:09.078,14.05.2025 16:14:19,,,ui.lap_update,carrera_v2_6b799dd9_992f_4f07_bcd0_a3815b27c6ec,,1747232059398,1747232059398,carrera_v2_lap_80687EFE,1132,3
,2,6164,88,0:06.164,14.05.2025 16:14:21,,,ui.lap_update,carrera_v2_6b799dd9_992f_4f07_bcd0_a3815b27c6ec,,1747232060897,1747232060897,carrera_v2_lap_80687EFE,876,7
,1,7035,89,0:07.035,14.05.2025 16:14:26,,,ui.lap_update,carrera_v2_6b799dd9_992f_4f07_bcd0_a3815b27c6ec,,1747232066298,1747232066298,carrera_v2_lap_80687EFE,1133,3
,2,5771,88,0:05.771,14.05.2025 16:14:27,,,ui.lap_update,carrera_v2_6b799dd9_992f_4f07_bcd0_a3815b27c6ec,,1747232066718,1747232066718,carrera_v2_lap_80687EFE,877,7
,2,14508,88,0:14.508,14.05.2025 16:14:41,,,ui.lap_update,carrera_v2_6b799dd9_992f_4f07_bcd0_a3815b27c6ec,,1747232081239,1747232081239,carrera_v2_lap_80687EFE,878,7
,1,16161,89,0:16.161,14.05.2025 16:14:43,,,ui.lap_update,carrera_v2_6b799dd9_992f_4f07_bcd0_a3815b27c6ec,,1747232082558,1747232082558,carrera_v2_lap_80687EFE,1134,3
,2,6342,88,0:06.342,14.05.2025 16:14:48,,,ui.lap_update,carrera_v2_6b799dd9_992f_4f07_bcd0_a3815b27c6ec,,1747232087598,1747232087598,carrera_v2_lap_80687EFE,879,7
,1,10107,89,0:10.107,14.05.2025 16:14:53,,,ui.lap_update,carrera_v2_6b799dd9_992f_4f07_bcd0_a3815b27c6ec,,1747232092520,1747232092520,carrera_v2_lap_80687EFE,1135,3
,2,5871,88,0:05.871,14.05.2025 16:14:53,,,ui.lap_update,carrera_v2_6b799dd9_992f_4f07_bcd0_a3815b27c6ec,,1747232093359,1747232093359,carrera_v2_lap_80687EFE,880,7
,1,7192,89,0:07.192,14.05.2025 16:15:00,,,ui.lap_update,carrera_v2_6b799dd9_992f_4f07_bcd0_a3815b27c6ec,,1747232099778,1747232099778,carrera_v2_lap_80687EFE,1136,3
,2,9502,88,0:09.502,14.05.2025 16:15:03,,,ui.lap_update,carrera_v2_6b799dd9_992f_4f07_bcd0_a3815b27c6ec,,1747232102838,1747232102838,carrera_v2_lap_80687EFE,881,7
,1,5985,89,0:05.985,14.05.2025 16:15:06,,,ui.lap_update,carrera_v2_6b799dd9_992f_4f07_bcd0_a3815b27c6ec,,1747232105718,1747232105718,carrera_v2_lap_80687EFE,1137,3
,2,5799,88,0:05.799,14.05.2025 16:15:09,,,ui.lap_update,carrera_v2_6b799dd9_992f_4f07_bcd0_a3815b27c6ec,,1747232108659,1747232108659,carrera_v2_lap_80687EFE,882,7
,2,5712,88,0:05.712,14.05.2025 16:15:14,,,ui.lap_update,carrera_v2_6b799dd9_992f_4f07_bcd0_a3815b27c6ec,,1747232114298,1747232114298,carrera_v2_lap_80687EFE,883,7
,1,9791,89,0:09.791,14.05.2025 16:15:15,,,ui.lap_update,carrera_v2_6b799dd9_992f_4f07_bcd0_a3815b27c6ec,,1747232115379,1747232115379,carrera_v2_lap_80687EFE,1138,3
,2,6076,88,0:06.076,14.05.2025 16:15:20,,,ui.lap_update,carrera_v2_6b799dd9_992f_4f07_bcd0_a3815b27c6ec,,1747232120360,1747232120360,carrera_v2_lap_80687EFE,884,7
,1,6584,89,0:06.584,14.05.2025 16:15:22,,,ui.lap_update,carrera_v2_6b799dd9_992f_4f07_bcd0_a3815b27c6ec,,1747232122279,1747232122279,carrera_v2_lap_80687EFE,1139,3
,2,6043,88,0:06.043,14.05.2025 16:15:26,,,ui.lap_update,carrera_v2_6b799dd9_992f_4f07_bcd0_a3815b27c6ec,,1747232126360,1747232126360,carrera_v2_lap_80687EFE,885,7
,1,5706,89,0:05.706,14.05.2025 16:15:28,,,ui.lap_update,carrera_v2_6b799dd9_992f_4f07_bcd0_a3815b27c6ec,,1747232127919,1747232127919,carrera_v2_lap_80687EFE,1140,3
,2,5991,88,0:05.991,14.05.2025 16:15:32,,,ui.lap_update,carrera_v2_6b799dd9_992f_4f07_bcd0_a3815b27c6ec,,1747232132300,1747232132300,carrera_v2_lap_80687EFE,886,7
,1,7968,89,0:07.968,14.05.2025 16:15:36,,,ui.lap_update,carrera_v2_6b799dd9_992f_4f07_bcd0_a3815b27c6ec,,1747232135717,1747232135717,carrera_v2_lap_80687EFE,1141,3
,2,5910,88,0:05.910,14.05.2025 16:15:38,,,ui.lap_update,carrera_v2_6b799dd9_992f_4f07_bcd0_a3815b27c6ec,,1747232138359,1747232138359,carrera_v2_lap_80687EFE,887,7
,1,6385,89,0:06.385,14.05.2025 16:15:42,,,ui.lap_update,carrera_v2_6b799dd9_992f_4f07_bcd0_a3815b27c6ec,,1747232142017,1747232142017,carrera_v2_lap_80687EFE,1142,3
,2,6234,88,0:06.234,14.05.2025 16:15:45,,,ui.lap_update,carrera_v2_6b799dd9_992f_4f07_bcd0_a3815b27c6ec,,1747232144541,1747232144541,carrera_v2_lap_80687EFE,888,7
,2,9639,88,0:09.639,14.05.2025 16:15:54,,,ui.lap_update,carrera_v2_6b799dd9_992f_4f07_bcd0_a3815b27c6ec,,1747232154020,1747232154020,carrera_v2_lap_80687EFE,889,7
,1,13056,89,0:13.056,14.05.2025 16:15:55,,,ui.lap_update,carrera_v2_6b799dd9_992f_4f07_bcd0_a3815b27c6ec,,1747232154981,1747232154981,carrera_v2_lap_80687EFE,1143,3
,2,6910,88,0:06.910,14.05.2025 16:16:01,,,ui.lap_update,carrera_v2_6b799dd9_992f_4f07_bcd0_a3815b27c6ec,,1747232161040,1747232161040,carrera_v2_lap_80687EFE,890,7
,1,9942,89,0:09.942,14.05.2025 16:16:05,,,ui.lap_update,carrera_v2_6b799dd9_992f_4f07_bcd0_a3815b27c6ec,,1747232165000,1747232165000,carrera_v2_lap_80687EFE,1144,3
,2,6520,88,0:06.520,14.05.2025 16:16:08,,,ui.lap_update,carrera_v2_6b799dd9_992f_4f07_bcd0_a3815b27c6ec,,1747232167522,1747232167522,carrera_v2_lap_80687EFE,891,7
,1,7175,89,0:07.175,14.05.2025 16:16:12,,,ui.lap_update,carrera_v2_6b799dd9_992f_4f07_bcd0_a3815b27c6ec,,1747232172021,1747232172021,carrera_v2_lap_80687EFE,1145,3
,2,6129,88,0:06.129,14.05.2025 16:16:14,,,ui.lap_update,carrera_v2_6b799dd9_992f_4f07_bcd0_a3815b27c6ec,,1747232173700,1747232173700,carrera_v2_lap_80687EFE,892,7
,1,10118,89,0:10.118,14.05.2025 16:16:22,,,ui.lap_update,carrera_v2_6b799dd9_992f_4f07_bcd0_a3815b27c6ec,,1747232182220,1747232182220,carrera_v2_lap_80687EFE,1146,3
,1,7218,89,0:07.218,14.05.2025 16:16:29,,,ui.lap_update,carrera_v2_6b799dd9_992f_4f07_bcd0_a3815b27c6ec,,1747232189302,1747232189302,carrera_v2_lap_80687EFE,1147,3
,1,7428,89,0:07.428,14.05.2025 16:16:37,,,ui.lap_update,carrera_v2_6b799dd9_992f_4f07_bcd0_a3815b27c6ec,,1747232196861,1747232196861,carrera_v2_lap_80687EFE,1148,3
,2,31829,88,0:31.829,14.05.2025 16:16:45,,,ui.lap_update,carrera_v2_6b799dd9_992f_4f07_bcd0_a3815b27c6ec,,1747232205200,1747232205200,carrera_v2_lap_80687EFE,893,7
,1,9821,89,0:09.821,14.05.2025 16:16:47,,,ui.lap_update,carrera_v2_6b799dd9_992f_4f07_bcd0_a3815b27c6ec,,1747232206641,1747232206641,carrera_v2_lap_80687EFE,1149,3
,2,5566,88,0:05.566,14.05.2025 16:16:51,,,ui.lap_update,carrera_v2_6b799dd9_992f_4f07_bcd0_a3815b27c6ec,,1747232210961,1747232210961,carrera_v2_lap_80687EFE,894,7
,1,10041,89,0:10.041,14.05.2025 16:16:57,,,ui.lap_update,carrera_v2_6b799dd9_992f_4f07_bcd0_a3815b27c6ec,,1747232216663,1747232216663,carrera_v2_lap_80687EFE,1150,3
,2,5819,88,0:05.819,14.05.2025 16:16:57,,,ui.lap_update,carrera_v2_6b799dd9_992f_4f07_bcd0_a3815b27c6ec,,1747232216781,1747232216781,carrera_v2_lap_80687EFE,895,7
,2,5917,88,0:05.917,14.05.2025 16:17:03,,,ui.lap_update,carrera_v2_6b799dd9_992f_4f07_bcd0_a3815b27c6ec,,1747232222541,1747232222541,carrera_v2_lap_80687EFE,896,7
,1,7601,89,0:07.601,14.05.2025 16:17:04,,,ui.lap_update,carrera_v2_6b799dd9_992f_4f07_bcd0_a3815b27c6ec,,1747232224163,1747232224163,carrera_v2_lap_80687EFE,1151,3
,2,5658,88,0:05.658,14.05.2025 16:17:08,,,ui.lap_update,carrera_v2_6b799dd9_992f_4f07_bcd0_a3815b27c6ec,,1747232228247,1747232228247,carrera_v2_lap_80687EFE,897,7
,1,6612,89,0:06.612,14.05.2025 16:17:11,,,ui.lap_update,carrera_v2_6b799dd9_992f_4f07_bcd0_a3815b27c6ec,,1747232230763,1747232230763,carrera_v2_lap_80687EFE,1152,3
,2,5981,88,0:05.981,14.05.2025 16:17:14,,,ui.lap_update,carrera_v2_6b799dd9_992f_4f07_bcd0_a3815b27c6ec,,1747232234360,1747232234360,carrera_v2_lap_80687EFE,898,7
,1,6377,89,0:06.377,14.05.2025 16:17:17,,,ui.lap_update,carrera_v2_6b799dd9_992f_4f07_bcd0_a3815b27c6ec,,1747232237122,1747232237122,carrera_v2_lap_80687EFE,1153,3
,2,5373,88,0:05.373,14.05.2025 16:17:20,,,ui.lap_update,carrera_v2_6b799dd9_992f_4f07_bcd0_a3815b27c6ec,,1747232239703,1747232239703,carrera_v2_lap_80687EFE,899,7
,1,6257,89,0:06.257,14.05.2025 16:17:24,,,ui.lap_update,carrera_v2_6b799dd9_992f_4f07_bcd0_a3815b27c6ec,,1747232243541,1747232243541,carrera_v2_lap_80687EFE,1154,3
,2,5270,88,0:05.270,14.05.2025 16:17:25,,,ui.lap_update,carrera_v2_6b799dd9_992f_4f07_bcd0_a3815b27c6ec,,1747232244807,1747232244807,carrera_v2_lap_80687EFE,900,7
,2,5714,88,0:05.714,14.05.2025 16:17:30,,,ui.lap_update,carrera_v2_6b799dd9_992f_4f07_bcd0_a3815b27c6ec,,1747232250382,1747232250382,carrera_v2_lap_80687EFE,901,7
,1,8778,89,0:08.778,14.05.2025 16:17:32,,,ui.lap_update,carrera_v2_6b799dd9_992f_4f07_bcd0_a3815b27c6ec,,1747232252123,1747232252123,carrera_v2_lap_80687EFE,1155,3
,2,5537,88,0:05.537,14.05.2025 16:17:36,,,ui.lap_update,carrera_v2_6b799dd9_992f_4f07_bcd0_a3815b27c6ec,,1747232255961,1747232255961,carrera_v2_lap_80687EFE,902,7
,2,5607,88,0:05.607,14.05.2025 16:17:42,,,ui.lap_update,carrera_v2_6b799dd9_992f_4f07_bcd0_a3815b27c6ec,,1747232261663,1747232261663,carrera_v2_lap_80687EFE,903,7
,1,11363,89,0:11.363,14.05.2025 16:17:43,,,ui.lap_update,carrera_v2_6b799dd9_992f_4f07_bcd0_a3815b27c6ec,,1747232263462,1747232263462,carrera_v2_lap_80687EFE,1156,3
,2,5374,88,0:05.374,14.05.2025 16:17:47,,,ui.lap_update,carrera_v2_6b799dd9_992f_4f07_bcd0_a3815b27c6ec,,1747232266882,1747232266882,carrera_v2_lap_80687EFE,904,7
,2,5378,88,0:05.378,14.05.2025 16:17:52,,,ui.lap_update,carrera_v2_6b799dd9_992f_4f07_bcd0_a3815b27c6ec,,1747232272403,1747232272403,carrera_v2_lap_80687EFE,905,7
,1,9031,89,0:09.031,14.05.2025 16:17:53,,,ui.lap_update,carrera_v2_6b799dd9_992f_4f07_bcd0_a3815b27c6ec,,1747232272643,1747232272643,carrera_v2_lap_80687EFE,1157,3
,2,5561,88,0:05.561,14.05.2025 16:17:58,,,ui.lap_update,carrera_v2_6b799dd9_992f_4f07_bcd0_a3815b27c6ec,,1747232277808,1747232277808,carrera_v2_lap_80687EFE,906,7
,1,5822,89,0:05.822,14.05.2025 16:17:58,,,ui.lap_update,carrera_v2_6b799dd9_992f_4f07_bcd0_a3815b27c6ec,,1747232278285,1747232278285,carrera_v2_lap_80687EFE,1158,3
,2,5656,88,0:05.656,14.05.2025 16:18:04,,,ui.lap_update,carrera_v2_6b799dd9_992f_4f07_bcd0_a3815b27c6ec,,1747232283503,1747232283503,carrera_v2_lap_80687EFE,907,7
,1,11568,89,0:11.568,14.05.2025 16:18:10,,,ui.lap_update,carrera_v2_6b799dd9_992f_4f07_bcd0_a3815b27c6ec,,1747232289743,1747232289743,carrera_v2_lap_80687EFE,1159,3
,2,84177,88,1:24.177,14.05.2025 16:19:27,,,ui.lap_update,carrera_v2_6b799dd9_992f_4f07_bcd0_a3815b27c6ec,,1747232367385,1747232367385,carrera_v2_lap_80687EFE,908,7
,1,78626,91,1:18.626,14.05.2025 16:19:28,,,ui.lap_update,carrera_v2_6b799dd9_992f_4f07_bcd0_a3815b27c6ec,,1747232368106,1747232368106,carrera_v2_lap_80687EFE,1160,3
,1,28788,92,0:28.788,14.05.2025 16:19:57,,,ui.lap_update,carrera_v2_6b799dd9_992f_4f07_bcd0_a3815b27c6ec,,1747232396847,1747232396847,carrera_v2_lap_80687EFE,1161,3
,2,42287,91,0:42.287,14.05.2025 16:20:10,,,ui.lap_update,carrera_v2_6b799dd9_992f_4f07_bcd0_a3815b27c6ec,,1747232409504,1747232409504,carrera_v2_lap_80687EFE,909,7
,2,8369,91,0:08.369,14.05.2025 16:20:18,,,ui.lap_update,carrera_v2_6b799dd9_992f_4f07_bcd0_a3815b27c6ec,,1747232417906,1747232417906,carrera_v2_lap_80687EFE,910,7
,1,21154,92,0:21.154,14.05.2025 16:20:18,,,ui.lap_update,carrera_v2_6b799dd9_992f_4f07_bcd0_a3815b27c6ec,,1747232418026,1747232418026,carrera_v2_lap_80687EFE,1162,3
,1,25545,92,0:25.545,14.05.2025 16:20:43,,,ui.lap_update,carrera_v2_6b799dd9_992f_4f07_bcd0_a3815b27c6ec,,1747232443469,1747232443469,carrera_v2_lap_80687EFE,1163,3
,2,26438,91,0:26.438,14.05.2025 16:20:44,,,ui.lap_update,carrera_v2_6b799dd9_992f_4f07_bcd0_a3815b27c6ec,,1747232444186,1747232444186,carrera_v2_lap_80687EFE,911,7
,2,6738,91,0:06.738,14.05.2025 16:20:51,,,ui.lap_update,carrera_v2_6b799dd9_992f_4f07_bcd0_a3815b27c6ec,,1747232450967,1747232450967,carrera_v2_lap_80687EFE,912,7
,1,11497,92,0:11.497,14.05.2025 16:20:55,,,ui.lap_update,carrera_v2_6b799dd9_992f_4f07_bcd0_a3815b27c6ec,,1747232454866,1747232454866,carrera_v2_lap_80687EFE,1164,3
,2,5771,91,0:05.771,14.05.2025 16:20:57,,,ui.lap_update,carrera_v2_6b799dd9_992f_4f07_bcd0_a3815b27c6ec,,1747232456846,1747232456846,carrera_v2_lap_80687EFE,913,7
,2,5577,91,0:05.577,14.05.2025 16:21:02,,,ui.lap_update,carrera_v2_6b799dd9_992f_4f07_bcd0_a3815b27c6ec,,1747232462307,1747232462307,carrera_v2_lap_80687EFE,914,7
,1,12703,92,0:12.703,14.05.2025 16:21:08,,,ui.lap_update,carrera_v2_6b799dd9_992f_4f07_bcd0_a3815b27c6ec,,1747232467526,1747232467526,carrera_v2_lap_80687EFE,1165,3
,2,5840,91,0:05.840,14.05.2025 16:21:08,,,ui.lap_update,carrera_v2_6b799dd9_992f_4f07_bcd0_a3815b27c6ec,,1747232468127,1747232468127,carrera_v2_lap_80687EFE,915,7
,1,6696,92,0:06.696,14.05.2025 16:21:14,,,ui.lap_update,carrera_v2_6b799dd9_992f_4f07_bcd0_a3815b27c6ec,,1747232474187,1747232474187,carrera_v2_lap_80687EFE,1166,3
,2,8076,91,0:08.076,14.05.2025 16:21:16,,,ui.lap_update,carrera_v2_6b799dd9_992f_4f07_bcd0_a3815b27c6ec,,1747232476168,1747232476168,carrera_v2_lap_80687EFE,916,7
,2,5353,91,0:05.353,14.05.2025 16:21:22,,,ui.lap_update,carrera_v2_6b799dd9_992f_4f07_bcd0_a3815b27c6ec,,1747232481507,1747232481507,carrera_v2_lap_80687EFE,917,7
,1,7377,92,0:07.377,14.05.2025 16:21:22,,,ui.lap_update,carrera_v2_6b799dd9_992f_4f07_bcd0_a3815b27c6ec,,1747232481627,1747232481627,carrera_v2_lap_80687EFE,1167,3
,2,11168,91,0:11.168,14.05.2025 16:21:33,,,ui.lap_update,carrera_v2_6b799dd9_992f_4f07_bcd0_a3815b27c6ec,,1747232492667,1747232492667,carrera_v2_lap_80687EFE,918,7
,1,19088,92,0:19.088,14.05.2025 16:21:41,,,ui.lap_update,carrera_v2_6b799dd9_992f_4f07_bcd0_a3815b27c6ec,,1747232500527,1747232500527,carrera_v2_lap_80687EFE,1168,3
,2,13789,91,0:13.789,14.05.2025 16:21:46,,,ui.lap_update,carrera_v2_6b799dd9_992f_4f07_bcd0_a3815b27c6ec,,1747232506348,1747232506348,carrera_v2_lap_80687EFE,919,7
,1,15373,92,0:15.373,14.05.2025 16:21:56,,,ui.lap_update,carrera_v2_6b799dd9_992f_4f07_bcd0_a3815b27c6ec,,1747232515950,1747232515950,carrera_v2_lap_80687EFE,1169,3
,2,15269,91,0:15.269,14.05.2025 16:22:02,,,ui.lap_update,carrera_v2_6b799dd9_992f_4f07_bcd0_a3815b27c6ec,,1747232521647,1747232521647,carrera_v2_lap_80687EFE,920,7
,1,6883,92,0:06.883,14.05.2025 16:22:03,,,ui.lap_update,carrera_v2_6b799dd9_992f_4f07_bcd0_a3815b27c6ec,,1747232522909,1747232522909,carrera_v2_lap_80687EFE,1170,3
,2,5467,91,0:05.467,14.05.2025 16:22:07,,,ui.lap_update,carrera_v2_6b799dd9_992f_4f07_bcd0_a3815b27c6ec,,1747232527109,1747232527109,carrera_v2_lap_80687EFE,921,7
,1,7496,92,0:07.496,14.05.2025 16:22:10,,,ui.lap_update,carrera_v2_6b799dd9_992f_4f07_bcd0_a3815b27c6ec,,1747232530228,1747232530228,carrera_v2_lap_80687EFE,1171,3
,2,5356,91,0:05.356,14.05.2025 16:22:12,,,ui.lap_update,carrera_v2_6b799dd9_992f_4f07_bcd0_a3815b27c6ec,,1747232532329,1747232532329,carrera_v2_lap_80687EFE,922,7
,1,6731,92,0:06.731,14.05.2025 16:22:17,,,ui.lap_update,carrera_v2_6b799dd9_992f_4f07_bcd0_a3815b27c6ec,,1747232536950,1747232536950,carrera_v2_lap_80687EFE,1172,3
,2,5625,91,0:05.625,14.05.2025 16:22:18,,,ui.lap_update,carrera_v2_6b799dd9_992f_4f07_bcd0_a3815b27c6ec,,1747232537911,1747232537911,carrera_v2_lap_80687EFE,923,7
,1,6297,92,0:06.297,14.05.2025 16:22:23,,,ui.lap_update,carrera_v2_6b799dd9_992f_4f07_bcd0_a3815b27c6ec,,1747232543189,1747232543189,carrera_v2_lap_80687EFE,1173,3
,2,8295,91,0:08.295,14.05.2025 16:22:26,,,ui.lap_update,carrera_v2_6b799dd9_992f_4f07_bcd0_a3815b27c6ec,,1747232546308,1747232546308,carrera_v2_lap_80687EFE,924,7
,1,5783,92,0:05.783,14.05.2025 16:22:29,,,ui.lap_update,carrera_v2_6b799dd9_992f_4f07_bcd0_a3815b27c6ec,,1747232549248,1747232549248,carrera_v2_lap_80687EFE,1174,3
,2,7775,91,0:07.775,14.05.2025 16:22:34,,,ui.lap_update,carrera_v2_6b799dd9_992f_4f07_bcd0_a3815b27c6ec,,1747232553989,1747232553989,carrera_v2_lap_80687EFE,925,7
,1,5813,92,0:05.813,14.05.2025 16:22:35,,,ui.lap_update,carrera_v2_6b799dd9_992f_4f07_bcd0_a3815b27c6ec,,1747232554829,1747232554829,carrera_v2_lap_80687EFE,1175,3
,2,5386,91,0:05.386,14.05.2025 16:22:39,,,ui.lap_update,carrera_v2_6b799dd9_992f_4f07_bcd0_a3815b27c6ec,,1747232559328,1747232559328,carrera_v2_lap_80687EFE,926,7
,1,5535,92,0:05.535,14.05.2025 16:22:40,,,ui.lap_update,carrera_v2_6b799dd9_992f_4f07_bcd0_a3815b27c6ec,,1747232560349,1747232560349,carrera_v2_lap_80687EFE,1176,3
,2,5334,91,0:05.334,14.05.2025 16:22:45,,,ui.lap_update,carrera_v2_6b799dd9_992f_4f07_bcd0_a3815b27c6ec,,1747232564790,1747232564790,carrera_v2_lap_80687EFE,927,7
,1,10282,92,0:10.282,14.05.2025 16:22:51,,,ui.lap_update,carrera_v2_6b799dd9_992f_4f07_bcd0_a3815b27c6ec,,1747232570610,1747232570610,carrera_v2_lap_80687EFE,1177,3
,1,9106,92,0:09.106,14.05.2025 16:23:00,,,ui.lap_update,carrera_v2_6b799dd9_992f_4f07_bcd0_a3815b27c6ec,,1747232579669,1747232579669,carrera_v2_lap_80687EFE,1178,3
,2,16178,91,0:16.178,14.05.2025 16:23:01,,,ui.lap_update,carrera_v2_6b799dd9_992f_4f07_bcd0_a3815b27c6ec,,1747232580871,1747232580871,carrera_v2_lap_80687EFE,928,7
,1,5449,92,0:05.449,14.05.2025 16:23:05,,,ui.lap_update,carrera_v2_6b799dd9_992f_4f07_bcd0_a3815b27c6ec,,1747232585071,1747232585071,carrera_v2_lap_80687EFE,1179,3
,2,10364,91,0:10.364,14.05.2025 16:23:11,,,ui.lap_update,carrera_v2_6b799dd9_992f_4f07_bcd0_a3815b27c6ec,,1747232591131,1747232591131,carrera_v2_lap_80687EFE,929,7
,1,11173,92,0:11.173,14.05.2025 16:23:16,,,ui.lap_update,carrera_v2_6b799dd9_992f_4f07_bcd0_a3815b27c6ec,,1747232596231,1747232596231,carrera_v2_lap_80687EFE,1180,3
,2,5942,91,0:05.942,14.05.2025 16:23:17,,,ui.lap_update,carrera_v2_6b799dd9_992f_4f07_bcd0_a3815b27c6ec,,1747232597071,1747232597071,carrera_v2_lap_80687EFE,930,7
,1,5337,92,0:05.337,14.05.2025 16:23:22,,,ui.lap_update,carrera_v2_6b799dd9_992f_4f07_bcd0_a3815b27c6ec,,1747232601510,1747232601510,carrera_v2_lap_80687EFE,1181,3
,2,5512,91,0:05.512,14.05.2025 16:23:23,,,ui.lap_update,carrera_v2_6b799dd9_992f_4f07_bcd0_a3815b27c6ec,,1747232602590,1747232602590,carrera_v2_lap_80687EFE,931,7
,1,5275,92,0:05.275,14.05.2025 16:23:27,,,ui.lap_update,carrera_v2_6b799dd9_992f_4f07_bcd0_a3815b27c6ec,,1747232606850,1747232606850,carrera_v2_lap_80687EFE,1182,3
,2,5839,91,0:05.839,14.05.2025 16:23:28,,,ui.lap_update,carrera_v2_6b799dd9_992f_4f07_bcd0_a3815b27c6ec,,1747232608470,1747232608470,carrera_v2_lap_80687EFE,932,7
,1,5262,92,0:05.262,14.05.2025 16:23:32,,,ui.lap_update,carrera_v2_6b799dd9_992f_4f07_bcd0_a3815b27c6ec,,1747232612010,1747232612010,carrera_v2_lap_80687EFE,1183,3
,2,5862,91,0:05.862,14.05.2025 16:23:34,,,ui.lap_update,carrera_v2_6b799dd9_992f_4f07_bcd0_a3815b27c6ec,,1747232614351,1747232614351,carrera_v2_lap_80687EFE,933,7
,1,5376,92,0:05.376,14.05.2025 16:23:37,,,ui.lap_update,carrera_v2_6b799dd9_992f_4f07_bcd0_a3815b27c6ec,,1747232617470,1747232617470,carrera_v2_lap_80687EFE,1184,3
,2,5418,91,0:05.418,14.05.2025 16:23:40,,,ui.lap_update,carrera_v2_6b799dd9_992f_4f07_bcd0_a3815b27c6ec,,1747232619630,1747232619630,carrera_v2_lap_80687EFE,934,7
,1,9343,92,0:09.343,14.05.2025 16:23:47,,,ui.lap_update,carrera_v2_6b799dd9_992f_4f07_bcd0_a3815b27c6ec,,1747232626711,1747232626711,carrera_v2_lap_80687EFE,1185,3
,2,8727,91,0:08.727,14.05.2025 16:23:48,,,ui.lap_update,carrera_v2_6b799dd9_992f_4f07_bcd0_a3815b27c6ec,,1747232628390,1747232628390,carrera_v2_lap_80687EFE,935,7
,1,9937,92,0:09.937,14.05.2025 16:23:57,,,ui.lap_update,carrera_v2_6b799dd9_992f_4f07_bcd0_a3815b27c6ec,,1747232636550,1747232636550,carrera_v2_lap_80687EFE,1186,3
,2,9451,91,0:09.451,14.05.2025 16:23:58,,,ui.lap_update,carrera_v2_6b799dd9_992f_4f07_bcd0_a3815b27c6ec,,1747232637812,1747232637812,carrera_v2_lap_80687EFE,936,7
,1,5923,92,0:05.923,14.05.2025 16:24:03,,,ui.lap_update,carrera_v2_6b799dd9_992f_4f07_bcd0_a3815b27c6ec,,1747232642611,1747232642611,carrera_v2_lap_80687EFE,1187,3
,2,5481,91,0:05.481,14.05.2025 16:24:03,,,ui.lap_update,carrera_v2_6b799dd9_992f_4f07_bcd0_a3815b27c6ec,,1747232643211,1747232643211,carrera_v2_lap_80687EFE,937,7
,1,5395,92,0:05.395,14.05.2025 16:24:08,,,ui.lap_update,carrera_v2_6b799dd9_992f_4f07_bcd0_a3815b27c6ec,,1747232647951,1747232647951,carrera_v2_lap_80687EFE,1188,3
,2,5801,91,0:05.801,14.05.2025 16:24:09,,,ui.lap_update,carrera_v2_6b799dd9_992f_4f07_bcd0_a3815b27c6ec,,1747232649050,1747232649050,carrera_v2_lap_80687EFE,938,7
,1,5184,92,0:05.184,14.05.2025 16:24:13,,,ui.lap_update,carrera_v2_6b799dd9_992f_4f07_bcd0_a3815b27c6ec,,1747232653051,1747232653051,carrera_v2_lap_80687EFE,1189,3
,2,5440,91,0:05.440,14.05.2025 16:24:14,,,ui.lap_update,carrera_v2_6b799dd9_992f_4f07_bcd0_a3815b27c6ec,,1747232654430,1747232654430,carrera_v2_lap_80687EFE,939,7
,1,5182,92,0:05.182,14.05.2025 16:24:18,,,ui.lap_update,carrera_v2_6b799dd9_992f_4f07_bcd0_a3815b27c6ec,,1747232658332,1747232658332,carrera_v2_lap_80687EFE,1190,3
,2,8052,91,0:08.052,14.05.2025 16:24:23,,,ui.lap_update,carrera_v2_6b799dd9_992f_4f07_bcd0_a3815b27c6ec,,1747232662530,1747232662530,carrera_v2_lap_80687EFE,940,7
,1,5103,92,0:05.103,14.05.2025 16:24:23,,,ui.lap_update,carrera_v2_6b799dd9_992f_4f07_bcd0_a3815b27c6ec,,1747232663312,1747232663312,carrera_v2_lap_80687EFE,1191,3
,1,5192,92,0:05.192,14.05.2025 16:24:29,,,ui.lap_update,carrera_v2_6b799dd9_992f_4f07_bcd0_a3815b27c6ec,,1747232668532,1747232668532,carrera_v2_lap_80687EFE,1192,3
,1,5214,92,0:05.214,14.05.2025 16:24:34,,,ui.lap_update,carrera_v2_6b799dd9_992f_4f07_bcd0_a3815b27c6ec,,1747232673691,1747232673691,carrera_v2_lap_80687EFE,1193,3
,2,11741,91,0:11.741,14.05.2025 16:24:34,,,ui.lap_update,carrera_v2_6b799dd9_992f_4f07_bcd0_a3815b27c6ec,,1747232674171,1747232674171,carrera_v2_lap_80687EFE,941,7
,1,5146,92,0:05.146,14.05.2025 16:24:39,,,ui.lap_update,carrera_v2_6b799dd9_992f_4f07_bcd0_a3815b27c6ec,,1747232678792,1747232678792,carrera_v2_lap_80687EFE,1194,3
,2,8030,91,0:08.030,14.05.2025 16:24:42,,,ui.lap_update,carrera_v2_6b799dd9_992f_4f07_bcd0_a3815b27c6ec,,1747232682214,1747232682214,carrera_v2_lap_80687EFE,942,7
,1,5528,92,0:05.528,14.05.2025 16:24:44,,,ui.lap_update,carrera_v2_6b799dd9_992f_4f07_bcd0_a3815b27c6ec,,1747232684372,1747232684372,carrera_v2_lap_80687EFE,1195,3
,2,5671,91,0:05.671,14.05.2025 16:24:48,,,ui.lap_update,carrera_v2_6b799dd9_992f_4f07_bcd0_a3815b27c6ec,,1747232687852,1747232687852,carrera_v2_lap_80687EFE,943,7
,1,5043,92,0:05.043,14.05.2025 16:24:49,,,ui.lap_update,carrera_v2_6b799dd9_992f_4f07_bcd0_a3815b27c6ec,,1747232689351,1747232689351,carrera_v2_lap_80687EFE,1196,3
,2,5352,91,0:05.352,14.05.2025 16:24:53,,,ui.lap_update,carrera_v2_6b799dd9_992f_4f07_bcd0_a3815b27c6ec,,1747232693130,1747232693130,carrera_v2_lap_80687EFE,944,7
,1,5257,92,0:05.257,14.05.2025 16:24:55,,,ui.lap_update,carrera_v2_6b799dd9_992f_4f07_bcd0_a3815b27c6ec,,1747232694572,1747232694572,carrera_v2_lap_80687EFE,1197,3
,2,5427,91,0:05.427,14.05.2025 16:24:59,,,ui.lap_update,carrera_v2_6b799dd9_992f_4f07_bcd0_a3815b27c6ec,,1747232698592,1747232698592,carrera_v2_lap_80687EFE,945,7
,1,5190,92,0:05.190,14.05.2025 16:25:00,,,ui.lap_update,carrera_v2_6b799dd9_992f_4f07_bcd0_a3815b27c6ec,,1747232699792,1747232699792,carrera_v2_lap_80687EFE,1198,3
,2,5372,91,0:05.372,14.05.2025 16:25:04,,,ui.lap_update,carrera_v2_6b799dd9_992f_4f07_bcd0_a3815b27c6ec,,1747232703991,1747232703991,carrera_v2_lap_80687EFE,946,7
,1,9594,92,0:09.594,14.05.2025 16:25:09,,,ui.lap_update,carrera_v2_6b799dd9_992f_4f07_bcd0_a3815b27c6ec,,1747232709333,1747232709333,carrera_v2_lap_80687EFE,1199,3
,2,5919,91,0:05.919,14.05.2025 16:25:10,,,ui.lap_update,carrera_v2_6b799dd9_992f_4f07_bcd0_a3815b27c6ec,,1747232709813,1747232709813,carrera_v2_lap_80687EFE,947,7
,1,4940,92,0:04.940,14.05.2025 16:25:14,,,ui.lap_update,carrera_v2_6b799dd9_992f_4f07_bcd0_a3815b27c6ec,,1747232714255,1747232714255,carrera_v2_lap_80687EFE,1200,3
,2,5514,91,0:05.514,14.05.2025 16:25:15,,,ui.lap_update,carrera_v2_6b799dd9_992f_4f07_bcd0_a3815b27c6ec,,1747232715333,1747232715333,carrera_v2_lap_80687EFE,948,7
,1,4959,92,0:04.959,14.05.2025 16:25:19,,,ui.lap_update,carrera_v2_6b799dd9_992f_4f07_bcd0_a3815b27c6ec,,1747232719232,1747232719232,carrera_v2_lap_80687EFE,1201,3
,2,7443,91,0:07.443,14.05.2025 16:25:23,,,ui.lap_update,carrera_v2_6b799dd9_992f_4f07_bcd0_a3815b27c6ec,,1747232722831,1747232722831,carrera_v2_lap_80687EFE,949,7
,1,5104,92,0:05.104,14.05.2025 16:25:25,,,ui.lap_update,carrera_v2_6b799dd9_992f_4f07_bcd0_a3815b27c6ec,,1747232724573,1747232724573,carrera_v2_lap_80687EFE,1202,3
,2,8145,91,0:08.145,14.05.2025 16:25:31,,,ui.lap_update,carrera_v2_6b799dd9_992f_4f07_bcd0_a3815b27c6ec,,1747232730813,1747232730813,carrera_v2_lap_80687EFE,950,7
,1,6916,92,0:06.916,14.05.2025 16:25:31,,,ui.lap_update,carrera_v2_6b799dd9_992f_4f07_bcd0_a3815b27c6ec,,1747232731173,1747232731173,carrera_v2_lap_80687EFE,1203,3
,2,5193,91,0:05.193,14.05.2025 16:25:36,,,ui.lap_update,carrera_v2_6b799dd9_992f_4f07_bcd0_a3815b27c6ec,,1747232736032,1747232736032,carrera_v2_lap_80687EFE,951,7
,1,5106,92,0:05.106,14.05.2025 16:25:36,,,ui.lap_update,carrera_v2_6b799dd9_992f_4f07_bcd0_a3815b27c6ec,,1747232736273,1747232736273,carrera_v2_lap_80687EFE,1204,3
,2,5289,91,0:05.289,14.05.2025 16:25:41,,,ui.lap_update,carrera_v2_6b799dd9_992f_4f07_bcd0_a3815b27c6ec,,1747232741373,1747232741373,carrera_v2_lap_80687EFE,952,7
,1,5644,92,0:05.644,14.05.2025 16:25:42,,,ui.lap_update,carrera_v2_6b799dd9_992f_4f07_bcd0_a3815b27c6ec,,1747232741973,1747232741973,carrera_v2_lap_80687EFE,1205,3
,2,5062,91,0:05.062,14.05.2025 16:25:46,,,ui.lap_update,carrera_v2_6b799dd9_992f_4f07_bcd0_a3815b27c6ec,,1747232746414,1747232746414,carrera_v2_lap_80687EFE,953,7
,1,5004,92,0:05.004,14.05.2025 16:25:47,,,ui.lap_update,carrera_v2_6b799dd9_992f_4f07_bcd0_a3815b27c6ec,,1747232746893,1747232746893,carrera_v2_lap_80687EFE,1206,3
,2,5280,91,0:05.280,14.05.2025 16:25:52,,,ui.lap_update,carrera_v2_6b799dd9_992f_4f07_bcd0_a3815b27c6ec,,1747232751572,1747232751572,carrera_v2_lap_80687EFE,954,7
,1,12098,92,0:12.098,14.05.2025 16:25:59,,,ui.lap_update,carrera_v2_6b799dd9_992f_4f07_bcd0_a3815b27c6ec,,1747232758953,1747232758953,carrera_v2_lap_80687EFE,1207,3
,2,19316,91,0:19.316,14.05.2025 16:26:11,,,ui.lap_update,carrera_v2_6b799dd9_992f_4f07_bcd0_a3815b27c6ec,,1747232770895,1747232770895,carrera_v2_lap_80687EFE,955,7
,1,12167,92,0:12.167,14.05.2025 16:26:11,,,ui.lap_update,carrera_v2_6b799dd9_992f_4f07_bcd0_a3815b27c6ec,,1747232771134,1747232771134,carrera_v2_lap_80687EFE,1208,3
,2,5144,91,0:05.144,14.05.2025 16:26:16,,,ui.lap_update,carrera_v2_6b799dd9_992f_4f07_bcd0_a3815b27c6ec,,1747232775933,1747232775933,carrera_v2_lap_80687EFE,956,7
,1,11401,92,0:11.401,14.05.2025 16:26:22,,,ui.lap_update,carrera_v2_6b799dd9_992f_4f07_bcd0_a3815b27c6ec,,1747232782474,1747232782474,carrera_v2_lap_80687EFE,1209,3
,2,8535,91,0:08.535,14.05.2025 16:26:25,,,ui.lap_update,carrera_v2_6b799dd9_992f_4f07_bcd0_a3815b27c6ec,,1747232784514,1747232784514,carrera_v2_lap_80687EFE,957,7
,1,5153,92,0:05.153,14.05.2025 16:26:28,,,ui.lap_update,carrera_v2_6b799dd9_992f_4f07_bcd0_a3815b27c6ec,,1747232787637,1747232787637,carrera_v2_lap_80687EFE,1210,3
,2,7431,91,0:07.431,14.05.2025 16:26:32,,,ui.lap_update,carrera_v2_6b799dd9_992f_4f07_bcd0_a3815b27c6ec,,1747232791895,1747232791895,carrera_v2_lap_80687EFE,958,7
,1,5208,92,0:05.208,14.05.2025 16:26:33,,,ui.lap_update,carrera_v2_6b799dd9_992f_4f07_bcd0_a3815b27c6ec,,1747232792795,1747232792795,carrera_v2_lap_80687EFE,1211,3
,1,5249,92,0:05.249,14.05.2025 16:26:38,,,ui.lap_update,carrera_v2_6b799dd9_992f_4f07_bcd0_a3815b27c6ec,,1747232798014,1747232798014,carrera_v2_lap_80687EFE,1212,3
,2,14874,91,0:14.874,14.05.2025 16:26:47,,,ui.lap_update,carrera_v2_6b799dd9_992f_4f07_bcd0_a3815b27c6ec,,1747232806715,1747232806715,carrera_v2_lap_80687EFE,959,7
,1,12378,92,0:12.378,14.05.2025 16:26:50,,,ui.lap_update,carrera_v2_6b799dd9_992f_4f07_bcd0_a3815b27c6ec,,1747232810375,1747232810375,carrera_v2_lap_80687EFE,1213,3
,2,5562,91,0:05.562,14.05.2025 16:26:52,,,ui.lap_update,carrera_v2_6b799dd9_992f_4f07_bcd0_a3815b27c6ec,,1747232812235,1747232812235,carrera_v2_lap_80687EFE,960,7
,1,5123,92,0:05.123,14.05.2025 16:26:55,,,ui.lap_update,carrera_v2_6b799dd9_992f_4f07_bcd0_a3815b27c6ec,,1747232815413,1747232815413,carrera_v2_lap_80687EFE,1214,3
,2,5853,91,0:05.853,14.05.2025 16:26:58,,,ui.lap_update,carrera_v2_6b799dd9_992f_4f07_bcd0_a3815b27c6ec,,1747232818176,1747232818176,carrera_v2_lap_80687EFE,961,7
,1,5107,92,0:05.107,14.05.2025 16:27:01,,,ui.lap_update,carrera_v2_6b799dd9_992f_4f07_bcd0_a3815b27c6ec,,1747232820695,1747232820695,carrera_v2_lap_80687EFE,1215,3
,2,5363,91,0:05.363,14.05.2025 16:27:04,,,ui.lap_update,carrera_v2_6b799dd9_992f_4f07_bcd0_a3815b27c6ec,,1747232823514,1747232823514,carrera_v2_lap_80687EFE,962,7
,1,5164,92,0:05.164,14.05.2025 16:27:06,,,ui.lap_update,carrera_v2_6b799dd9_992f_4f07_bcd0_a3815b27c6ec,,1747232825735,1747232825735,carrera_v2_lap_80687EFE,1216,3
,2,5374,91,0:05.374,14.05.2025 16:27:09,,,ui.lap_update,carrera_v2_6b799dd9_992f_4f07_bcd0_a3815b27c6ec,,1747232828854,1747232828854,carrera_v2_lap_80687EFE,963,7
,1,5825,92,0:05.825,14.05.2025 16:27:11,,,ui.lap_update,carrera_v2_6b799dd9_992f_4f07_bcd0_a3815b27c6ec,,1747232831494,1747232831494,carrera_v2_lap_80687EFE,1217,3
,2,5419,91,0:05.419,14.05.2025 16:27:14,,,ui.lap_update,carrera_v2_6b799dd9_992f_4f07_bcd0_a3815b27c6ec,,1747232834255,1747232834255,carrera_v2_lap_80687EFE,964,7
,1,5282,92,0:05.282,14.05.2025 16:27:17,,,ui.lap_update,carrera_v2_6b799dd9_992f_4f07_bcd0_a3815b27c6ec,,1747232836835,1747232836835,carrera_v2_lap_80687EFE,1218,3
,2,5909,91,0:05.909,14.05.2025 16:27:20,,,ui.lap_update,carrera_v2_6b799dd9_992f_4f07_bcd0_a3815b27c6ec,,1747232840136,1747232840136,carrera_v2_lap_80687EFE,965,7
,1,5127,92,0:05.127,14.05.2025 16:27:22,,,ui.lap_update,carrera_v2_6b799dd9_992f_4f07_bcd0_a3815b27c6ec,,1747232841935,1747232841935,carrera_v2_lap_80687EFE,1219,3
,2,5574,91,0:05.574,14.05.2025 16:27:26,,,ui.lap_update,carrera_v2_6b799dd9_992f_4f07_bcd0_a3815b27c6ec,,1747232845719,1747232845719,carrera_v2_lap_80687EFE,966,7
,1,5097,92,0:05.097,14.05.2025 16:27:27,,,ui.lap_update,carrera_v2_6b799dd9_992f_4f07_bcd0_a3815b27c6ec,,1747232846977,1747232846977,carrera_v2_lap_80687EFE,1220,3
,2,5366,91,0:05.366,14.05.2025 16:27:31,,,ui.lap_update,carrera_v2_6b799dd9_992f_4f07_bcd0_a3815b27c6ec,,1747232851117,1747232851117,carrera_v2_lap_80687EFE,967,7
,1,5132,92,0:05.132,14.05.2025 16:27:32,,,ui.lap_update,carrera_v2_6b799dd9_992f_4f07_bcd0_a3815b27c6ec,,1747232852075,1747232852075,carrera_v2_lap_80687EFE,1221,3
,2,5496,91,0:05.496,14.05.2025 16:27:37,,,ui.lap_update,carrera_v2_6b799dd9_992f_4f07_bcd0_a3815b27c6ec,,1747232856582,1747232856582,carrera_v2_lap_80687EFE,968,7
,1,5138,92,0:05.138,14.05.2025 16:27:37,,,ui.lap_update,carrera_v2_6b799dd9_992f_4f07_bcd0_a3815b27c6ec,,1747232857357,1747232857357,carrera_v2_lap_80687EFE,1222,3
,1,5132,92,0:05.132,14.05.2025 16:27:42,,,ui.lap_update,carrera_v2_6b799dd9_992f_4f07_bcd0_a3815b27c6ec,,1747232862396,1747232862396,carrera_v2_lap_80687EFE,1223,3
,2,20906,91,0:20.906,14.05.2025 16:27:57,,,ui.lap_update,carrera_v2_6b799dd9_992f_4f07_bcd0_a3815b27c6ec,,1747232877336,1747232877336,carrera_v2_lap_80687EFE,969,7
,1,15214,92,0:15.214,14.05.2025 16:27:58,,,ui.lap_update,carrera_v2_6b799dd9_992f_4f07_bcd0_a3815b27c6ec,,1747232877636,1747232877636,carrera_v2_lap_80687EFE,1224,3
,2,282416,22,4:42.416,14.05.2025 16:32:39,,,ui.lap_update,carrera_v2_6b799dd9_992f_4f07_bcd0_a3815b27c6ec,,1747233158924,1747233158924,carrera_v2_lap_80687EFE,970,7
,2,15032,22,0:15.032,14.05.2025 16:32:54,,,ui.lap_update,carrera_v2_6b799dd9_992f_4f07_bcd0_a3815b27c6ec,,1747233173865,1747233173865,carrera_v2_lap_80687EFE,971,7
,2,5176,22,0:05.176,14.05.2025 16:32:59,,,ui.lap_update,carrera_v2_6b799dd9_992f_4f07_bcd0_a3815b27c6ec,,1747233179143,1747233179143,carrera_v2_lap_80687EFE,972,7
,2,5178,22,0:05.178,14.05.2025 16:33:04,,,ui.lap_update,carrera_v2_6b799dd9_992f_4f07_bcd0_a3815b27c6ec,,1747233184304,1747233184304,carrera_v2_lap_80687EFE,973,7
,2,8061,22,0:08.061,14.05.2025 16:33:12,,,ui.lap_update,carrera_v2_6b799dd9_992f_4f07_bcd0_a3815b27c6ec,,1747233192281,1747233192281,carrera_v2_lap_80687EFE,974,7
,2,5665,22,0:05.665,14.05.2025 16:33:18,,,ui.lap_update,carrera_v2_6b799dd9_992f_4f07_bcd0_a3815b27c6ec,,1747233197925,1747233197925,carrera_v2_lap_80687EFE,975,7
,2,5440,22,0:05.440,14.05.2025 16:33:23,,,ui.lap_update,carrera_v2_6b799dd9_992f_4f07_bcd0_a3815b27c6ec,,1747233203456,1747233203456,carrera_v2_lap_80687EFE,976,7
,2,5344,22,0:05.344,14.05.2025 16:33:29,,,ui.lap_update,carrera_v2_6b799dd9_992f_4f07_bcd0_a3815b27c6ec,,1747233208663,1747233208663,carrera_v2_lap_80687EFE,977,7
,2,5181,22,0:05.181,14.05.2025 16:33:34,,,ui.lap_update,carrera_v2_6b799dd9_992f_4f07_bcd0_a3815b27c6ec,,1747233213885,1747233213885,carrera_v2_lap_80687EFE,978,7
,2,5095,22,0:05.095,14.05.2025 16:33:39,,,ui.lap_update,carrera_v2_6b799dd9_992f_4f07_bcd0_a3815b27c6ec,,1747233218925,1747233218925,carrera_v2_lap_80687EFE,979,7
,2,11599,22,0:11.599,14.05.2025 16:33:51,,,ui.lap_update,carrera_v2_6b799dd9_992f_4f07_bcd0_a3815b27c6ec,,1747233230565,1747233230565,carrera_v2_lap_80687EFE,980,7
,2,5469,22,0:05.469,14.05.2025 16:33:56,,,ui.lap_update,carrera_v2_6b799dd9_992f_4f07_bcd0_a3815b27c6ec,,1747233235964,1747233235964,carrera_v2_lap_80687EFE,981,7
,2,5451,22,0:05.451,14.05.2025 16:34:01,,,ui.lap_update,carrera_v2_6b799dd9_992f_4f07_bcd0_a3815b27c6ec,,1747233241364,1747233241364,carrera_v2_lap_80687EFE,982,7
,1,375458,93,6:15.458,14.05.2025 16:34:12,,,ui.lap_update,carrera_v2_6b799dd9_992f_4f07_bcd0_a3815b27c6ec,,1747233251865,1747233251865,carrera_v2_lap_80687EFE,1225,3
,2,16843,22,0:16.843,14.05.2025 16:34:18,,,ui.lap_update,carrera_v2_6b799dd9_992f_4f07_bcd0_a3815b27c6ec,,1747233258225,1747233258225,carrera_v2_lap_80687EFE,983,7
,2,5652,22,0:05.652,14.05.2025 16:34:24,,,ui.lap_update,carrera_v2_6b799dd9_992f_4f07_bcd0_a3815b27c6ec,,1747233263865,1747233263865,carrera_v2_lap_80687EFE,984,7
,2,5286,22,0:05.286,14.05.2025 16:34:29,,,ui.lap_update,carrera_v2_6b799dd9_992f_4f07_bcd0_a3815b27c6ec,,1747233269026,1747233269026,carrera_v2_lap_80687EFE,985,7
,1,19719,93,0:19.719,14.05.2025 16:34:32,,,ui.lap_update,carrera_v2_6b799dd9_992f_4f07_bcd0_a3815b27c6ec,,1747233271545,1747233271545,carrera_v2_lap_80687EFE,1226,3
,2,5701,22,0:05.701,14.05.2025 16:34:35,,,ui.lap_update,carrera_v2_6b799dd9_992f_4f07_bcd0_a3815b27c6ec,,1747233274786,1747233274786,carrera_v2_lap_80687EFE,986,7
,2,5569,22,0:05.569,14.05.2025 16:34:40,,,ui.lap_update,carrera_v2_6b799dd9_992f_4f07_bcd0_a3815b27c6ec,,1747233280305,1747233280305,carrera_v2_lap_80687EFE,987,7
,1,8837,93,0:08.837,14.05.2025 16:34:40,,,ui.lap_update,carrera_v2_6b799dd9_992f_4f07_bcd0_a3815b27c6ec,,1747233280426,1747233280426,carrera_v2_lap_80687EFE,1227,3
,2,7675,22,0:07.675,14.05.2025 16:34:48,,,ui.lap_update,carrera_v2_6b799dd9_992f_4f07_bcd0_a3815b27c6ec,,1747233288047,1747233288047,carrera_v2_lap_80687EFE,988,7
,1,11943,93,0:11.943,14.05.2025 16:34:52,,,ui.lap_update,carrera_v2_6b799dd9_992f_4f07_bcd0_a3815b27c6ec,,1747233292246,1747233292246,carrera_v2_lap_80687EFE,1228,3
,2,5376,22,0:05.376,14.05.2025 16:34:53,,,ui.lap_update,carrera_v2_6b799dd9_992f_4f07_bcd0_a3815b27c6ec,,1747233293326,1747233293326,carrera_v2_lap_80687EFE,989,7
,1,8753,93,0:08.753,14.05.2025 16:35:01,,,ui.lap_update,carrera_v2_6b799dd9_992f_4f07_bcd0_a3815b27c6ec,,1747233301006,1747233301006,carrera_v2_lap_80687EFE,1229,3
,2,7742,22,0:07.742,14.05.2025 16:35:01,,,ui.lap_update,carrera_v2_6b799dd9_992f_4f07_bcd0_a3815b27c6ec,,1747233301126,1747233301126,carrera_v2_lap_80687EFE,990,7
,1,5153,93,0:05.153,14.05.2025 16:35:06,,,ui.lap_update,carrera_v2_6b799dd9_992f_4f07_bcd0_a3815b27c6ec,,1747233306106,1747233306106,carrera_v2_lap_80687EFE,1230,3
,2,5673,22,0:05.673,14.05.2025 16:35:07,,,ui.lap_update,carrera_v2_6b799dd9_992f_4f07_bcd0_a3815b27c6ec,,1747233306647,1747233306647,carrera_v2_lap_80687EFE,991,7
,2,5733,22,0:05.733,14.05.2025 16:35:12,,,ui.lap_update,carrera_v2_6b799dd9_992f_4f07_bcd0_a3815b27c6ec,,1747233312347,1747233312347,carrera_v2_lap_80687EFE,992,7
,1,10586,93,0:10.586,14.05.2025 16:35:17,,,ui.lap_update,carrera_v2_6b799dd9_992f_4f07_bcd0_a3815b27c6ec,,1747233316606,1747233316606,carrera_v2_lap_80687EFE,1231,3
,2,5586,22,0:05.586,14.05.2025 16:35:18,,,ui.lap_update,carrera_v2_6b799dd9_992f_4f07_bcd0_a3815b27c6ec,,1747233318047,1747233318047,carrera_v2_lap_80687EFE,993,7
,2,5566,22,0:05.566,14.05.2025 16:35:24,,,ui.lap_update,carrera_v2_6b799dd9_992f_4f07_bcd0_a3815b27c6ec,,1747233323568,1747233323568,carrera_v2_lap_80687EFE,994,7
,1,9185,93,0:09.185,14.05.2025 16:35:26,,,ui.lap_update,carrera_v2_6b799dd9_992f_4f07_bcd0_a3815b27c6ec,,1747233325853,1747233325853,carrera_v2_lap_80687EFE,1232,3
,2,5340,22,0:05.340,14.05.2025 16:35:29,,,ui.lap_update,carrera_v2_6b799dd9_992f_4f07_bcd0_a3815b27c6ec,,1747233328906,1747233328906,carrera_v2_lap_80687EFE,995,7
,1,4976,93,0:04.976,14.05.2025 16:35:31,,,ui.lap_update,carrera_v2_6b799dd9_992f_4f07_bcd0_a3815b27c6ec,,1747233330706,1747233330706,carrera_v2_lap_80687EFE,1233,3
,1,16722,93,0:16.722,14.05.2025 16:35:47,,,ui.lap_update,carrera_v2_6b799dd9_992f_4f07_bcd0_a3815b27c6ec,,1747233347386,1747233347386,carrera_v2_lap_80687EFE,1234,3
,2,37122,22,0:37.122,14.05.2025 16:36:06,,,ui.lap_update,carrera_v2_6b799dd9_992f_4f07_bcd0_a3815b27c6ec,,1747233365868,1747233365868,carrera_v2_lap_80687EFE,996,7
,1,20001,93,0:20.001,14.05.2025 16:36:07,,,ui.lap_update,carrera_v2_6b799dd9_992f_4f07_bcd0_a3815b27c6ec,,1747233367368,1747233367368,carrera_v2_lap_80687EFE,1235,3
,2,125809,94,2:05.809,14.05.2025 16:38:11,,,ui.lap_update,carrera_v2_6b799dd9_992f_4f07_bcd0_a3815b27c6ec,,1747233491329,1747233491329,carrera_v2_lap_80687EFE,997,7
,2,46871,94,0:46.871,14.05.2025 16:38:58,,,ui.lap_update,carrera_v2_6b799dd9_992f_4f07_bcd0_a3815b27c6ec,,1747233537952,1747233537952,carrera_v2_lap_80687EFE,998,7
,1,179868,95,2:59.868,14.05.2025 16:39:07,,,ui.lap_update,carrera_v2_6b799dd9_992f_4f07_bcd0_a3815b27c6ec,,1747233546652,1747233546652,carrera_v2_lap_80687EFE,1236,3
,2,12746,94,0:12.746,14.05.2025 16:39:11,,,ui.lap_update,carrera_v2_6b799dd9_992f_4f07_bcd0_a3815b27c6ec,,1747233550674,1747233550674,carrera_v2_lap_80687EFE,999,7
,1,12495,95,0:12.495,14.05.2025 16:39:19,,,ui.lap_update,carrera_v2_6b799dd9_992f_4f07_bcd0_a3815b27c6ec,,1747233559133,1747233559133,carrera_v2_lap_80687EFE,1237,3
,2,10138,94,0:10.138,14.05.2025 16:39:21,,,ui.lap_update,carrera_v2_6b799dd9_992f_4f07_bcd0_a3815b27c6ec,,1747233560811,1747233560811,carrera_v2_lap_80687EFE,1000,7
,1,7869,95,0:07.869,14.05.2025 16:39:27,,,ui.lap_update,carrera_v2_6b799dd9_992f_4f07_bcd0_a3815b27c6ec,,1747233566994,1747233566994,carrera_v2_lap_80687EFE,1238,3
,2,9287,94,0:09.287,14.05.2025 16:39:30,,,ui.lap_update,carrera_v2_6b799dd9_992f_4f07_bcd0_a3815b27c6ec,,1747233570111,1747233570111,carrera_v2_lap_80687EFE,1001,7
,1,5267,95,0:05.267,14.05.2025 16:39:32,,,ui.lap_update,carrera_v2_6b799dd9_992f_4f07_bcd0_a3815b27c6ec,,1747233572212,1747233572212,carrera_v2_lap_80687EFE,1239,3
,1,6024,95,0:06.024,14.05.2025 16:39:38,,,ui.lap_update,carrera_v2_6b799dd9_992f_4f07_bcd0_a3815b27c6ec,,1747233578211,1747233578211,carrera_v2_lap_80687EFE,1240,3
,2,8196,94,0:08.196,14.05.2025 16:39:38,,,ui.lap_update,carrera_v2_6b799dd9_992f_4f07_bcd0_a3815b27c6ec,,1747233578332,1747233578332,carrera_v2_lap_80687EFE,1002,7
,1,5562,95,0:05.562,14.05.2025 16:39:44,,,ui.lap_update,carrera_v2_6b799dd9_992f_4f07_bcd0_a3815b27c6ec,,1747233583853,1747233583853,carrera_v2_lap_80687EFE,1241,3
,2,8335,94,0:08.335,14.05.2025 16:39:47,,,ui.lap_update,carrera_v2_6b799dd9_992f_4f07_bcd0_a3815b27c6ec,,1747233586612,1747233586612,carrera_v2_lap_80687EFE,1003,7
,1,5394,95,0:05.394,14.05.2025 16:39:49,,,ui.lap_update,carrera_v2_6b799dd9_992f_4f07_bcd0_a3815b27c6ec,,1747233589192,1747233589192,carrera_v2_lap_80687EFE,1242,3
,2,7046,94,0:07.046,14.05.2025 16:39:54,,,ui.lap_update,carrera_v2_6b799dd9_992f_4f07_bcd0_a3815b27c6ec,,1747233593573,1747233593573,carrera_v2_lap_80687EFE,1004,7
,1,5484,95,0:05.484,14.05.2025 16:39:55,,,ui.lap_update,carrera_v2_6b799dd9_992f_4f07_bcd0_a3815b27c6ec,,1747233594652,1747233594652,carrera_v2_lap_80687EFE,1243,3
,1,5421,95,0:05.421,14.05.2025 16:40:00,,,ui.lap_update,carrera_v2_6b799dd9_992f_4f07_bcd0_a3815b27c6ec,,1747233600053,1747233600053,carrera_v2_lap_80687EFE,1244,3
,2,8537,94,0:08.537,14.05.2025 16:40:02,,,ui.lap_update,carrera_v2_6b799dd9_992f_4f07_bcd0_a3815b27c6ec,,1747233602153,1747233602153,carrera_v2_lap_80687EFE,1005,7
,2,21270,94,0:21.270,14.05.2025 16:40:23,,,ui.lap_update,carrera_v2_6b799dd9_992f_4f07_bcd0_a3815b27c6ec,,1747233623393,1747233623393,carrera_v2_lap_80687EFE,1006,7
,1,24188,95,0:24.188,14.05.2025 16:40:24,,,ui.lap_update,carrera_v2_6b799dd9_992f_4f07_bcd0_a3815b27c6ec,,1747233624232,1747233624232,carrera_v2_lap_80687EFE,1245,3
,2,21112,94,0:21.112,14.05.2025 16:40:44,,,ui.lap_update,carrera_v2_6b799dd9_992f_4f07_bcd0_a3815b27c6ec,,1747233644393,1747233644393,carrera_v2_lap_80687EFE,1007,7
,1,26573,95,0:26.573,14.05.2025 16:40:51,,,ui.lap_update,carrera_v2_6b799dd9_992f_4f07_bcd0_a3815b27c6ec,,1747233650634,1747233650634,carrera_v2_lap_80687EFE,1246,3
,2,8759,94,0:08.759,14.05.2025 16:40:53,,,ui.lap_update,carrera_v2_6b799dd9_992f_4f07_bcd0_a3815b27c6ec,,1747233653094,1747233653094,carrera_v2_lap_80687EFE,1008,7
,2,9606,94,0:09.606,14.05.2025 16:41:03,,,ui.lap_update,carrera_v2_6b799dd9_992f_4f07_bcd0_a3815b27c6ec,,1747233662694,1747233662694,carrera_v2_lap_80687EFE,1009,7
,2,13237,94,0:13.237,14.05.2025 16:41:16,,,ui.lap_update,carrera_v2_6b799dd9_992f_4f07_bcd0_a3815b27c6ec,,1747233675834,1747233675834,carrera_v2_lap_80687EFE,1010,7
,2,7053,94,0:07.053,14.05.2025 16:41:23,,,ui.lap_update,carrera_v2_6b799dd9_992f_4f07_bcd0_a3815b27c6ec,,1747233682914,1747233682914,carrera_v2_lap_80687EFE,1011,7
,2,5817,94,0:05.817,14.05.2025 16:41:29,,,ui.lap_update,carrera_v2_6b799dd9_992f_4f07_bcd0_a3815b27c6ec,,1747233688674,1747233688674,carrera_v2_lap_80687EFE,1012,7
,2,7211,94,0:07.211,14.05.2025 16:41:36,,,ui.lap_update,carrera_v2_6b799dd9_992f_4f07_bcd0_a3815b27c6ec,,1747233695875,1747233695875,carrera_v2_lap_80687EFE,1013,7
,2,8478,94,0:08.478,14.05.2025 16:41:44,,,ui.lap_update,carrera_v2_6b799dd9_992f_4f07_bcd0_a3815b27c6ec,,1747233704275,1747233704275,carrera_v2_lap_80687EFE,1014,7
,2,5800,94,0:05.800,14.05.2025 16:41:50,,,ui.lap_update,carrera_v2_6b799dd9_992f_4f07_bcd0_a3815b27c6ec,,1747233710095,1747233710095,carrera_v2_lap_80687EFE,1015,7
,2,5853,94,0:05.853,14.05.2025 16:41:56,,,ui.lap_update,carrera_v2_6b799dd9_992f_4f07_bcd0_a3815b27c6ec,,1747233715915,1747233715915,carrera_v2_lap_80687EFE,1016,7
,2,6756,94,0:06.756,14.05.2025 16:42:03,,,ui.lap_update,carrera_v2_6b799dd9_992f_4f07_bcd0_a3815b27c6ec,,1747233722695,1747233722695,carrera_v2_lap_80687EFE,1017,7
,1,468456,95,7:48.456,14.05.2025 16:48:38,,,ui.lap_update,carrera_v2_6b799dd9_992f_4f07_bcd0_a3815b27c6ec,,1747234117687,1747234117687,carrera_v2_lap_80687EFE,1247,3
,1,3326,95,0:03.326,14.05.2025 16:48:41,,,ui.lap_update,carrera_v2_6b799dd9_992f_4f07_bcd0_a3815b27c6ec,,1747234121112,1747234121112,carrera_v2_lap_80687EFE,1248,3
,2,415381,96,6:55.381,14.05.2025 16:48:57,,,ui.lap_update,carrera_v2_6b799dd9_992f_4f07_bcd0_a3815b27c6ec,,1747234136825,1747234136825,carrera_v2_lap_80687EFE,1018,7
,1,17814,95,0:17.814,14.05.2025 16:48:59,,,ui.lap_update,carrera_v2_6b799dd9_992f_4f07_bcd0_a3815b27c6ec,,1747234138865,1747234138865,carrera_v2_lap_80687EFE,1249,3
,2,16041,96,0:16.041,14.05.2025 16:49:13,,,ui.lap_update,carrera_v2_6b799dd9_992f_4f07_bcd0_a3815b27c6ec,,1747234152785,1747234152785,carrera_v2_lap_80687EFE,1019,7
,1,21638,95,0:21.638,14.05.2025 16:49:21,,,ui.lap_update,carrera_v2_6b799dd9_992f_4f07_bcd0_a3815b27c6ec,,1747234160587,1747234160587,carrera_v2_lap_80687EFE,1250,3
,2,8935,96,0:08.935,14.05.2025 16:49:22,,,ui.lap_update,carrera_v2_6b799dd9_992f_4f07_bcd0_a3815b27c6ec,,1747234161785,1747234161785,carrera_v2_lap_80687EFE,1020,7
,2,6285,96,0:06.285,14.05.2025 16:49:28,,,ui.lap_update,carrera_v2_6b799dd9_992f_4f07_bcd0_a3815b27c6ec,,1747234168026,1747234168026,carrera_v2_lap_80687EFE,1021,7
,2,6308,96,0:06.308,14.05.2025 16:49:34,,,ui.lap_update,carrera_v2_6b799dd9_992f_4f07_bcd0_a3815b27c6ec,,1747234174327,1747234174327,carrera_v2_lap_80687EFE,1022,7
,1,14719,95,0:14.719,14.05.2025 16:49:35,,,ui.lap_update,carrera_v2_6b799dd9_992f_4f07_bcd0_a3815b27c6ec,,1747234174985,1747234174985,carrera_v2_lap_80687EFE,1251,3
,2,13643,96,0:13.643,14.05.2025 16:49:48,,,ui.lap_update,carrera_v2_6b799dd9_992f_4f07_bcd0_a3815b27c6ec,,1747234187947,1747234187947,carrera_v2_lap_80687EFE,1023,7
,1,14666,97,0:14.666,14.05.2025 16:49:50,,,ui.lap_update,carrera_v2_6b799dd9_992f_4f07_bcd0_a3815b27c6ec,,1747234189686,1747234189686,carrera_v2_lap_80687EFE,1252,3
,1,11306,97,0:11.306,14.05.2025 16:50:01,,,ui.lap_update,carrera_v2_6b799dd9_992f_4f07_bcd0_a3815b27c6ec,,1747234200907,1747234200907,carrera_v2_lap_80687EFE,1253,3
,2,15510,96,0:15.510,14.05.2025 16:50:03,,,ui.lap_update,carrera_v2_6b799dd9_992f_4f07_bcd0_a3815b27c6ec,,1747234203367,1747234203367,carrera_v2_lap_80687EFE,1024,7
,1,6561,97,0:06.561,14.05.2025 16:50:07,,,ui.lap_update,carrera_v2_6b799dd9_992f_4f07_bcd0_a3815b27c6ec,,1747234207447,1747234207447,carrera_v2_lap_80687EFE,1254,3
,2,10974,96,0:10.974,14.05.2025 16:50:14,,,ui.lap_update,carrera_v2_6b799dd9_992f_4f07_bcd0_a3815b27c6ec,,1747234214286,1747234214286,carrera_v2_lap_80687EFE,1025,7
,1,7327,97,0:07.327,14.05.2025 16:50:15,,,ui.lap_update,carrera_v2_6b799dd9_992f_4f07_bcd0_a3815b27c6ec,,1747234214828,1747234214828,carrera_v2_lap_80687EFE,1255,3
,1,5499,97,0:05.499,14.05.2025 16:50:20,,,ui.lap_update,carrera_v2_6b799dd9_992f_4f07_bcd0_a3815b27c6ec,,1747234220287,1747234220287,carrera_v2_lap_80687EFE,1256,3
,2,13875,96,0:13.875,14.05.2025 16:50:28,,,ui.lap_update,carrera_v2_6b799dd9_992f_4f07_bcd0_a3815b27c6ec,,1747234228087,1747234228087,carrera_v2_lap_80687EFE,1026,7
,1,11709,97,0:11.709,14.05.2025 16:50:32,,,ui.lap_update,carrera_v2_6b799dd9_992f_4f07_bcd0_a3815b27c6ec,,1747234231989,1747234231989,carrera_v2_lap_80687EFE,1257,3
,2,6545,96,0:06.545,14.05.2025 16:50:35,,,ui.lap_update,carrera_v2_6b799dd9_992f_4f07_bcd0_a3815b27c6ec,,1747234234687,1747234234687,carrera_v2_lap_80687EFE,1027,7
,1,6170,97,0:06.170,14.05.2025 16:50:38,,,ui.lap_update,carrera_v2_6b799dd9_992f_4f07_bcd0_a3815b27c6ec,,1747234238049,1747234238049,carrera_v2_lap_80687EFE,1258,3
,2,6415,96,0:06.415,14.05.2025 16:50:41,,,ui.lap_update,carrera_v2_6b799dd9_992f_4f07_bcd0_a3815b27c6ec,,1747234240987,1747234240987,carrera_v2_lap_80687EFE,1028,7
,1,5774,97,0:05.774,14.05.2025 16:50:44,,,ui.lap_update,carrera_v2_6b799dd9_992f_4f07_bcd0_a3815b27c6ec,,1747234243748,1747234243748,carrera_v2_lap_80687EFE,1259,3
,2,5699,96,0:05.699,14.05.2025 16:50:47,,,ui.lap_update,carrera_v2_6b799dd9_992f_4f07_bcd0_a3815b27c6ec,,1747234246688,1747234246688,carrera_v2_lap_80687EFE,1029,7
,1,5534,97,0:05.534,14.05.2025 16:50:49,,,ui.lap_update,carrera_v2_6b799dd9_992f_4f07_bcd0_a3815b27c6ec,,1747234249387,1747234249387,carrera_v2_lap_80687EFE,1260,3
,1,6167,97,0:06.167,14.05.2025 16:50:56,,,ui.lap_update,carrera_v2_6b799dd9_992f_4f07_bcd0_a3815b27c6ec,,1747234255509,1747234255509,carrera_v2_lap_80687EFE,1261,3
,2,13012,96,0:13.012,14.05.2025 16:51:00,,,ui.lap_update,carrera_v2_6b799dd9_992f_4f07_bcd0_a3815b27c6ec,,1747234259650,1747234259650,carrera_v2_lap_80687EFE,1030,7
,1,5313,97,0:05.313,14.05.2025 16:51:01,,,ui.lap_update,carrera_v2_6b799dd9_992f_4f07_bcd0_a3815b27c6ec,,1747234260788,1747234260788,carrera_v2_lap_80687EFE,1262,3
,2,9785,96,0:09.785,14.05.2025 16:51:09,,,ui.lap_update,carrera_v2_6b799dd9_992f_4f07_bcd0_a3815b27c6ec,,1747234269488,1747234269488,carrera_v2_lap_80687EFE,1031,7
,2,7738,96,0:07.738,14.05.2025 16:51:17,,,ui.lap_update,carrera_v2_6b799dd9_992f_4f07_bcd0_a3815b27c6ec,,1747234277108,1747234277108,carrera_v2_lap_80687EFE,1032,7
,2,7813,96,0:07.813,14.05.2025 16:51:25,,,ui.lap_update,carrera_v2_6b799dd9_992f_4f07_bcd0_a3815b27c6ec,,1747234284968,1747234284968,carrera_v2_lap_80687EFE,1033,7
,1,24726,97,0:24.726,14.05.2025 16:51:25,,,ui.lap_update,carrera_v2_6b799dd9_992f_4f07_bcd0_a3815b27c6ec,,1747234285449,1747234285449,carrera_v2_lap_80687EFE,1263,3
,2,8276,96,0:08.276,14.05.2025 16:51:33,,,ui.lap_update,carrera_v2_6b799dd9_992f_4f07_bcd0_a3815b27c6ec,,1747234293189,1747234293189,carrera_v2_lap_80687EFE,1034,7
,1,8305,97,0:08.305,14.05.2025 16:51:34,,,ui.lap_update,carrera_v2_6b799dd9_992f_4f07_bcd0_a3815b27c6ec,,1747234293669,1747234293669,carrera_v2_lap_80687EFE,1264,3
,1,5738,97,0:05.738,14.05.2025 16:51:39,,,ui.lap_update,carrera_v2_6b799dd9_992f_4f07_bcd0_a3815b27c6ec,,1747234299369,1747234299369,carrera_v2_lap_80687EFE,1265,3
,2,6603,96,0:06.603,14.05.2025 16:51:40,,,ui.lap_update,carrera_v2_6b799dd9_992f_4f07_bcd0_a3815b27c6ec,,1747234299790,1747234299790,carrera_v2_lap_80687EFE,1035,7
,1,6654,97,0:06.654,14.05.2025 16:51:46,,,ui.lap_update,carrera_v2_6b799dd9_992f_4f07_bcd0_a3815b27c6ec,,1747234306089,1747234306089,carrera_v2_lap_80687EFE,1266,3
,2,7640,96,0:07.640,14.05.2025 16:51:47,,,ui.lap_update,carrera_v2_6b799dd9_992f_4f07_bcd0_a3815b27c6ec,,1747234307409,1747234307409,carrera_v2_lap_80687EFE,1036,7
,1,5499,97,0:05.499,14.05.2025 16:51:52,,,ui.lap_update,carrera_v2_6b799dd9_992f_4f07_bcd0_a3815b27c6ec,,1747234311551,1747234311551,carrera_v2_lap_80687EFE,1267,3
,2,6740,96,0:06.740,14.05.2025 16:51:54,,,ui.lap_update,carrera_v2_6b799dd9_992f_4f07_bcd0_a3815b27c6ec,,1747234314130,1747234314130,carrera_v2_lap_80687EFE,1037,7
,1,5409,97,0:05.409,14.05.2025 16:51:57,,,ui.lap_update,carrera_v2_6b799dd9_992f_4f07_bcd0_a3815b27c6ec,,1747234316949,1747234316949,carrera_v2_lap_80687EFE,1268,3
,2,6314,96,0:06.314,14.05.2025 16:52:00,,,ui.lap_update,carrera_v2_6b799dd9_992f_4f07_bcd0_a3815b27c6ec,,1747234320490,1747234320490,carrera_v2_lap_80687EFE,1038,7
,1,5268,97,0:05.268,14.05.2025 16:52:02,,,ui.lap_update,carrera_v2_6b799dd9_992f_4f07_bcd0_a3815b27c6ec,,1747234322229,1747234322229,carrera_v2_lap_80687EFE,1269,3
,2,14540,96,0:14.540,14.05.2025 16:52:15,,,ui.lap_update,carrera_v2_6b799dd9_992f_4f07_bcd0_a3815b27c6ec,,1747234335009,1747234335009,carrera_v2_lap_80687EFE,1039,7
,1,13301,97,0:13.301,14.05.2025 16:52:16,,,ui.lap_update,carrera_v2_6b799dd9_992f_4f07_bcd0_a3815b27c6ec,,1747234335549,1747234335549,carrera_v2_lap_80687EFE,1270,3
,2,8609,96,0:08.609,14.05.2025 16:52:23,,,ui.lap_update,carrera_v2_6b799dd9_992f_4f07_bcd0_a3815b27c6ec,,1747234343470,1747234343470,carrera_v2_lap_80687EFE,1040,7
,1,8379,97,0:08.379,14.05.2025 16:52:24,,,ui.lap_update,carrera_v2_6b799dd9_992f_4f07_bcd0_a3815b27c6ec,,1747234343830,1747234343830,carrera_v2_lap_80687EFE,1271,3
,2,19618,96,0:19.618,14.05.2025 16:52:43,,,ui.lap_update,carrera_v2_6b799dd9_992f_4f07_bcd0_a3815b27c6ec,,1747234363033,1747234363033,carrera_v2_lap_80687EFE,1041,7
,1,20038,97,0:20.038,14.05.2025 16:52:44,,,ui.lap_update,carrera_v2_6b799dd9_992f_4f07_bcd0_a3815b27c6ec,,1747234363750,1747234363750,carrera_v2_lap_80687EFE,1272,3
,2,6459,96,0:06.459,14.05.2025 16:52:50,,,ui.lap_update,carrera_v2_6b799dd9_992f_4f07_bcd0_a3815b27c6ec,,1747234369572,1747234369572,carrera_v2_lap_80687EFE,1042,7
,1,7900,97,0:07.900,14.05.2025 16:52:52,,,ui.lap_update,carrera_v2_6b799dd9_992f_4f07_bcd0_a3815b27c6ec,,1747234371738,1747234371738,carrera_v2_lap_80687EFE,1273,3
,2,7319,96,0:07.319,14.05.2025 16:52:57,,,ui.lap_update,carrera_v2_6b799dd9_992f_4f07_bcd0_a3815b27c6ec,,1747234376830,1747234376830,carrera_v2_lap_80687EFE,1043,7
,2,61757,98,1:01.757,14.05.2025 16:53:58,,,ui.lap_update,carrera_v2_6b799dd9_992f_4f07_bcd0_a3815b27c6ec,,1747234438393,1747234438393,carrera_v2_lap_80687EFE,1044,7
,1,113629,97,1:53.629,14.05.2025 16:54:45,,,ui.lap_update,carrera_v2_6b799dd9_992f_4f07_bcd0_a3815b27c6ec,,1747234485014,1747234485014,carrera_v2_lap_80687EFE,1274,3
,1,8450,97,0:08.450,14.05.2025 16:54:53,,,ui.lap_update,carrera_v2_6b799dd9_992f_4f07_bcd0_a3815b27c6ec,,1747234493355,1747234493355,carrera_v2_lap_80687EFE,1275,3
,1,6610,98,0:06.610,14.05.2025 16:55:00,,,ui.lap_update,carrera_v2_6b799dd9_992f_4f07_bcd0_a3815b27c6ec,,1747234499954,1747234499954,carrera_v2_lap_80687EFE,1276,3
,1,5912,98,0:05.912,14.05.2025 16:55:06,,,ui.lap_update,carrera_v2_6b799dd9_992f_4f07_bcd0_a3815b27c6ec,,1747234505834,1747234505834,carrera_v2_lap_80687EFE,1277,3
,1,5905,98,0:05.905,14.05.2025 16:55:12,,,ui.lap_update,carrera_v2_6b799dd9_992f_4f07_bcd0_a3815b27c6ec,,1747234511713,1747234511713,carrera_v2_lap_80687EFE,1278,3
,2,78262,98,1:18.262,14.05.2025 16:55:16,,,ui.lap_update,carrera_v2_6b799dd9_992f_4f07_bcd0_a3815b27c6ec,,1747234516453,1747234516453,carrera_v2_lap_80687EFE,1045,7
,1,5589,98,0:05.589,14.05.2025 16:55:17,,,ui.lap_update,carrera_v2_6b799dd9_992f_4f07_bcd0_a3815b27c6ec,,1747234517294,1747234517294,carrera_v2_lap_80687EFE,1279,3
,1,6482,98,0:06.482,14.05.2025 16:55:24,,,ui.lap_update,carrera_v2_6b799dd9_992f_4f07_bcd0_a3815b27c6ec,,1747234523896,1747234523896,carrera_v2_lap_80687EFE,1280,3
,1,9013,98,0:09.013,14.05.2025 16:55:33,,,ui.lap_update,carrera_v2_6b799dd9_992f_4f07_bcd0_a3815b27c6ec,,1747234532835,1747234532835,carrera_v2_lap_80687EFE,1281,3
,1,5932,98,0:05.932,14.05.2025 16:55:39,,,ui.lap_update,carrera_v2_6b799dd9_992f_4f07_bcd0_a3815b27c6ec,,1747234538654,1747234538654,carrera_v2_lap_80687EFE,1282,3
,1,5517,98,0:05.517,14.05.2025 16:55:44,,,ui.lap_update,carrera_v2_6b799dd9_992f_4f07_bcd0_a3815b27c6ec,,1747234544174,1747234544174,carrera_v2_lap_80687EFE,1283,3
,1,47244,98,0:47.244,14.05.2025 16:56:31,,,ui.lap_update,carrera_v2_6b799dd9_992f_4f07_bcd0_a3815b27c6ec,,1747234591278,1747234591278,carrera_v2_lap_80687EFE,1284,3
,1,5895,98,0:05.895,14.05.2025 16:56:37,,,ui.lap_update,carrera_v2_6b799dd9_992f_4f07_bcd0_a3815b27c6ec,,1747234597155,1747234597155,carrera_v2_lap_80687EFE,1285,3
,1,5859,98,0:05.859,14.05.2025 16:56:43,,,ui.lap_update,carrera_v2_6b799dd9_992f_4f07_bcd0_a3815b27c6ec,,1747234602976,1747234602976,carrera_v2_lap_80687EFE,1286,3
,1,6133,98,0:06.133,14.05.2025 16:56:49,,,ui.lap_update,carrera_v2_6b799dd9_992f_4f07_bcd0_a3815b27c6ec,,1747234609096,1747234609096,carrera_v2_lap_80687EFE,1287,3
,1,5667,98,0:05.667,14.05.2025 16:56:55,,,ui.lap_update,carrera_v2_6b799dd9_992f_4f07_bcd0_a3815b27c6ec,,1747234614735,1747234614735,carrera_v2_lap_80687EFE,1288,3
,1,5540,98,0:05.540,14.05.2025 16:57:00,,,ui.lap_update,carrera_v2_6b799dd9_992f_4f07_bcd0_a3815b27c6ec,,1747234620315,1747234620315,carrera_v2_lap_80687EFE,1289,3
,1,5567,98,0:05.567,14.05.2025 16:57:06,,,ui.lap_update,carrera_v2_6b799dd9_992f_4f07_bcd0_a3815b27c6ec,,1747234625781,1747234625781,carrera_v2_lap_80687EFE,1290,3
,1,5993,98,0:05.993,14.05.2025 16:57:12,,,ui.lap_update,carrera_v2_6b799dd9_992f_4f07_bcd0_a3815b27c6ec,,1747234631896,1747234631896,carrera_v2_lap_80687EFE,1291,3
,1,5472,98,0:05.472,14.05.2025 16:57:17,,,ui.lap_update,carrera_v2_6b799dd9_992f_4f07_bcd0_a3815b27c6ec,,1747234637301,1747234637301,carrera_v2_lap_80687EFE,1292,3
,1,6521,98,0:06.521,14.05.2025 16:57:24,,,ui.lap_update,carrera_v2_6b799dd9_992f_4f07_bcd0_a3815b27c6ec,,1747234643777,1747234643777,carrera_v2_lap_80687EFE,1293,3
,1,5638,98,0:05.638,14.05.2025 16:57:29,,,ui.lap_update,carrera_v2_6b799dd9_992f_4f07_bcd0_a3815b27c6ec,,1747234649357,1747234649357,carrera_v2_lap_80687EFE,1294,3
,1,6346,98,0:06.346,14.05.2025 16:57:36,,,ui.lap_update,carrera_v2_6b799dd9_992f_4f07_bcd0_a3815b27c6ec,,1747234655658,1747234655658,carrera_v2_lap_80687EFE,1295,3
,1,6067,98,0:06.067,14.05.2025 16:57:42,,,ui.lap_update,carrera_v2_6b799dd9_992f_4f07_bcd0_a3815b27c6ec,,1747234661780,1747234661780,carrera_v2_lap_80687EFE,1296,3
,1,7304,98,0:07.304,14.05.2025 16:57:49,,,ui.lap_update,carrera_v2_6b799dd9_992f_4f07_bcd0_a3815b27c6ec,,1747234669037,1747234669037,carrera_v2_lap_80687EFE,1297,3
,1,6648,98,0:06.648,14.05.2025 16:57:56,,,ui.lap_update,carrera_v2_6b799dd9_992f_4f07_bcd0_a3815b27c6ec,,1747234675637,1747234675637,carrera_v2_lap_80687EFE,1298,3
,1,6391,98,0:06.391,14.05.2025 16:58:02,,,ui.lap_update,carrera_v2_6b799dd9_992f_4f07_bcd0_a3815b27c6ec,,1747234682058,1747234682058,carrera_v2_lap_80687EFE,1299,3
,1,6380,98,0:06.380,14.05.2025 16:58:08,,,ui.lap_update,carrera_v2_6b799dd9_992f_4f07_bcd0_a3815b27c6ec,,1747234688418,1747234688418,carrera_v2_lap_80687EFE,1300,3
,1,6067,98,0:06.067,14.05.2025 16:58:14,,,ui.lap_update,carrera_v2_6b799dd9_992f_4f07_bcd0_a3815b27c6ec,,1747234694415,1747234694415,carrera_v2_lap_80687EFE,1301,3
,1,5640,98,0:05.640,14.05.2025 16:58:20,,,ui.lap_update,carrera_v2_6b799dd9_992f_4f07_bcd0_a3815b27c6ec,,1747234700058,1747234700058,carrera_v2_lap_80687EFE,1302,3
,1,5599,98,0:05.599,14.05.2025 16:58:26,,,ui.lap_update,carrera_v2_6b799dd9_992f_4f07_bcd0_a3815b27c6ec,,1747234705637,1747234705637,carrera_v2_lap_80687EFE,1303,3
,1,5502,98,0:05.502,14.05.2025 16:58:31,,,ui.lap_update,carrera_v2_6b799dd9_992f_4f07_bcd0_a3815b27c6ec,,1747234711217,1747234711217,carrera_v2_lap_80687EFE,1304,3
,1,5746,98,0:05.746,14.05.2025 16:58:37,,,ui.lap_update,carrera_v2_6b799dd9_992f_4f07_bcd0_a3815b27c6ec,,1747234716918,1747234716918,carrera_v2_lap_80687EFE,1305,3
,1,5342,98,0:05.342,14.05.2025 16:58:42,,,ui.lap_update,carrera_v2_6b799dd9_992f_4f07_bcd0_a3815b27c6ec,,1747234722197,1747234722197,carrera_v2_lap_80687EFE,1306,3
,1,5578,98,0:05.578,14.05.2025 16:58:48,,,ui.lap_update,carrera_v2_6b799dd9_992f_4f07_bcd0_a3815b27c6ec,,1747234727718,1747234727718,carrera_v2_lap_80687EFE,1307,3
,1,9205,98,0:09.205,14.05.2025 16:58:57,,,ui.lap_update,carrera_v2_6b799dd9_992f_4f07_bcd0_a3815b27c6ec,,1747234736959,1747234736959,carrera_v2_lap_80687EFE,1308,3
,1,6079,98,0:06.079,14.05.2025 16:59:03,,,ui.lap_update,carrera_v2_6b799dd9_992f_4f07_bcd0_a3815b27c6ec,,1747234743018,1747234743018,carrera_v2_lap_80687EFE,1309,3
,1,5516,98,0:05.516,14.05.2025 16:59:09,,,ui.lap_update,carrera_v2_6b799dd9_992f_4f07_bcd0_a3815b27c6ec,,1747234748538,1747234748538,carrera_v2_lap_80687EFE,1310,3
,1,14593,98,0:14.593,14.05.2025 16:59:23,,,ui.lap_update,carrera_v2_6b799dd9_992f_4f07_bcd0_a3815b27c6ec,,1747234763119,1747234763119,carrera_v2_lap_80687EFE,1311,3
,1,6879,98,0:06.879,14.05.2025 16:59:30,,,ui.lap_update,carrera_v2_6b799dd9_992f_4f07_bcd0_a3815b27c6ec,,1747234769900,1747234769900,carrera_v2_lap_80687EFE,1312,3
,1,5189,98,0:05.189,14.05.2025 16:59:35,,,ui.lap_update,carrera_v2_6b799dd9_992f_4f07_bcd0_a3815b27c6ec,,1747234775179,1747234775179,carrera_v2_lap_80687EFE,1313,3
,1,5773,98,0:05.773,14.05.2025 16:59:41,,,ui.lap_update,carrera_v2_6b799dd9_992f_4f07_bcd0_a3815b27c6ec,,1747234780819,1747234780819,carrera_v2_lap_80687EFE,1314,3
,1,5681,98,0:05.681,14.05.2025 16:59:46,,,ui.lap_update,carrera_v2_6b799dd9_992f_4f07_bcd0_a3815b27c6ec,,1747234786459,1747234786459,carrera_v2_lap_80687EFE,1315,3
,1,5392,98,0:05.392,14.05.2025 16:59:52,,,ui.lap_update,carrera_v2_6b799dd9_992f_4f07_bcd0_a3815b27c6ec,,1747234791860,1747234791860,carrera_v2_lap_80687EFE,1316,3
,1,5585,98,0:05.585,14.05.2025 16:59:57,,,ui.lap_update,carrera_v2_6b799dd9_992f_4f07_bcd0_a3815b27c6ec,,1747234797498,1747234797498,carrera_v2_lap_80687EFE,1317,3
,1,5216,98,0:05.216,14.05.2025 17:00:03,,,ui.lap_update,carrera_v2_6b799dd9_992f_4f07_bcd0_a3815b27c6ec,,1747234802659,1747234802659,carrera_v2_lap_80687EFE,1318,3
,1,5653,98,0:05.653,14.05.2025 17:00:08,,,ui.lap_update,carrera_v2_6b799dd9_992f_4f07_bcd0_a3815b27c6ec,,1747234808300,1747234808300,carrera_v2_lap_80687EFE,1319,3
,1,5598,98,0:05.598,14.05.2025 17:00:14,,,ui.lap_update,carrera_v2_6b799dd9_992f_4f07_bcd0_a3815b27c6ec,,1747234813881,1747234813881,carrera_v2_lap_80687EFE,1320,3
,1,5184,98,0:05.184,14.05.2025 17:00:19,,,ui.lap_update,carrera_v2_6b799dd9_992f_4f07_bcd0_a3815b27c6ec,,1747234818983,1747234818983,carrera_v2_lap_80687EFE,1321,3
,1,5831,98,0:05.831,14.05.2025 17:00:25,,,ui.lap_update,carrera_v2_6b799dd9_992f_4f07_bcd0_a3815b27c6ec,,1747234824861,1747234824861,carrera_v2_lap_80687EFE,1322,3
,1,5435,98,0:05.435,14.05.2025 17:00:30,,,ui.lap_update,carrera_v2_6b799dd9_992f_4f07_bcd0_a3815b27c6ec,,1747234830200,1747234830200,carrera_v2_lap_80687EFE,1323,3
,1,11754,98,0:11.754,14.05.2025 17:00:42,,,ui.lap_update,carrera_v2_6b799dd9_992f_4f07_bcd0_a3815b27c6ec,,1747234842021,1747234842021,carrera_v2_lap_80687EFE,1324,3
,1,50287,98,0:50.287,14.05.2025 17:01:32,,,ui.lap_update,carrera_v2_6b799dd9_992f_4f07_bcd0_a3815b27c6ec,,1747234892180,1747234892180,carrera_v2_lap_80687EFE,1325,3
,1,10641,98,0:10.641,14.05.2025 17:01:43,,,ui.lap_update,carrera_v2_6b799dd9_992f_4f07_bcd0_a3815b27c6ec,,1747234902681,1747234902681,carrera_v2_lap_80687EFE,1326,3
,1,5704,99,0:05.704,14.05.2025 17:01:48,,,ui.lap_update,carrera_v2_6b799dd9_992f_4f07_bcd0_a3815b27c6ec,,1747234908382,1747234908382,carrera_v2_lap_80687EFE,1327,3
,1,5305,99,0:05.305,14.05.2025 17:01:54,,,ui.lap_update,carrera_v2_6b799dd9_992f_4f07_bcd0_a3815b27c6ec,,1747234913722,1747234913722,carrera_v2_lap_80687EFE,1328,3
,1,5579,99,0:05.579,14.05.2025 17:01:59,,,ui.lap_update,carrera_v2_6b799dd9_992f_4f07_bcd0_a3815b27c6ec,,1747234919244,1747234919244,carrera_v2_lap_80687EFE,1329,3
,1,9884,99,0:09.884,14.05.2025 17:02:09,,,ui.lap_update,carrera_v2_6b799dd9_992f_4f07_bcd0_a3815b27c6ec,,1747234929084,1747234929084,carrera_v2_lap_80687EFE,1330,3
,1,5377,99,0:05.377,14.05.2025 17:02:15,,,ui.lap_update,carrera_v2_6b799dd9_992f_4f07_bcd0_a3815b27c6ec,,1747234934542,1747234934542,carrera_v2_lap_80687EFE,1331,3
,1,5243,99,0:05.243,14.05.2025 17:02:20,,,ui.lap_update,carrera_v2_6b799dd9_992f_4f07_bcd0_a3815b27c6ec,,1747234939703,1747234939703,carrera_v2_lap_80687EFE,1332,3
,1,9860,99,0:09.860,14.05.2025 17:02:30,,,ui.lap_update,carrera_v2_6b799dd9_992f_4f07_bcd0_a3815b27c6ec,,1747234949603,1747234949603,carrera_v2_lap_80687EFE,1333,3
,1,5937,99,0:05.937,14.05.2025 17:02:35,,,ui.lap_update,carrera_v2_6b799dd9_992f_4f07_bcd0_a3815b27c6ec,,1747234955485,1747234955485,carrera_v2_lap_80687EFE,1334,3
,1,5317,99,0:05.317,14.05.2025 17:02:41,,,ui.lap_update,carrera_v2_6b799dd9_992f_4f07_bcd0_a3815b27c6ec,,1747234960885,1747234960885,carrera_v2_lap_80687EFE,1335,3
,1,5701,99,0:05.701,14.05.2025 17:02:47,,,ui.lap_update,carrera_v2_6b799dd9_992f_4f07_bcd0_a3815b27c6ec,,1747234966522,1747234966522,carrera_v2_lap_80687EFE,1336,3
,1,5187,99,0:05.187,14.05.2025 17:02:52,,,ui.lap_update,carrera_v2_6b799dd9_992f_4f07_bcd0_a3815b27c6ec,,1747234971623,1747234971623,carrera_v2_lap_80687EFE,1337,3
,1,77579,99,1:17.579,14.05.2025 17:04:09,,,ui.lap_update,carrera_v2_6b799dd9_992f_4f07_bcd0_a3815b27c6ec,,1747235048907,1747235048907,carrera_v2_lap_80687EFE,1338,3
,1,20748,99,0:20.748,14.05.2025 17:04:30,,,ui.lap_update,carrera_v2_6b799dd9_992f_4f07_bcd0_a3815b27c6ec,,1747235069666,1747235069666,carrera_v2_lap_80687EFE,1339,3
,2,572399,100,9:32.399,14.05.2025 17:04:47,,,ui.lap_update,carrera_v2_6b799dd9_992f_4f07_bcd0_a3815b27c6ec,,1747235087187,1747235087187,carrera_v2_lap_80687EFE,1046,7
,1,19050,99,0:19.050,14.05.2025 17:04:49,,,ui.lap_update,carrera_v2_6b799dd9_992f_4f07_bcd0_a3815b27c6ec,,1747235088627,1747235088627,carrera_v2_lap_80687EFE,1340,3
,2,51286,100,0:51.286,14.05.2025 17:05:38,,,ui.lap_update,carrera_v2_6b799dd9_992f_4f07_bcd0_a3815b27c6ec,,1747235138129,1747235138129,carrera_v2_lap_80687EFE,1047,7
,2,5729,100,0:05.729,14.05.2025 17:05:44,,,ui.lap_update,carrera_v2_6b799dd9_992f_4f07_bcd0_a3815b27c6ec,,1747235144009,1747235144009,carrera_v2_lap_80687EFE,1048,7
,1,59559,101,0:59.559,14.05.2025 17:05:48,,,ui.lap_update,carrera_v2_6b799dd9_992f_4f07_bcd0_a3815b27c6ec,,1747235148030,1747235148030,carrera_v2_lap_80687EFE,1341,3
,2,7410,100,0:07.410,14.05.2025 17:05:51,,,ui.lap_update,carrera_v2_6b799dd9_992f_4f07_bcd0_a3815b27c6ec,,1747235151328,1747235151328,carrera_v2_lap_80687EFE,1049,7
,1,22266,101,0:22.266,14.05.2025 17:06:10,,,ui.lap_update,carrera_v2_6b799dd9_992f_4f07_bcd0_a3815b27c6ec,,1747235170227,1747235170227,carrera_v2_lap_80687EFE,1342,3
,1,10583,101,0:10.583,14.05.2025 17:06:21,,,ui.lap_update,carrera_v2_6b799dd9_992f_4f07_bcd0_a3815b27c6ec,,1747235180728,1747235180728,carrera_v2_lap_80687EFE,1343,3
,1,9438,101,0:09.438,14.05.2025 17:06:30,,,ui.lap_update,carrera_v2_6b799dd9_992f_4f07_bcd0_a3815b27c6ec,,1747235190148,1747235190148,carrera_v2_lap_80687EFE,1344,3
,1,19157,101,0:19.157,14.05.2025 17:06:49,,,ui.lap_update,carrera_v2_6b799dd9_992f_4f07_bcd0_a3815b27c6ec,,1747235209290,1747235209290,carrera_v2_lap_80687EFE,1345,3
,1,7244,101,0:07.244,14.05.2025 17:06:56,,,ui.lap_update,carrera_v2_6b799dd9_992f_4f07_bcd0_a3815b27c6ec,,1747235216489,1747235216489,carrera_v2_lap_80687EFE,1346,3
,1,7243,101,0:07.243,14.05.2025 17:07:04,,,ui.lap_update,carrera_v2_6b799dd9_992f_4f07_bcd0_a3815b27c6ec,,1747235223748,1747235223748,carrera_v2_lap_80687EFE,1347,3
,1,7252,101,0:07.252,14.05.2025 17:07:11,,,ui.lap_update,carrera_v2_6b799dd9_992f_4f07_bcd0_a3815b27c6ec,,1747235231070,1747235231070,carrera_v2_lap_80687EFE,1348,3
,2,81307,100,1:21.307,14.05.2025 17:07:12,,,ui.lap_update,carrera_v2_6b799dd9_992f_4f07_bcd0_a3815b27c6ec,,1747235232391,1747235232391,carrera_v2_lap_80687EFE,1050,7
,1,10117,101,0:10.117,14.05.2025 17:07:21,,,ui.lap_update,carrera_v2_6b799dd9_992f_4f07_bcd0_a3815b27c6ec,,1747235241091,1747235241091,carrera_v2_lap_80687EFE,1349,3
,2,11278,100,0:11.278,14.05.2025 17:07:24,,,ui.lap_update,carrera_v2_6b799dd9_992f_4f07_bcd0_a3815b27c6ec,,1747235243551,1747235243551,carrera_v2_lap_80687EFE,1051,7
,2,5974,100,0:05.974,14.05.2025 17:07:30,,,ui.lap_update,carrera_v2_6b799dd9_992f_4f07_bcd0_a3815b27c6ec,,1747235249551,1747235249551,carrera_v2_lap_80687EFE,1052,7
,2,10700,100,0:10.700,14.05.2025 17:07:40,,,ui.lap_update,carrera_v2_6b799dd9_992f_4f07_bcd0_a3815b27c6ec,,1747235260230,1747235260230,carrera_v2_lap_80687EFE,1053,7
,1,20154,101,0:20.154,14.05.2025 17:07:41,,,ui.lap_update,carrera_v2_6b799dd9_992f_4f07_bcd0_a3815b27c6ec,,1747235261070,1747235261070,carrera_v2_lap_80687EFE,1350,3
,2,6671,100,0:06.671,14.05.2025 17:07:47,,,ui.lap_update,carrera_v2_6b799dd9_992f_4f07_bcd0_a3815b27c6ec,,1747235266830,1747235266830,carrera_v2_lap_80687EFE,1054,7
,1,12223,101,0:12.223,14.05.2025 17:07:53,,,ui.lap_update,carrera_v2_6b799dd9_992f_4f07_bcd0_a3815b27c6ec,,1747235273252,1747235273252,carrera_v2_lap_80687EFE,1351,3
,2,6500,100,0:06.500,14.05.2025 17:07:53,,,ui.lap_update,carrera_v2_6b799dd9_992f_4f07_bcd0_a3815b27c6ec,,1747235273432,1747235273432,carrera_v2_lap_80687EFE,1055,7
,1,13404,101,0:13.404,14.05.2025 17:08:07,,,ui.lap_update,carrera_v2_6b799dd9_992f_4f07_bcd0_a3815b27c6ec,,1747235286691,1747235286691,carrera_v2_lap_80687EFE,1352,3
,1,7868,101,0:07.868,14.05.2025 17:08:15,,,ui.lap_update,carrera_v2_6b799dd9_992f_4f07_bcd0_a3815b27c6ec,,1747235294552,1747235294552,carrera_v2_lap_80687EFE,1353,3
,1,7417,101,0:07.417,14.05.2025 17:08:22,,,ui.lap_update,carrera_v2_6b799dd9_992f_4f07_bcd0_a3815b27c6ec,,1747235301930,1747235301930,carrera_v2_lap_80687EFE,1354,3
,2,951231,100,15:51.231,14.05.2025 17:23:42,,,ui.lap_update,carrera_v2_6b799dd9_992f_4f07_bcd0_a3815b27c6ec,,1747236221694,1747236221694,carrera_v2_lap_80687EFE,1056,7
,2,7029,100,0:07.029,14.05.2025 17:23:49,,,ui.lap_update,carrera_v2_6b799dd9_992f_4f07_bcd0_a3815b27c6ec,,1747236228713,1747236228713,carrera_v2_lap_80687EFE,1057,7
,1,941275,101,15:41.275,14.05.2025 17:24:00,,,ui.lap_update,carrera_v2_6b799dd9_992f_4f07_bcd0_a3815b27c6ec,,1747236240353,1747236240353,carrera_v2_lap_80687EFE,1355,3
,2,13661,100,0:13.661,14.05.2025 17:24:02,,,ui.lap_update,carrera_v2_6b799dd9_992f_4f07_bcd0_a3815b27c6ec,,1747236242394,1747236242394,carrera_v2_lap_80687EFE,1058,7
,2,10529,100,0:10.529,14.05.2025 17:24:13,,,ui.lap_update,carrera_v2_6b799dd9_992f_4f07_bcd0_a3815b27c6ec,,1747236252833,1747236252833,carrera_v2_lap_80687EFE,1059,7
,1,12775,101,0:12.775,14.05.2025 17:24:13,,,ui.lap_update,carrera_v2_6b799dd9_992f_4f07_bcd0_a3815b27c6ec,,1747236253072,1747236253072,carrera_v2_lap_80687EFE,1356,3
,1,22369,101,0:22.369,14.05.2025 17:24:35,,,ui.lap_update,carrera_v2_6b799dd9_992f_4f07_bcd0_a3815b27c6ec,,1747236275334,1747236275334,carrera_v2_lap_80687EFE,1357,3
,1,2408,101,0:02.408,14.05.2025 17:24:38,,,ui.lap_update,carrera_v2_6b799dd9_992f_4f07_bcd0_a3815b27c6ec,,1747236277735,1747236277735,carrera_v2_lap_80687EFE,1358,3
,1,10562,101,0:10.562,14.05.2025 17:25:07,,,ui.lap_update,carrera_v2_6b799dd9_992f_4f07_bcd0_a3815b27c6ec,,1747236307374,1747236307374,carrera_v2_lap_80687EFE,1359,3
,2,36048,100,0:36.048,14.05.2025 17:25:08,,,ui.lap_update,carrera_v2_6b799dd9_992f_4f07_bcd0_a3815b27c6ec,,1747236307855,1747236307855,carrera_v2_lap_80687EFE,1060,7
,2,6973,100,0:06.973,14.05.2025 17:25:15,,,ui.lap_update,carrera_v2_6b799dd9_992f_4f07_bcd0_a3815b27c6ec,,1747236314815,1747236314815,carrera_v2_lap_80687EFE,1061,7
,1,8091,101,0:08.091,14.05.2025 17:25:15,,,ui.lap_update,carrera_v2_6b799dd9_992f_4f07_bcd0_a3815b27c6ec,,1747236315475,1747236315475,carrera_v2_lap_80687EFE,1360,3
,2,7859,100,0:07.859,14.05.2025 17:25:23,,,ui.lap_update,carrera_v2_6b799dd9_992f_4f07_bcd0_a3815b27c6ec,,1747236322675,1747236322675,carrera_v2_lap_80687EFE,1062,7
,1,7904,101,0:07.904,14.05.2025 17:25:23,,,ui.lap_update,carrera_v2_6b799dd9_992f_4f07_bcd0_a3815b27c6ec,,1747236323274,1747236323274,carrera_v2_lap_80687EFE,1361,3
,2,6339,100,0:06.339,14.05.2025 17:25:29,,,ui.lap_update,carrera_v2_6b799dd9_992f_4f07_bcd0_a3815b27c6ec,,1747236328915,1747236328915,carrera_v2_lap_80687EFE,1063,7
,1,7454,101,0:07.454,14.05.2025 17:25:31,,,ui.lap_update,carrera_v2_6b799dd9_992f_4f07_bcd0_a3815b27c6ec,,1747236330775,1747236330775,carrera_v2_lap_80687EFE,1362,3
,2,6631,100,0:06.631,14.05.2025 17:25:36,,,ui.lap_update,carrera_v2_6b799dd9_992f_4f07_bcd0_a3815b27c6ec,,1747236335574,1747236335574,carrera_v2_lap_80687EFE,1064,7
,1,6740,101,0:06.740,14.05.2025 17:25:37,,,ui.lap_update,carrera_v2_6b799dd9_992f_4f07_bcd0_a3815b27c6ec,,1747236337494,1747236337494,carrera_v2_lap_80687EFE,1363,3
,2,6443,100,0:06.443,14.05.2025 17:25:42,,,ui.lap_update,carrera_v2_6b799dd9_992f_4f07_bcd0_a3815b27c6ec,,1747236341936,1747236341936,carrera_v2_lap_80687EFE,1065,7
,1,7394,101,0:07.394,14.05.2025 17:25:45,,,ui.lap_update,carrera_v2_6b799dd9_992f_4f07_bcd0_a3815b27c6ec,,1747236344876,1747236344876,carrera_v2_lap_80687EFE,1364,3
,2,5932,100,0:05.932,14.05.2025 17:25:48,,,ui.lap_update,carrera_v2_6b799dd9_992f_4f07_bcd0_a3815b27c6ec,,1747236347875,1747236347875,carrera_v2_lap_80687EFE,1066,7
,2,8789,100,0:08.789,14.05.2025 17:25:57,,,ui.lap_update,carrera_v2_6b799dd9_992f_4f07_bcd0_a3815b27c6ec,,1747236356637,1747236356637,carrera_v2_lap_80687EFE,1067,7
,1,11910,101,0:11.910,14.05.2025 17:25:57,,,ui.lap_update,carrera_v2_6b799dd9_992f_4f07_bcd0_a3815b27c6ec,,1747236356755,1747236356755,carrera_v2_lap_80687EFE,1365,3
,2,5754,100,0:05.754,14.05.2025 17:26:02,,,ui.lap_update,carrera_v2_6b799dd9_992f_4f07_bcd0_a3815b27c6ec,,1747236362457,1747236362457,carrera_v2_lap_80687EFE,1068,7
,1,15369,101,0:15.369,14.05.2025 17:26:12,,,ui.lap_update,carrera_v2_6b799dd9_992f_4f07_bcd0_a3815b27c6ec,,1747236371995,1747236371995,carrera_v2_lap_80687EFE,1366,3
,2,10444,100,0:10.444,14.05.2025 17:26:13,,,ui.lap_update,carrera_v2_6b799dd9_992f_4f07_bcd0_a3815b27c6ec,,1747236372776,1747236372776,carrera_v2_lap_80687EFE,1069,7
,1,15220,101,0:15.220,14.05.2025 17:26:27,,,ui.lap_update,carrera_v2_6b799dd9_992f_4f07_bcd0_a3815b27c6ec,,1747236387175,1747236387175,carrera_v2_lap_80687EFE,1367,3
,2,18284,100,0:18.284,14.05.2025 17:26:31,,,ui.lap_update,carrera_v2_6b799dd9_992f_4f07_bcd0_a3815b27c6ec,,1747236391077,1747236391077,carrera_v2_lap_80687EFE,1070,7
,1,8542,101,0:08.542,14.05.2025 17:26:36,,,ui.lap_update,carrera_v2_6b799dd9_992f_4f07_bcd0_a3815b27c6ec,,1747236395816,1747236395816,carrera_v2_lap_80687EFE,1368,3
,2,7703,100,0:07.703,14.05.2025 17:26:39,,,ui.lap_update,carrera_v2_6b799dd9_992f_4f07_bcd0_a3815b27c6ec,,1747236398757,1747236398757,carrera_v2_lap_80687EFE,1071,7
,1,8604,101,0:08.604,14.05.2025 17:26:44,,,ui.lap_update,carrera_v2_6b799dd9_992f_4f07_bcd0_a3815b27c6ec,,1747236404336,1747236404336,carrera_v2_lap_80687EFE,1369,3
,2,6776,100,0:06.776,14.05.2025 17:26:45,,,ui.lap_update,carrera_v2_6b799dd9_992f_4f07_bcd0_a3815b27c6ec,,1747236405478,1747236405478,carrera_v2_lap_80687EFE,1072,7
,2,6145,100,0:06.145,14.05.2025 17:26:52,,,ui.lap_update,carrera_v2_6b799dd9_992f_4f07_bcd0_a3815b27c6ec,,1747236411536,1747236411536,carrera_v2_lap_80687EFE,1073,7
,1,8241,101,0:08.241,14.05.2025 17:26:53,,,ui.lap_update,carrera_v2_6b799dd9_992f_4f07_bcd0_a3815b27c6ec,,1747236412556,1747236412556,carrera_v2_lap_80687EFE,1370,3
,2,5817,100,0:05.817,14.05.2025 17:26:57,,,ui.lap_update,carrera_v2_6b799dd9_992f_4f07_bcd0_a3815b27c6ec,,1747236417356,1747236417356,carrera_v2_lap_80687EFE,1074,7
,1,7804,101,0:07.804,14.05.2025 17:27:00,,,ui.lap_update,carrera_v2_6b799dd9_992f_4f07_bcd0_a3815b27c6ec,,1747236420298,1747236420298,carrera_v2_lap_80687EFE,1371,3
,2,6599,100,0:06.599,14.05.2025 17:27:04,,,ui.lap_update,carrera_v2_6b799dd9_992f_4f07_bcd0_a3815b27c6ec,,1747236423955,1747236423955,carrera_v2_lap_80687EFE,1075,7
,1,7095,101,0:07.095,14.05.2025 17:27:07,,,ui.lap_update,carrera_v2_6b799dd9_992f_4f07_bcd0_a3815b27c6ec,,1747236427378,1747236427378,carrera_v2_lap_80687EFE,1372,3
,2,5710,100,0:05.710,14.05.2025 17:27:10,,,ui.lap_update,carrera_v2_6b799dd9_992f_4f07_bcd0_a3815b27c6ec,,1747236429720,1747236429720,carrera_v2_lap_80687EFE,1076,7
,1,7011,101,0:07.011,14.05.2025 17:27:14,,,ui.lap_update,carrera_v2_6b799dd9_992f_4f07_bcd0_a3815b27c6ec,,1747236434397,1747236434397,carrera_v2_lap_80687EFE,1373,3
,2,5859,100,0:05.859,14.05.2025 17:27:16,,,ui.lap_update,carrera_v2_6b799dd9_992f_4f07_bcd0_a3815b27c6ec,,1747236435538,1747236435538,carrera_v2_lap_80687EFE,1077,7
,1,10578,101,0:10.578,14.05.2025 17:27:25,,,ui.lap_update,carrera_v2_6b799dd9_992f_4f07_bcd0_a3815b27c6ec,,1747236445017,1747236445017,carrera_v2_lap_80687EFE,1374,3
,2,9471,100,0:09.471,14.05.2025 17:27:25,,,ui.lap_update,carrera_v2_6b799dd9_992f_4f07_bcd0_a3815b27c6ec,,1747236445198,1747236445198,carrera_v2_lap_80687EFE,1078,7
,1,17841,101,0:17.841,14.05.2025 17:27:43,,,ui.lap_update,carrera_v2_6b799dd9_992f_4f07_bcd0_a3815b27c6ec,,1747236462658,1747236462658,carrera_v2_lap_80687EFE,1375,3
,1,23584,101,0:23.584,14.05.2025 17:28:06,,,ui.lap_update,carrera_v2_6b799dd9_992f_4f07_bcd0_a3815b27c6ec,,1747236486179,1747236486179,carrera_v2_lap_80687EFE,1376,3
,2,44948,100,0:44.948,14.05.2025 17:28:10,,,ui.lap_update,carrera_v2_6b799dd9_992f_4f07_bcd0_a3815b27c6ec,,1747236489782,1747236489782,carrera_v2_lap_80687EFE,1079,7
,1,7135,101,0:07.135,14.05.2025 17:28:13,,,ui.lap_update,carrera_v2_6b799dd9_992f_4f07_bcd0_a3815b27c6ec,,1747236493322,1747236493322,carrera_v2_lap_80687EFE,1377,3
,1,16158,101,0:16.158,14.05.2025 17:28:29,,,ui.lap_update,carrera_v2_6b799dd9_992f_4f07_bcd0_a3815b27c6ec,,1747236509399,1747236509399,carrera_v2_lap_80687EFE,1378,3
,2,19788,100,0:19.788,14.05.2025 17:28:30,,,ui.lap_update,carrera_v2_6b799dd9_992f_4f07_bcd0_a3815b27c6ec,,1747236509519,1747236509519,carrera_v2_lap_80687EFE,1080,7
,2,13314,100,0:13.314,14.05.2025 17:28:43,,,ui.lap_update,carrera_v2_6b799dd9_992f_4f07_bcd0_a3815b27c6ec,,1747236522840,1747236522840,carrera_v2_lap_80687EFE,1081,7
,1,13594,101,0:13.594,14.05.2025 17:28:43,,,ui.lap_update,carrera_v2_6b799dd9_992f_4f07_bcd0_a3815b27c6ec,,1747236522960,1747236522960,carrera_v2_lap_80687EFE,1379,3
,2,9639,100,0:09.639,14.05.2025 17:28:52,,,ui.lap_update,carrera_v2_6b799dd9_992f_4f07_bcd0_a3815b27c6ec,,1747236532382,1747236532382,carrera_v2_lap_80687EFE,1082,7
,1,10852,101,0:10.852,14.05.2025 17:28:54,,,ui.lap_update,carrera_v2_6b799dd9_992f_4f07_bcd0_a3815b27c6ec,,1747236533820,1747236533820,carrera_v2_lap_80687EFE,1380,3
,1,9153,101,0:09.153,14.05.2025 17:29:03,,,ui.lap_update,carrera_v2_6b799dd9_992f_4f07_bcd0_a3815b27c6ec,,1747236543003,1747236543003,carrera_v2_lap_80687EFE,1381,3
,2,11157,100,0:11.157,14.05.2025 17:29:03,,,ui.lap_update,carrera_v2_6b799dd9_992f_4f07_bcd0_a3815b27c6ec,,1747236543479,1747236543479,carrera_v2_lap_80687EFE,1083,7
,2,11668,100,0:11.668,14.05.2025 17:29:15,,,ui.lap_update,carrera_v2_6b799dd9_992f_4f07_bcd0_a3815b27c6ec,,1747236555241,1747236555241,carrera_v2_lap_80687EFE,1084,7
,1,12525,101,0:12.525,14.05.2025 17:29:15,,,ui.lap_update,carrera_v2_6b799dd9_992f_4f07_bcd0_a3815b27c6ec,,1747236555480,1747236555480,carrera_v2_lap_80687EFE,1382,3
,2,12054,100,0:12.054,14.05.2025 17:29:27,,,ui.lap_update,carrera_v2_6b799dd9_992f_4f07_bcd0_a3815b27c6ec,,1747236567180,1747236567180,carrera_v2_lap_80687EFE,1085,7
,1,12629,101,0:12.629,14.05.2025 17:29:28,,,ui.lap_update,carrera_v2_6b799dd9_992f_4f07_bcd0_a3815b27c6ec,,1747236568020,1747236568020,carrera_v2_lap_80687EFE,1383,3
,2,7767,100,0:07.767,14.05.2025 17:29:35,,,ui.lap_update,carrera_v2_6b799dd9_992f_4f07_bcd0_a3815b27c6ec,,1747236574921,1747236574921,carrera_v2_lap_80687EFE,1086,7
,1,6939,101,0:06.939,14.05.2025 17:29:35,,,ui.lap_update,carrera_v2_6b799dd9_992f_4f07_bcd0_a3815b27c6ec,,1747236575040,1747236575040,carrera_v2_lap_80687EFE,1384,3
,1,5940,101,0:05.940,14.05.2025 17:29:41,,,ui.lap_update,carrera_v2_6b799dd9_992f_4f07_bcd0_a3815b27c6ec,,1747236580861,1747236580861,carrera_v2_lap_80687EFE,1385,3
,2,95367,42,1:35.367,14.05.2025 17:31:10,,,ui.lap_update,carrera_v2_6b799dd9_992f_4f07_bcd0_a3815b27c6ec,,1747236669964,1747236669964,carrera_v2_lap_80687EFE,1087,7
,1,90096,102,1:30.096,14.05.2025 17:31:11,,,ui.lap_update,carrera_v2_6b799dd9_992f_4f07_bcd0_a3815b27c6ec,,1747236670743,1747236670743,carrera_v2_lap_80687EFE,1386,3
,2,6019,42,0:06.019,14.05.2025 17:31:16,,,ui.lap_update,carrera_v2_6b799dd9_992f_4f07_bcd0_a3815b27c6ec,,1747236676023,1747236676023,carrera_v2_lap_80687EFE,1088,7
,1,7171,102,0:07.171,14.05.2025 17:31:18,,,ui.lap_update,carrera_v2_6b799dd9_992f_4f07_bcd0_a3815b27c6ec,,1747236677823,1747236677823,carrera_v2_lap_80687EFE,1387,3
,2,6140,42,0:06.140,14.05.2025 17:31:22,,,ui.lap_update,carrera_v2_6b799dd9_992f_4f07_bcd0_a3815b27c6ec,,1747236682023,1747236682023,carrera_v2_lap_80687EFE,1089,7
,2,6220,42,0:06.220,14.05.2025 17:31:28,,,ui.lap_update,carrera_v2_6b799dd9_992f_4f07_bcd0_a3815b27c6ec,,1747236688263,1747236688263,carrera_v2_lap_80687EFE,1090,7
,1,11291,102,0:11.291,14.05.2025 17:31:29,,,ui.lap_update,carrera_v2_6b799dd9_992f_4f07_bcd0_a3815b27c6ec,,1747236689103,1747236689103,carrera_v2_lap_80687EFE,1388,3
,2,6216,42,0:06.216,14.05.2025 17:31:35,,,ui.lap_update,carrera_v2_6b799dd9_992f_4f07_bcd0_a3815b27c6ec,,1747236694503,1747236694503,carrera_v2_lap_80687EFE,1091,7
,1,11176,102,0:11.176,14.05.2025 17:31:40,,,ui.lap_update,carrera_v2_6b799dd9_992f_4f07_bcd0_a3815b27c6ec,,1747236700146,1747236700146,carrera_v2_lap_80687EFE,1389,3
,2,6732,42,0:06.732,14.05.2025 17:31:41,,,ui.lap_update,carrera_v2_6b799dd9_992f_4f07_bcd0_a3815b27c6ec,,1747236701164,1747236701164,carrera_v2_lap_80687EFE,1092,7
,1,6218,102,0:06.218,14.05.2025 17:31:46,,,ui.lap_update,carrera_v2_6b799dd9_992f_4f07_bcd0_a3815b27c6ec,,1747236706443,1747236706443,carrera_v2_lap_80687EFE,1390,3
,2,5949,42,0:05.949,14.05.2025 17:31:47,,,ui.lap_update,carrera_v2_6b799dd9_992f_4f07_bcd0_a3815b27c6ec,,1747236707164,1747236707164,carrera_v2_lap_80687EFE,1093,7
,1,6548,102,0:06.548,14.05.2025 17:31:53,,,ui.lap_update,carrera_v2_6b799dd9_992f_4f07_bcd0_a3815b27c6ec,,1747236712984,1747236712984,carrera_v2_lap_80687EFE,1391,3
,2,6033,42,0:06.033,14.05.2025 17:31:53,,,ui.lap_update,carrera_v2_6b799dd9_992f_4f07_bcd0_a3815b27c6ec,,1747236713104,1747236713104,carrera_v2_lap_80687EFE,1094,7
,2,10712,42,0:10.712,14.05.2025 17:32:04,,,ui.lap_update,carrera_v2_6b799dd9_992f_4f07_bcd0_a3815b27c6ec,,1747236723784,1747236723784,carrera_v2_lap_80687EFE,1095,7
,1,11178,102,0:11.178,14.05.2025 17:32:04,,,ui.lap_update,carrera_v2_6b799dd9_992f_4f07_bcd0_a3815b27c6ec,,1747236724025,1747236724025,carrera_v2_lap_80687EFE,1392,3
,2,5800,42,0:05.800,14.05.2025 17:32:10,,,ui.lap_update,carrera_v2_6b799dd9_992f_4f07_bcd0_a3815b27c6ec,,1747236729604,1747236729604,carrera_v2_lap_80687EFE,1096,7
,1,10677,102,0:10.677,14.05.2025 17:32:15,,,ui.lap_update,carrera_v2_6b799dd9_992f_4f07_bcd0_a3815b27c6ec,,1747236734764,1747236734764,carrera_v2_lap_80687EFE,1393,3
,2,6399,42,0:06.399,14.05.2025 17:32:16,,,ui.lap_update,carrera_v2_6b799dd9_992f_4f07_bcd0_a3815b27c6ec,,1747236735964,1747236735964,carrera_v2_lap_80687EFE,1097,7
,1,6574,102,0:06.574,14.05.2025 17:32:21,,,ui.lap_update,carrera_v2_6b799dd9_992f_4f07_bcd0_a3815b27c6ec,,1747236741365,1747236741365,carrera_v2_lap_80687EFE,1394,3
,2,5630,42,0:05.630,14.05.2025 17:32:22,,,ui.lap_update,carrera_v2_6b799dd9_992f_4f07_bcd0_a3815b27c6ec,,1747236741546,1747236741546,carrera_v2_lap_80687EFE,1098,7
,2,5959,42,0:05.959,14.05.2025 17:32:28,,,ui.lap_update,carrera_v2_6b799dd9_992f_4f07_bcd0_a3815b27c6ec,,1747236747546,1747236747546,carrera_v2_lap_80687EFE,1099,7
,1,6616,102,0:06.616,14.05.2025 17:32:28,,,ui.lap_update,carrera_v2_6b799dd9_992f_4f07_bcd0_a3815b27c6ec,,1747236747903,1747236747903,carrera_v2_lap_80687EFE,1395,3
,2,5357,42,0:05.357,14.05.2025 17:32:33,,,ui.lap_update,carrera_v2_6b799dd9_992f_4f07_bcd0_a3815b27c6ec,,1747236752944,1747236752944,carrera_v2_lap_80687EFE,1100,7
,1,6250,102,0:06.250,14.05.2025 17:32:34,,,ui.lap_update,carrera_v2_6b799dd9_992f_4f07_bcd0_a3815b27c6ec,,1747236754146,1747236754146,carrera_v2_lap_80687EFE,1396,3
,2,5311,42,0:05.311,14.05.2025 17:32:38,,,ui.lap_update,carrera_v2_6b799dd9_992f_4f07_bcd0_a3815b27c6ec,,1747236758166,1747236758166,carrera_v2_lap_80687EFE,1101,7
,1,9573,102,0:09.573,14.05.2025 17:32:44,,,ui.lap_update,carrera_v2_6b799dd9_992f_4f07_bcd0_a3815b27c6ec,,1747236763625,1747236763625,carrera_v2_lap_80687EFE,1397,3
,2,5887,42,0:05.887,14.05.2025 17:32:44,,,ui.lap_update,carrera_v2_6b799dd9_992f_4f07_bcd0_a3815b27c6ec,,1747236763986,1747236763986,carrera_v2_lap_80687EFE,1102,7
,1,11954,102,0:11.954,14.05.2025 17:32:56,,,ui.lap_update,carrera_v2_6b799dd9_992f_4f07_bcd0_a3815b27c6ec,,1747236775624,1747236775624,carrera_v2_lap_80687EFE,1398,3
,2,14024,42,0:14.024,14.05.2025 17:32:58,,,ui.lap_update,carrera_v2_6b799dd9_992f_4f07_bcd0_a3815b27c6ec,,1747236777966,1747236777966,carrera_v2_lap_80687EFE,1103,7
,2,12836,42,0:12.836,14.05.2025 17:33:11,,,ui.lap_update,carrera_v2_6b799dd9_992f_4f07_bcd0_a3815b27c6ec,,1747236790866,1747236790866,carrera_v2_lap_80687EFE,1104,7
,1,16195,102,0:16.195,14.05.2025 17:33:12,,,ui.lap_update,carrera_v2_6b799dd9_992f_4f07_bcd0_a3815b27c6ec,,1747236791706,1747236791706,carrera_v2_lap_80687EFE,1399,3
,2,7015,42,0:07.015,14.05.2025 17:33:18,,,ui.lap_update,carrera_v2_6b799dd9_992f_4f07_bcd0_a3815b27c6ec,,1747236797826,1747236797826,carrera_v2_lap_80687EFE,1105,7
,1,6693,102,0:06.693,14.05.2025 17:33:18,,,ui.lap_update,carrera_v2_6b799dd9_992f_4f07_bcd0_a3815b27c6ec,,1747236798425,1747236798425,carrera_v2_lap_80687EFE,1400,3
,2,5824,42,0:05.824,14.05.2025 17:33:24,,,ui.lap_update,carrera_v2_6b799dd9_992f_4f07_bcd0_a3815b27c6ec,,1747236803647,1747236803647,carrera_v2_lap_80687EFE,1106,7
,1,6603,102,0:06.603,14.05.2025 17:33:25,,,ui.lap_update,carrera_v2_6b799dd9_992f_4f07_bcd0_a3815b27c6ec,,1747236804965,1747236804965,carrera_v2_lap_80687EFE,1401,3
,2,5299,42,0:05.299,14.05.2025 17:33:29,,,ui.lap_update,carrera_v2_6b799dd9_992f_4f07_bcd0_a3815b27c6ec,,1747236808866,1747236808866,carrera_v2_lap_80687EFE,1107,7
,1,6505,102,0:06.505,14.05.2025 17:33:31,,,ui.lap_update,carrera_v2_6b799dd9_992f_4f07_bcd0_a3815b27c6ec,,1747236811445,1747236811445,carrera_v2_lap_80687EFE,1402,3
,2,5820,42,0:05.820,14.05.2025 17:33:35,,,ui.lap_update,carrera_v2_6b799dd9_992f_4f07_bcd0_a3815b27c6ec,,1747236814746,1747236814746,carrera_v2_lap_80687EFE,1108,7
,1,11161,102,0:11.161,14.05.2025 17:33:43,,,ui.lap_update,carrera_v2_6b799dd9_992f_4f07_bcd0_a3815b27c6ec,,1747236822607,1747236822607,carrera_v2_lap_80687EFE,1403,3
,1,5358,102,0:05.358,14.05.2025 17:33:48,,,ui.lap_update,carrera_v2_6b799dd9_992f_4f07_bcd0_a3815b27c6ec,,1747236827887,1747236827887,carrera_v2_lap_80687EFE,1404,3
,2,16354,42,0:16.354,14.05.2025 17:33:51,,,ui.lap_update,carrera_v2_6b799dd9_992f_4f07_bcd0_a3815b27c6ec,,1747236831007,1747236831007,carrera_v2_lap_80687EFE,1109,7
,1,6315,102,0:06.315,14.05.2025 17:33:54,,,ui.lap_update,carrera_v2_6b799dd9_992f_4f07_bcd0_a3815b27c6ec,,1747236834245,1747236834245,carrera_v2_lap_80687EFE,1405,3
,2,5764,42,0:05.764,14.05.2025 17:33:57,,,ui.lap_update,carrera_v2_6b799dd9_992f_4f07_bcd0_a3815b27c6ec,,1747236836831,1747236836831,carrera_v2_lap_80687EFE,1110,7
,2,5286,42,0:05.286,14.05.2025 17:34:02,,,ui.lap_update,carrera_v2_6b799dd9_992f_4f07_bcd0_a3815b27c6ec,,1747236841989,1747236841989,carrera_v2_lap_80687EFE,1111,7
,1,16915,102,0:16.915,14.05.2025 17:34:11,,,ui.lap_update,carrera_v2_6b799dd9_992f_4f07_bcd0_a3815b27c6ec,,1747236851048,1747236851048,carrera_v2_lap_80687EFE,1406,3
,2,12978,42,0:12.978,14.05.2025 17:34:15,,,ui.lap_update,carrera_v2_6b799dd9_992f_4f07_bcd0_a3815b27c6ec,,1747236855010,1747236855010,carrera_v2_lap_80687EFE,1112,7
,1,8319,102,0:08.319,14.05.2025 17:34:19,,,ui.lap_update,carrera_v2_6b799dd9_992f_4f07_bcd0_a3815b27c6ec,,1747236859387,1747236859387,carrera_v2_lap_80687EFE,1407,3
,2,5928,42,0:05.928,14.05.2025 17:34:21,,,ui.lap_update,carrera_v2_6b799dd9_992f_4f07_bcd0_a3815b27c6ec,,1747236860827,1747236860827,carrera_v2_lap_80687EFE,1113,7
,1,6670,102,0:06.670,14.05.2025 17:34:26,,,ui.lap_update,carrera_v2_6b799dd9_992f_4f07_bcd0_a3815b27c6ec,,1747236866048,1747236866048,carrera_v2_lap_80687EFE,1408,3
,2,5340,42,0:05.340,14.05.2025 17:34:26,,,ui.lap_update,carrera_v2_6b799dd9_992f_4f07_bcd0_a3815b27c6ec,,1747236866167,1747236866167,carrera_v2_lap_80687EFE,1114,7
,2,5270,42,0:05.270,14.05.2025 17:34:31,,,ui.lap_update,carrera_v2_6b799dd9_992f_4f07_bcd0_a3815b27c6ec,,1747236871388,1747236871388,carrera_v2_lap_80687EFE,1115,7
,1,17330,102,0:17.330,14.05.2025 17:34:43,,,ui.lap_update,carrera_v2_6b799dd9_992f_4f07_bcd0_a3815b27c6ec,,1747236883328,1747236883328,carrera_v2_lap_80687EFE,1409,3
,2,12936,42,0:12.936,14.05.2025 17:34:44,,,ui.lap_update,carrera_v2_6b799dd9_992f_4f07_bcd0_a3815b27c6ec,,1747236884288,1747236884288,carrera_v2_lap_80687EFE,1116,7
,1,6482,102,0:06.482,14.05.2025 17:34:50,,,ui.lap_update,carrera_v2_6b799dd9_992f_4f07_bcd0_a3815b27c6ec,,1747236889749,1747236889749,carrera_v2_lap_80687EFE,1410,3
,2,5797,42,0:05.797,14.05.2025 17:34:50,,,ui.lap_update,carrera_v2_6b799dd9_992f_4f07_bcd0_a3815b27c6ec,,1747236890168,1747236890168,carrera_v2_lap_80687EFE,1117,7
,2,6242,42,0:06.242,14.05.2025 17:34:56,,,ui.lap_update,carrera_v2_6b799dd9_992f_4f07_bcd0_a3815b27c6ec,,1747236896469,1747236896469,carrera_v2_lap_80687EFE,1118,7
,1,9551,102,0:09.551,14.05.2025 17:34:59,,,ui.lap_update,carrera_v2_6b799dd9_992f_4f07_bcd0_a3815b27c6ec,,1747236899289,1747236899289,carrera_v2_lap_80687EFE,1411,3
,2,5272,42,0:05.272,14.05.2025 17:35:02,,,ui.lap_update,carrera_v2_6b799dd9_992f_4f07_bcd0_a3815b27c6ec,,1747236901569,1747236901569,carrera_v2_lap_80687EFE,1119,7
,1,5775,102,0:05.775,14.05.2025 17:35:05,,,ui.lap_update,carrera_v2_6b799dd9_992f_4f07_bcd0_a3815b27c6ec,,1747236905049,1747236905049,carrera_v2_lap_80687EFE,1412,3
,2,5195,42,0:05.195,14.05.2025 17:35:07,,,ui.lap_update,carrera_v2_6b799dd9_992f_4f07_bcd0_a3815b27c6ec,,1747236906732,1747236906732,carrera_v2_lap_80687EFE,1120,7
,1,5921,102,0:05.921,14.05.2025 17:35:11,,,ui.lap_update,carrera_v2_6b799dd9_992f_4f07_bcd0_a3815b27c6ec,,1747236910988,1747236910988,carrera_v2_lap_80687EFE,1413,3
,2,5845,42,0:05.845,14.05.2025 17:35:13,,,ui.lap_update,carrera_v2_6b799dd9_992f_4f07_bcd0_a3815b27c6ec,,1747236912788,1747236912788,carrera_v2_lap_80687EFE,1121,7
,2,5421,42,0:05.421,14.05.2025 17:35:18,,,ui.lap_update,carrera_v2_6b799dd9_992f_4f07_bcd0_a3815b27c6ec,,1747236918129,1747236918129,carrera_v2_lap_80687EFE,1122,7
,1,9295,102,0:09.295,14.05.2025 17:35:20,,,ui.lap_update,carrera_v2_6b799dd9_992f_4f07_bcd0_a3815b27c6ec,,1747236920288,1747236920288,carrera_v2_lap_80687EFE,1414,3
,2,5402,42,0:05.402,14.05.2025 17:35:23,,,ui.lap_update,carrera_v2_6b799dd9_992f_4f07_bcd0_a3815b27c6ec,,1747236923350,1747236923350,carrera_v2_lap_80687EFE,1123,7
,1,6713,14,0:06.713,13.05.2025 17:39:32,,,ui.lap_update,carrera_v2_6b799dd9_992f_4f07_bcd0_a3815b27c6ec,,1747150772005,1747150772005,carrera_v2_lap_80687EFE,138,3
,1,6694,14,0:06.694,13.05.2025 17:39:39,,,ui.lap_update,carrera_v2_6b799dd9_992f_4f07_bcd0_a3815b27c6ec,,1747150778664,1747150778664,carrera_v2_lap_80687EFE,139,3
,1,6367,14,0:06.367,13.05.2025 17:39:45,,,ui.lap_update,carrera_v2_6b799dd9_992f_4f07_bcd0_a3815b27c6ec,,1747150784905,1747150784905,carrera_v2_lap_80687EFE,140,3
,1,6816,14,0:06.816,13.05.2025 17:39:52,,,ui.lap_update,carrera_v2_6b799dd9_992f_4f07_bcd0_a3815b27c6ec,,1747150791744,1747150791744,carrera_v2_lap_80687EFE,141,3
,1,215722,2,3:35.722,06.05.2025 16:33:07,,,ui.lap_update,carrera_v2_6b799dd9_992f_4f07_bcd0_a3815b27c6ec,,1746534786936,1746534786936,carrera_v2_lap_80687EFE,23,1
,1,18344,102,0:18.344,14.05.2025 18:08:28,,,ui.lap_update,carrera_v2_6b799dd9_992f_4f07_bcd0_a3815b27c6ec,,1747238908329,1747238908329,carrera_v2_lap_80687EFE,1446,3
,2,8593,42,0:08.593,14.05.2025 18:08:33,,,ui.lap_update,carrera_v2_6b799dd9_992f_4f07_bcd0_a3815b27c6ec,,1747238913250,1747238913250,carrera_v2_lap_80687EFE,1179,7
,1,9139,102,0:09.139,14.05.2025 18:08:37,,,ui.lap_update,carrera_v2_6b799dd9_992f_4f07_bcd0_a3815b27c6ec,,1747238917451,1747238917451,carrera_v2_lap_80687EFE,1447,3
,1,401111,15,6:41.111,09.05.2025 14:37:52,,,ui.lap_update,carrera_v2_6b799dd9_992f_4f07_bcd0_a3815b27c6ec,,1746794272170,1746794272170,carrera_v2_lap_80687EFE,43,6
,1,1575,15,0:01.575,09.05.2025 14:37:54,,,ui.lap_update,carrera_v2_6b799dd9_992f_4f07_bcd0_a3815b27c6ec,,1746794273732,1746794273732,carrera_v2_lap_80687EFE,44,6
,1,1631,15,0:01.631,09.05.2025 14:37:55,,,ui.lap_update,carrera_v2_6b799dd9_992f_4f07_bcd0_a3815b27c6ec,,1746794275350,1746794275350,carrera_v2_lap_80687EFE,45,6
,1,626,15,0:00.626,09.05.2025 14:37:56,,,ui.lap_update,carrera_v2_6b799dd9_992f_4f07_bcd0_a3815b27c6ec,,1746794276010,1746794276010,carrera_v2_lap_80687EFE,46,6
,1,1431,15,0:01.431,09.05.2025 14:37:57,,,ui.lap_update,carrera_v2_6b799dd9_992f_4f07_bcd0_a3815b27c6ec,,1746794277331,1746794277331,carrera_v2_lap_80687EFE,47,6
,1,508,15,0:00.508,09.05.2025 14:37:58,,,ui.lap_update,carrera_v2_6b799dd9_992f_4f07_bcd0_a3815b27c6ec,,1746794277869,1746794277869,carrera_v2_lap_80687EFE,48,6
,1,39651,15,0:39.651,09.05.2025 14:38:38,,,ui.lap_update,carrera_v2_6b799dd9_992f_4f07_bcd0_a3815b27c6ec,,1746794317590,1746794317590,carrera_v2_lap_80687EFE,49,6
,1,714,15,0:00.714,09.05.2025 14:38:38,,,ui.lap_update,carrera_v2_6b799dd9_992f_4f07_bcd0_a3815b27c6ec,,1746794318430,1746794318430,carrera_v2_lap_80687EFE,50,6
,1,302288,4,5:02.288,07.05.2025 09:31:57,,,ui.lap_update,carrera_v2_6b799dd9_992f_4f07_bcd0_a3815b27c6ec,,1746603116781,1746603116781,carrera_v2_lap_80687EFE,37,7
,1,1505,4,0:01.505,07.05.2025 09:31:58,,,ui.lap_update,carrera_v2_6b799dd9_992f_4f07_bcd0_a3815b27c6ec,,1746603118225,1746603118225,carrera_v2_lap_80687EFE,38,7
,1,11745,15,0:11.745,13.05.2025 17:36:31,,,ui.lap_update,carrera_v2_6b799dd9_992f_4f07_bcd0_a3815b27c6ec,,1747150590983,1747150590983,carrera_v2_lap_80687EFE,113,3
,1,5123,15,0:05.123,13.05.2025 17:36:36,,,ui.lap_update,carrera_v2_6b799dd9_992f_4f07_bcd0_a3815b27c6ec,,1747150596022,1747150596022,carrera_v2_lap_80687EFE,114,3
,1,5065,15,0:05.065,13.05.2025 17:36:41,,,ui.lap_update,carrera_v2_6b799dd9_992f_4f07_bcd0_a3815b27c6ec,,1747150601122,1747150601122,carrera_v2_lap_80687EFE,115,3
,1,5106,15,0:05.106,13.05.2025 17:36:46,,,ui.lap_update,carrera_v2_6b799dd9_992f_4f07_bcd0_a3815b27c6ec,,1747150606282,1747150606282,carrera_v2_lap_80687EFE,116,3
,1,5131,15,0:05.131,13.05.2025 17:36:51,,,ui.lap_update,carrera_v2_6b799dd9_992f_4f07_bcd0_a3815b27c6ec,,1747150611262,1747150611262,carrera_v2_lap_80687EFE,117,3
,1,6757,102,0:06.757,14.05.2025 18:13:29,,,ui.lap_update,carrera_v2_6b799dd9_992f_4f07_bcd0_a3815b27c6ec,,1747239208640,1747239208640,carrera_v2_lap_80687EFE,1477,3
,2,5698,42,0:05.698,14.05.2025 18:13:29,,,ui.lap_update,carrera_v2_6b799dd9_992f_4f07_bcd0_a3815b27c6ec,,1747239208999,1747239208999,carrera_v2_lap_80687EFE,1205,7
,2,7201,42,0:07.201,14.05.2025 18:13:36,,,ui.lap_update,carrera_v2_6b799dd9_992f_4f07_bcd0_a3815b27c6ec,,1747239216260,1747239216260,carrera_v2_lap_80687EFE,1206,7
,1,9517,102,0:09.517,14.05.2025 18:13:38,,,ui.lap_update,carrera_v2_6b799dd9_992f_4f07_bcd0_a3815b27c6ec,,1747239218059,1747239218059,carrera_v2_lap_80687EFE,1478,3
,2,7729,42,0:07.729,14.05.2025 18:13:44,,,ui.lap_update,carrera_v2_6b799dd9_992f_4f07_bcd0_a3815b27c6ec,,1747239223999,1747239223999,carrera_v2_lap_80687EFE,1207,7
,1,13136,102,0:13.136,14.05.2025 18:13:51,,,ui.lap_update,carrera_v2_6b799dd9_992f_4f07_bcd0_a3815b27c6ec,,1747239231259,1747239231259,carrera_v2_lap_80687EFE,1479,3
,2,7797,42,0:07.797,14.05.2025 18:13:52,,,ui.lap_update,carrera_v2_6b799dd9_992f_4f07_bcd0_a3815b27c6ec,,1747239231681,1747239231681,carrera_v2_lap_80687EFE,1208,7
,1,5863,113,0:05.863,27.05.2025 16:54:58,,,ui.lap_update,carrera_v2_6b799dd9_992f_4f07_bcd0_a3815b27c6ec,,1748357697592,1748357697592,carrera_v2_lap_80687EFE,356,3
,2,5518,112,0:05.518,27.05.2025 16:54:59,,,ui.lap_update,carrera_v2_6b799dd9_992f_4f07_bcd0_a3815b27c6ec,,1748357698791,1748357698791,carrera_v2_lap_80687EFE,399,7
,1,5409,113,0:05.409,27.05.2025 16:55:03,,,ui.lap_update,carrera_v2_6b799dd9_992f_4f07_bcd0_a3815b27c6ec,,1748357702991,1748357702991,carrera_v2_lap_80687EFE,357,3
,2,4917,112,0:04.917,27.05.2025 16:55:04,,,ui.lap_update,carrera_v2_6b799dd9_992f_4f07_bcd0_a3815b27c6ec,,1748357703714,1748357703714,carrera_v2_lap_80687EFE,400,7
,2,5371,112,0:05.371,27.05.2025 16:55:09,,,ui.lap_update,carrera_v2_6b799dd9_992f_4f07_bcd0_a3815b27c6ec,,1748357709051,1748357709051,carrera_v2_lap_80687EFE,401,7
,2,5053,112,0:05.053,27.05.2025 16:55:14,,,ui.lap_update,carrera_v2_6b799dd9_992f_4f07_bcd0_a3815b27c6ec,,1748357714031,1748357714031,carrera_v2_lap_80687EFE,402,7
,1,14806,113,0:14.806,27.05.2025 16:55:18,,,ui.lap_update,carrera_v2_6b799dd9_992f_4f07_bcd0_a3815b27c6ec,,1748357717751,1748357717751,carrera_v2_lap_80687EFE,358,3
,2,5654,112,0:05.654,27.05.2025 16:55:20,,,ui.lap_update,carrera_v2_6b799dd9_992f_4f07_bcd0_a3815b27c6ec,,1748357719731,1748357719731,carrera_v2_lap_80687EFE,403,7
,1,5113,113,0:05.113,27.05.2025 16:55:23,,,ui.lap_update,carrera_v2_6b799dd9_992f_4f07_bcd0_a3815b27c6ec,,1748357722852,1748357722852,carrera_v2_lap_80687EFE,359,3
,2,4980,112,0:04.980,27.05.2025 16:55:25,,,ui.lap_update,carrera_v2_6b799dd9_992f_4f07_bcd0_a3815b27c6ec,,1748357724716,1748357724716,carrera_v2_lap_80687EFE,404,7
,1,162047,10,2:42.047,07.05.2025 09:48:46,,,ui.lap_update,carrera_v2_6b799dd9_992f_4f07_bcd0_a3815b27c6ec,,1746604126277,1746604126277,carrera_v2_lap_80687EFE,59,2
,1,1252,10,0:01.252,07.05.2025 09:48:48,,,ui.lap_update,carrera_v2_6b799dd9_992f_4f07_bcd0_a3815b27c6ec,,1746604127595,1746604127595,carrera_v2_lap_80687EFE,60,2
,1,45602,102,0:45.602,14.05.2025 17:37:07,,,ui.lap_update,carrera_v2_6b799dd9_992f_4f07_bcd0_a3815b27c6ec,,1747237026637,1747237026637,carrera_v2_lap_80687EFE,1419,3
,2,22298,42,0:22.298,14.05.2025 17:37:07,,,ui.lap_update,carrera_v2_6b799dd9_992f_4f07_bcd0_a3815b27c6ec,,1747237026876,1747237026876,carrera_v2_lap_80687EFE,1133,7
,1,8306,102,0:08.306,14.05.2025 17:37:15,,,ui.lap_update,carrera_v2_6b799dd9_992f_4f07_bcd0_a3815b27c6ec,,1747237034978,1747237034978,carrera_v2_lap_80687EFE,1420,3
,2,579961,129,09:39:96,08.05.2025 11:42:53,,,browser.lap_update,carrera_v2_6b799dd9_992f_4f07_bcd0_a3815b27c6ec,,1746697373412,1746697373412,carrera_v2_lap_80687EFE,20,123
,1,201669,2,3:21.669,07.05.2025 09:02:39,,,ui.lap_update,carrera_v2_6b799dd9_992f_4f07_bcd0_a3815b27c6ec,,1746601358971,1746601358971,carrera_v2_lap_80687EFE,30,7
,1,1842,2,0:01.842,07.05.2025 09:02:41,,,ui.lap_update,carrera_v2_6b799dd9_992f_4f07_bcd0_a3815b27c6ec,,1746601360833,1746601360833,carrera_v2_lap_80687EFE,31,7
,1,8763,2,0:08.763,07.05.2025 09:02:50,,,ui.lap_update,carrera_v2_6b799dd9_992f_4f07_bcd0_a3815b27c6ec,,1746601369524,1746601369524,carrera_v2_lap_80687EFE,32,7
,1,127779,2,2:07.779,07.05.2025 09:04:57,,,ui.lap_update,carrera_v2_6b799dd9_992f_4f07_bcd0_a3815b27c6ec,,1746601497327,1746601497327,carrera_v2_lap_80687EFE,33,7
,1,20743,2,0:20.743,07.05.2025 09:05:18,,,ui.lap_update,carrera_v2_6b799dd9_992f_4f07_bcd0_a3815b27c6ec,,1746601518147,1746601518147,carrera_v2_lap_80687EFE,34,7
,1,64758,3,1:04.758,07.05.2025 09:06:23,,,ui.lap_update,carrera_v2_6b799dd9_992f_4f07_bcd0_a3815b27c6ec,,1746601582828,1746601582828,carrera_v2_lap_80687EFE,35,7
,1,6388,15,0:06.388,13.05.2025 17:17:54,,,ui.lap_update,carrera_v2_6b799dd9_992f_4f07_bcd0_a3815b27c6ec,,1747149474002,1747149474002,carrera_v2_lap_80687EFE,82,6
,1,7518,15,0:07.518,13.05.2025 17:18:01,,,ui.lap_update,carrera_v2_6b799dd9_992f_4f07_bcd0_a3815b27c6ec,,1747149481500,1747149481500,carrera_v2_lap_80687EFE,83,6
,1,7523,15,0:07.523,13.05.2025 17:18:09,,,ui.lap_update,carrera_v2_6b799dd9_992f_4f07_bcd0_a3815b27c6ec,,1747149488940,1747149488940,carrera_v2_lap_80687EFE,84,6
,1,7706,15,0:07.706,13.05.2025 17:18:17,,,ui.lap_update,carrera_v2_6b799dd9_992f_4f07_bcd0_a3815b27c6ec,,1747149496680,1747149496680,carrera_v2_lap_80687EFE,85,6
,1,7519,15,0:07.519,13.05.2025 17:18:24,,,ui.lap_update,carrera_v2_6b799dd9_992f_4f07_bcd0_a3815b27c6ec,,1747149504179,1747149504179,carrera_v2_lap_80687EFE,86,6
,1,7080,15,0:07.080,13.05.2025 17:18:31,,,ui.lap_update,carrera_v2_6b799dd9_992f_4f07_bcd0_a3815b27c6ec,,1747149511260,1747149511260,carrera_v2_lap_80687EFE,87,6
,1,44932,15,0:44.932,13.05.2025 17:19:16,,,ui.lap_update,carrera_v2_6b799dd9_992f_4f07_bcd0_a3815b27c6ec,,1747149556022,1747149556022,carrera_v2_lap_80687EFE,88,6
,1,7887,15,0:07.887,13.05.2025 17:19:24,,,ui.lap_update,carrera_v2_6b799dd9_992f_4f07_bcd0_a3815b27c6ec,,1747149563942,1747149563942,carrera_v2_lap_80687EFE,89,6
,1,8016,15,0:08.016,13.05.2025 17:19:32,,,ui.lap_update,carrera_v2_6b799dd9_992f_4f07_bcd0_a3815b27c6ec,,1747149571920,1747149571920,carrera_v2_lap_80687EFE,90,6
,1,7583,15,0:07.583,13.05.2025 17:19:39,,,ui.lap_update,carrera_v2_6b799dd9_992f_4f07_bcd0_a3815b27c6ec,,1747149579480,1747149579480,carrera_v2_lap_80687EFE,91,6
,1,7397,15,0:07.397,13.05.2025 17:19:47,,,ui.lap_update,carrera_v2_6b799dd9_992f_4f07_bcd0_a3815b27c6ec,,1747149586862,1747149586862,carrera_v2_lap_80687EFE,92,6
,1,7294,15,0:07.294,13.05.2025 17:19:54,,,ui.lap_update,carrera_v2_6b799dd9_992f_4f07_bcd0_a3815b27c6ec,,1747149594061,1747149594061,carrera_v2_lap_80687EFE,93,6
,1,46417,6,0:46.417,07.05.2025 09:34:25,,,ui.lap_update,carrera_v2_6b799dd9_992f_4f07_bcd0_a3815b27c6ec,,1746603265219,1746603265219,carrera_v2_lap_80687EFE,44,3
,1,2362,6,0:02.362,07.05.2025 09:34:28,,,ui.lap_update,carrera_v2_6b799dd9_992f_4f07_bcd0_a3815b27c6ec,,1746603267559,1746603267559,carrera_v2_lap_80687EFE,45,3
,1,24427,7,0:24.427,07.05.2025 09:34:52,,,ui.lap_update,carrera_v2_6b799dd9_992f_4f07_bcd0_a3815b27c6ec,,1746603291921,1746603291921,carrera_v2_lap_80687EFE,46,3
,1,1379,7,0:01.379,07.05.2025 09:34:53,,,ui.lap_update,carrera_v2_6b799dd9_992f_4f07_bcd0_a3815b27c6ec,,1746603293365,1746603293365,carrera_v2_lap_80687EFE,47,3
,1,589870,11,9:49.870,07.05.2025 10:16:14,,,ui.lap_update,carrera_v2_6b799dd9_992f_4f07_bcd0_a3815b27c6ec,,1746605774282,1746605774282,carrera_v2_lap_80687EFE,66,6
,1,3076,11,0:03.076,07.05.2025 10:16:17,,,ui.lap_update,carrera_v2_6b799dd9_992f_4f07_bcd0_a3815b27c6ec,,1746605777281,1746605777281,carrera_v2_lap_80687EFE,67,6
,2,22465,42,0:22.465,14.05.2025 17:36:45,,,ui.lap_update,carrera_v2_6b799dd9_992f_4f07_bcd0_a3815b27c6ec,,1747237004654,1747237004654,carrera_v2_lap_80687EFE,1132,7
,2,25062,42,0:25.062,14.05.2025 18:06:38,,,ui.lap_update,carrera_v2_6b799dd9_992f_4f07_bcd0_a3815b27c6ec,,1747238797508,1747238797508,carrera_v2_lap_80687EFE,1173,7
,1,78811,12,1:18.811,07.05.2025 12:34:13,,,ui.lap_update,carrera_v2_6b799dd9_992f_4f07_bcd0_a3815b27c6ec,,1746606852634,1746606852634,carrera_v2_lap_80687EFE,74,5
,2,5317,112,0:05.317,27.05.2025 17:03:56,,,ui.lap_update,carrera_v2_6b799dd9_992f_4f07_bcd0_a3815b27c6ec,,1748358236158,1748358236158,carrera_v2_lap_80687EFE,469,7
,1,5017,113,0:05.017,27.05.2025 17:03:56,,,ui.lap_update,carrera_v2_6b799dd9_992f_4f07_bcd0_a3815b27c6ec,,1748358236398,1748358236398,carrera_v2_lap_80687EFE,412,3
,2,5032,112,0:05.032,27.05.2025 17:04:01,,,ui.lap_update,carrera_v2_6b799dd9_992f_4f07_bcd0_a3815b27c6ec,,1748358241258,1748358241258,carrera_v2_lap_80687EFE,470,7
,1,6087,113,0:06.087,27.05.2025 17:04:02,,,ui.lap_update,carrera_v2_6b799dd9_992f_4f07_bcd0_a3815b27c6ec,,1748358242458,1748358242458,carrera_v2_lap_80687EFE,413,3
,1,5027,113,0:05.027,27.05.2025 17:04:08,,,ui.lap_update,carrera_v2_6b799dd9_992f_4f07_bcd0_a3815b27c6ec,,1748358247559,1748358247559,carrera_v2_lap_80687EFE,414,3
,2,8341,112,0:08.341,27.05.2025 17:04:09,,,ui.lap_update,carrera_v2_6b799dd9_992f_4f07_bcd0_a3815b27c6ec,,1748358249479,1748358249479,carrera_v2_lap_80687EFE,471,7
,1,4851,113,0:04.851,27.05.2025 17:04:12,,,ui.lap_update,carrera_v2_6b799dd9_992f_4f07_bcd0_a3815b27c6ec,,1748358252358,1748358252358,carrera_v2_lap_80687EFE,415,3
,2,7648,112,0:07.648,27.05.2025 17:04:17,,,ui.lap_update,carrera_v2_6b799dd9_992f_4f07_bcd0_a3815b27c6ec,,1748358257160,1748358257160,carrera_v2_lap_80687EFE,472,7
,1,5082,113,0:05.082,27.05.2025 17:04:17,,,ui.lap_update,carrera_v2_6b799dd9_992f_4f07_bcd0_a3815b27c6ec,,1748358257400,1748358257400,carrera_v2_lap_80687EFE,416,3
,2,6507,112,0:06.507,27.05.2025 17:04:24,,,ui.lap_update,carrera_v2_6b799dd9_992f_4f07_bcd0_a3815b27c6ec,,1748358263639,1748358263639,carrera_v2_lap_80687EFE,473,7
,1,7541,113,0:07.541,27.05.2025 17:04:25,,,ui.lap_update,carrera_v2_6b799dd9_992f_4f07_bcd0_a3815b27c6ec,,1748358264963,1748358264963,carrera_v2_lap_80687EFE,417,3
,1,50635,14,0:50.635,09.05.2025 10:07:43,,,ui.lap_update,carrera_v2_6b799dd9_992f_4f07_bcd0_a3815b27c6ec,,1746778062740,1746778062740,carrera_v2_lap_80687EFE,1,6
,1,4170,14,0:04.170,09.05.2025 10:07:47,,,ui.lap_update,carrera_v2_6b799dd9_992f_4f07_bcd0_a3815b27c6ec,,1746778066928,1746778066928,carrera_v2_lap_80687EFE,2,6
,1,62663,14,1:02.663,09.05.2025 10:08:50,,,ui.lap_update,carrera_v2_6b799dd9_992f_4f07_bcd0_a3815b27c6ec,,1746778129506,1746778129506,carrera_v2_lap_80687EFE,3,6
,1,8701,14,0:08.701,09.05.2025 10:08:58,,,ui.lap_update,carrera_v2_6b799dd9_992f_4f07_bcd0_a3815b27c6ec,,1746778138264,1746778138264,carrera_v2_lap_80687EFE,4,6
,1,651,14,0:00.651,09.05.2025 10:08:59,,,ui.lap_update,carrera_v2_6b799dd9_992f_4f07_bcd0_a3815b27c6ec,,1746778138870,1746778138870,carrera_v2_lap_80687EFE,5,6
,1,407,14,0:00.407,09.05.2025 10:08:59,,,ui.lap_update,carrera_v2_6b799dd9_992f_4f07_bcd0_a3815b27c6ec,,1746778139350,1746778139350,carrera_v2_lap_80687EFE,6,6
,1,459,14,0:00.459,09.05.2025 10:09:00,,,ui.lap_update,carrera_v2_6b799dd9_992f_4f07_bcd0_a3815b27c6ec,,1746778139703,1746778139703,carrera_v2_lap_80687EFE,7,6
,1,325,14,0:00.325,09.05.2025 10:09:00,,,ui.lap_update,carrera_v2_6b799dd9_992f_4f07_bcd0_a3815b27c6ec,,1746778140068,1746778140068,carrera_v2_lap_80687EFE,8,6
,1,528,14,0:00.528,09.05.2025 10:09:01,,,ui.lap_update,carrera_v2_6b799dd9_992f_4f07_bcd0_a3815b27c6ec,,1746778140544,1746778140544,carrera_v2_lap_80687EFE,9,6
,1,229,14,0:00.229,09.05.2025 10:09:01,,,ui.lap_update,carrera_v2_6b799dd9_992f_4f07_bcd0_a3815b27c6ec,,1746778140788,1746778140788,carrera_v2_lap_80687EFE,10,6
,1,531,14,0:00.531,09.05.2025 10:09:01,,,ui.lap_update,carrera_v2_6b799dd9_992f_4f07_bcd0_a3815b27c6ec,,1746778141383,1746778141383,carrera_v2_lap_80687EFE,11,6
,1,239,14,0:00.239,09.05.2025 10:09:02,,,ui.lap_update,carrera_v2_6b799dd9_992f_4f07_bcd0_a3815b27c6ec,,1746778141623,1746778141623,carrera_v2_lap_80687EFE,12,6
,1,489,14,0:00.489,09.05.2025 10:09:02,,,ui.lap_update,carrera_v2_6b799dd9_992f_4f07_bcd0_a3815b27c6ec,,1746778142103,1746778142103,carrera_v2_lap_80687EFE,13,6
,1,239,14,0:00.239,09.05.2025 10:09:02,,,ui.lap_update,carrera_v2_6b799dd9_992f_4f07_bcd0_a3815b27c6ec,,1746778142343,1746778142343,carrera_v2_lap_80687EFE,14,6
,1,494,14,0:00.494,09.05.2025 10:09:03,,,ui.lap_update,carrera_v2_6b799dd9_992f_4f07_bcd0_a3815b27c6ec,,1746778142824,1746778142824,carrera_v2_lap_80687EFE,15,6
,1,181,14,0:00.181,09.05.2025 10:09:03,,,ui.lap_update,carrera_v2_6b799dd9_992f_4f07_bcd0_a3815b27c6ec,,1746778143067,1746778143067,carrera_v2_lap_80687EFE,16,6
,1,450,14,0:00.450,09.05.2025 10:09:03,,,ui.lap_update,carrera_v2_6b799dd9_992f_4f07_bcd0_a3815b27c6ec,,1746778143422,1746778143422,carrera_v2_lap_80687EFE,17,6
,1,225,14,0:00.225,09.05.2025 10:09:04,,,ui.lap_update,carrera_v2_6b799dd9_992f_4f07_bcd0_a3815b27c6ec,,1746778143725,1746778143725,carrera_v2_lap_80687EFE,18,6
,1,458,14,0:00.458,09.05.2025 10:09:04,,,ui.lap_update,carrera_v2_6b799dd9_992f_4f07_bcd0_a3815b27c6ec,,1746778144204,1746778144204,carrera_v2_lap_80687EFE,19,6
,1,189,14,0:00.189,09.05.2025 10:09:04,,,ui.lap_update,carrera_v2_6b799dd9_992f_4f07_bcd0_a3815b27c6ec,,1746778144324,1746778144324,carrera_v2_lap_80687EFE,20,6
,1,3208,14,0:03.208,09.05.2025 10:09:08,,,ui.lap_update,carrera_v2_6b799dd9_992f_4f07_bcd0_a3815b27c6ec,,1746778147561,1746778147561,carrera_v2_lap_80687EFE,21,6
,1,174035,14,2:54.035,09.05.2025 10:12:02,,,ui.lap_update,carrera_v2_6b799dd9_992f_4f07_bcd0_a3815b27c6ec,,1746778321505,1746778321505,carrera_v2_lap_80687EFE,22,6
,1,521,14,0:00.521,09.05.2025 10:12:02,,,ui.lap_update,carrera_v2_6b799dd9_992f_4f07_bcd0_a3815b27c6ec,,1746778322104,1746778322104,carrera_v2_lap_80687EFE,23,6
,1,248,14,0:00.248,09.05.2025 10:12:02,,,ui.lap_update,carrera_v2_6b799dd9_992f_4f07_bcd0_a3815b27c6ec,,1746778322342,1746778322342,carrera_v2_lap_80687EFE,24,6
,1,399,14,0:00.399,09.05.2025 10:12:03,,,ui.lap_update,carrera_v2_6b799dd9_992f_4f07_bcd0_a3815b27c6ec,,1746778322703,1746778322703,carrera_v2_lap_80687EFE,25,6
,1,156,14,0:00.156,09.05.2025 10:12:03,,,ui.lap_update,carrera_v2_6b799dd9_992f_4f07_bcd0_a3815b27c6ec,,1746778322892,1746778322892,carrera_v2_lap_80687EFE,26,6
,1,394,14,0:00.394,09.05.2025 10:12:03,,,ui.lap_update,carrera_v2_6b799dd9_992f_4f07_bcd0_a3815b27c6ec,,1746778323302,1746778323302,carrera_v2_lap_80687EFE,27,6
,1,115,14,0:00.115,09.05.2025 10:12:03,,,ui.lap_update,carrera_v2_6b799dd9_992f_4f07_bcd0_a3815b27c6ec,,1746778323425,1746778323425,carrera_v2_lap_80687EFE,28,6
,1,391,14,0:00.391,09.05.2025 10:12:04,,,ui.lap_update,carrera_v2_6b799dd9_992f_4f07_bcd0_a3815b27c6ec,,1746778323783,1746778323783,carrera_v2_lap_80687EFE,29,6
,1,163,14,0:00.163,09.05.2025 10:12:04,,,ui.lap_update,carrera_v2_6b799dd9_992f_4f07_bcd0_a3815b27c6ec,,1746778323902,1746778323902,carrera_v2_lap_80687EFE,30,6
,1,400,14,0:00.400,09.05.2025 10:12:04,,,ui.lap_update,carrera_v2_6b799dd9_992f_4f07_bcd0_a3815b27c6ec,,1746778324383,1746778324383,carrera_v2_lap_80687EFE,31,6
,1,85,14,0:00.085,09.05.2025 10:12:05,,,ui.lap_update,carrera_v2_6b799dd9_992f_4f07_bcd0_a3815b27c6ec,,1746778324505,1746778324505,carrera_v2_lap_80687EFE,32,6
,1,948,14,0:00.948,09.05.2025 10:12:05,,,ui.lap_update,carrera_v2_6b799dd9_992f_4f07_bcd0_a3815b27c6ec,,1746778325402,1746778325402,carrera_v2_lap_80687EFE,33,6
,1,520,14,0:00.520,09.05.2025 10:12:06,,,ui.lap_update,carrera_v2_6b799dd9_992f_4f07_bcd0_a3815b27c6ec,,1746778325880,1746778325880,carrera_v2_lap_80687EFE,34,6
,1,67,14,0:00.067,09.05.2025 10:12:06,,,ui.lap_update,carrera_v2_6b799dd9_992f_4f07_bcd0_a3815b27c6ec,,1746778326001,1746778326001,carrera_v2_lap_80687EFE,35,6
,1,432,14,0:00.432,09.05.2025 10:12:06,,,ui.lap_update,carrera_v2_6b799dd9_992f_4f07_bcd0_a3815b27c6ec,,1746778326362,1746778326362,carrera_v2_lap_80687EFE,36,6
,1,479,14,0:00.479,09.05.2025 10:12:07,,,ui.lap_update,carrera_v2_6b799dd9_992f_4f07_bcd0_a3815b27c6ec,,1746778326782,1746778326782,carrera_v2_lap_80687EFE,37,6
,1,509,14,0:00.509,09.05.2025 10:12:07,,,ui.lap_update,carrera_v2_6b799dd9_992f_4f07_bcd0_a3815b27c6ec,,1746778327382,1746778327382,carrera_v2_lap_80687EFE,38,6
,1,1877,14,0:01.877,09.05.2025 10:12:09,,,ui.lap_update,carrera_v2_6b799dd9_992f_4f07_bcd0_a3815b27c6ec,,1746778329302,1746778329302,carrera_v2_lap_80687EFE,39,6
,1,111,14,0:00.111,09.05.2025 10:12:09,,,ui.lap_update,carrera_v2_6b799dd9_992f_4f07_bcd0_a3815b27c6ec,,1746778329422,1746778329422,carrera_v2_lap_80687EFE,40,6
,1,489,14,0:00.489,09.05.2025 10:12:10,,,ui.lap_update,carrera_v2_6b799dd9_992f_4f07_bcd0_a3815b27c6ec,,1746778329903,1746778329903,carrera_v2_lap_80687EFE,41,6
,1,78,14,0:00.078,09.05.2025 10:12:10,,,ui.lap_update,carrera_v2_6b799dd9_992f_4f07_bcd0_a3815b27c6ec,,1746778330022,1746778330022,carrera_v2_lap_80687EFE,42,6
,1,8096,14,0:08.096,13.05.2025 17:40:00,,,ui.lap_update,carrera_v2_6b799dd9_992f_4f07_bcd0_a3815b27c6ec,,1747150799847,1747150799847,carrera_v2_lap_80687EFE,142,3
,1,8445,14,0:08.445,13.05.2025 17:40:08,,,ui.lap_update,carrera_v2_6b799dd9_992f_4f07_bcd0_a3815b27c6ec,,1747150808304,1747150808304,carrera_v2_lap_80687EFE,143,3
,2,5904,129,0:05.904,27.05.2025 18:08:00,,,ui.lap_update,carrera_v2_6b799dd9_992f_4f07_bcd0_a3815b27c6ec,,1748362080221,1748362080221,carrera_v2_lap_80687EFE,524,4
,1,5910,112,0:05.910,27.05.2025 18:08:00,,,ui.lap_update,carrera_v2_6b799dd9_992f_4f07_bcd0_a3815b27c6ec,,1748362080340,1748362080340,carrera_v2_lap_80687EFE,465,7
,2,5704,129,0:05.704,27.05.2025 18:08:06,,,ui.lap_update,carrera_v2_6b799dd9_992f_4f07_bcd0_a3815b27c6ec,,1748362085981,1748362085981,carrera_v2_lap_80687EFE,525,4
,1,5695,112,0:05.695,27.05.2025 18:08:06,,,ui.lap_update,carrera_v2_6b799dd9_992f_4f07_bcd0_a3815b27c6ec,,1748362086100,1748362086100,carrera_v2_lap_80687EFE,466,7
,1,6112,112,0:06.112,27.05.2025 18:08:12,,,ui.lap_update,carrera_v2_6b799dd9_992f_4f07_bcd0_a3815b27c6ec,,1748362092222,1748362092222,carrera_v2_lap_80687EFE,467,7
,2,10907,129,0:10.907,27.05.2025 18:08:17,,,ui.lap_update,carrera_v2_6b799dd9_992f_4f07_bcd0_a3815b27c6ec,,1748362096781,1748362096781,carrera_v2_lap_80687EFE,526,4
,1,5414,112,0:05.414,27.05.2025 18:08:18,,,ui.lap_update,carrera_v2_6b799dd9_992f_4f07_bcd0_a3815b27c6ec,,1748362097501,1748362097501,carrera_v2_lap_80687EFE,468,7
,2,5411,129,0:05.411,27.05.2025 18:08:22,,,ui.lap_update,carrera_v2_6b799dd9_992f_4f07_bcd0_a3815b27c6ec,,1748362102181,1748362102181,carrera_v2_lap_80687EFE,527,4
,1,5262,112,0:05.262,27.05.2025 18:08:23,,,ui.lap_update,carrera_v2_6b799dd9_992f_4f07_bcd0_a3815b27c6ec,,1748362102780,1748362102780,carrera_v2_lap_80687EFE,469,7
,1,14772,102,0:14.772,14.05.2025 17:50:31,,,ui.lap_update,carrera_v2_6b799dd9_992f_4f07_bcd0_a3815b27c6ec,,1747237830518,1747237830518,carrera_v2_lap_80687EFE,1433,3
,1,510649,102,8:30.649,14.05.2025 18:07:26,,,ui.lap_update,carrera_v2_6b799dd9_992f_4f07_bcd0_a3815b27c6ec,,1747238845809,1747238845809,carrera_v2_lap_80687EFE,1444,3
,1,5346,113,0:05.346,27.05.2025 17:04:30,,,ui.lap_update,carrera_v2_6b799dd9_992f_4f07_bcd0_a3815b27c6ec,,1748358270300,1748358270300,carrera_v2_lap_80687EFE,418,3
,2,8643,112,0:08.643,27.05.2025 17:04:32,,,ui.lap_update,carrera_v2_6b799dd9_992f_4f07_bcd0_a3815b27c6ec,,1748358272281,1748358272281,carrera_v2_lap_80687EFE,474,7
,1,5140,113,0:05.140,27.05.2025 17:04:35,,,ui.lap_update,carrera_v2_6b799dd9_992f_4f07_bcd0_a3815b27c6ec,,1748358275399,1748358275399,carrera_v2_lap_80687EFE,419,3
,2,5440,112,0:05.440,27.05.2025 17:04:38,,,ui.lap_update,carrera_v2_6b799dd9_992f_4f07_bcd0_a3815b27c6ec,,1748358277618,1748358277618,carrera_v2_lap_80687EFE,475,7
,1,8785,113,0:08.785,27.05.2025 17:04:44,,,ui.lap_update,carrera_v2_6b799dd9_992f_4f07_bcd0_a3815b27c6ec,,1748358284099,1748358284099,carrera_v2_lap_80687EFE,420,3
,2,7650,112,0:07.650,27.05.2025 17:04:45,,,ui.lap_update,carrera_v2_6b799dd9_992f_4f07_bcd0_a3815b27c6ec,,1748358285301,1748358285301,carrera_v2_lap_80687EFE,476,7
,1,4911,113,0:04.911,27.05.2025 17:04:49,,,ui.lap_update,carrera_v2_6b799dd9_992f_4f07_bcd0_a3815b27c6ec,,1748358289020,1748358289020,carrera_v2_lap_80687EFE,421,3
,2,4959,112,0:04.959,27.05.2025 17:04:50,,,ui.lap_update,carrera_v2_6b799dd9_992f_4f07_bcd0_a3815b27c6ec,,1748358290219,1748358290219,carrera_v2_lap_80687EFE,477,7
,1,6250,113,0:06.250,27.05.2025 17:04:55,,,ui.lap_update,carrera_v2_6b799dd9_992f_4f07_bcd0_a3815b27c6ec,,1748358295260,1748358295260,carrera_v2_lap_80687EFE,422,3
,2,5319,112,0:05.319,27.05.2025 17:04:55,,,ui.lap_update,carrera_v2_6b799dd9_992f_4f07_bcd0_a3815b27c6ec,,1748358295499,1748358295499,carrera_v2_lap_80687EFE,478,7
,2,579961,129,09:39:96,06.08.2025 16:36:21,,,browser.lap_update,carrera_v2_6b799dd9_992f_4f07_bcd0_a3815b27c6ec,,1754490981354,1754490981354,carrera_v2_lap_80687EFE,75,123
,2,579961,129,09:39:96,06.08.2025 16:36:33,,,browser.lap_update,carrera_v2_6b799dd9_992f_4f07_bcd0_a3815b27c6ec,,1754490993319,1754490993319,carrera_v2_lap_80687EFE,75,123
,2,579961,129,09:39:96,06.08.2025 16:37:25,,,browser.lap_update,carrera_v2_6b799dd9_992f_4f07_bcd0_a3815b27c6ec,,1754491045127,1754491045127,carrera_v2_lap_80687EFE,75,123
,1,3088,5,0:03.088,07.05.2025 09:32:55,,,ui.lap_update,carrera_v2_6b799dd9_992f_4f07_bcd0_a3815b27c6ec,,1746603175098,1746603175098,carrera_v2_lap_80687EFE,41,6
,1,35036,6,0:35.036,07.05.2025 09:33:30,,,ui.lap_update,carrera_v2_6b799dd9_992f_4f07_bcd0_a3815b27c6ec,,1746603210198,1746603210198,carrera_v2_lap_80687EFE,42,5
,1,8607,6,0:08.607,07.05.2025 09:33:39,,,ui.lap_update,carrera_v2_6b799dd9_992f_4f07_bcd0_a3815b27c6ec,,1746603218718,1746603218718,carrera_v2_lap_80687EFE,43,5
,1,6403,113,0:06.403,27.05.2025 17:05:02,,,ui.lap_update,carrera_v2_6b799dd9_992f_4f07_bcd0_a3815b27c6ec,,1748358301680,1748358301680,carrera_v2_lap_80687EFE,423,3
,2,7072,112,0:07.072,27.05.2025 17:05:03,,,ui.lap_update,carrera_v2_6b799dd9_992f_4f07_bcd0_a3815b27c6ec,,1748358302522,1748358302522,carrera_v2_lap_80687EFE,479,7
,2,5012,112,0:05.012,27.05.2025 17:05:07,,,ui.lap_update,carrera_v2_6b799dd9_992f_4f07_bcd0_a3815b27c6ec,,1748358307499,1748358307499,carrera_v2_lap_80687EFE,480,7
,1,7766,113,0:07.766,27.05.2025 17:05:09,,,ui.lap_update,carrera_v2_6b799dd9_992f_4f07_bcd0_a3815b27c6ec,,1748358309420,1748358309420,carrera_v2_lap_80687EFE,424,3
,2,4907,112,0:04.907,27.05.2025 17:05:12,,,ui.lap_update,carrera_v2_6b799dd9_992f_4f07_bcd0_a3815b27c6ec,,1748358312420,1748358312420,carrera_v2_lap_80687EFE,481,7
,1,4942,113,0:04.942,27.05.2025 17:05:14,,,ui.lap_update,carrera_v2_6b799dd9_992f_4f07_bcd0_a3815b27c6ec,,1748358314402,1748358314402,carrera_v2_lap_80687EFE,425,3
,2,7000,112,0:07.000,27.05.2025 17:05:19,,,ui.lap_update,carrera_v2_6b799dd9_992f_4f07_bcd0_a3815b27c6ec,,1748358319440,1748358319440,carrera_v2_lap_80687EFE,482,7
,1,5266,113,0:05.266,27.05.2025 17:05:20,,,ui.lap_update,carrera_v2_6b799dd9_992f_4f07_bcd0_a3815b27c6ec,,1748358319559,1748358319559,carrera_v2_lap_80687EFE,426,3
,1,5429,113,0:05.429,27.05.2025 17:05:25,,,ui.lap_update,carrera_v2_6b799dd9_992f_4f07_bcd0_a3815b27c6ec,,1748358324960,1748358324960,carrera_v2_lap_80687EFE,427,3
,2,23202,42,0:23.202,14.05.2025 18:08:56,,,ui.lap_update,carrera_v2_6b799dd9_992f_4f07_bcd0_a3815b27c6ec,,1747238936412,1747238936412,carrera_v2_lap_80687EFE,1180,7
,1,20038,102,0:20.038,14.05.2025 18:08:57,,,ui.lap_update,carrera_v2_6b799dd9_992f_4f07_bcd0_a3815b27c6ec,,1747238937371,1747238937371,carrera_v2_lap_80687EFE,1448,3
,1,10184,102,0:10.184,14.05.2025 18:09:08,,,ui.lap_update,carrera_v2_6b799dd9_992f_4f07_bcd0_a3815b27c6ec,,1747238947575,1747238947575,carrera_v2_lap_80687EFE,1449,3
,2,13739,42,0:13.739,14.05.2025 18:09:10,,,ui.lap_update,carrera_v2_6b799dd9_992f_4f07_bcd0_a3815b27c6ec,,1747238950093,1747238950093,carrera_v2_lap_80687EFE,1181,7
,1,11974,102,0:11.974,14.05.2025 18:09:20,,,ui.lap_update,carrera_v2_6b799dd9_992f_4f07_bcd0_a3815b27c6ec,,1747238959512,1747238959512,carrera_v2_lap_80687EFE,1450,3
,2,15243,42,0:15.243,14.05.2025 17:39:41,,,ui.lap_update,carrera_v2_6b799dd9_992f_4f07_bcd0_a3815b27c6ec,,1747237180968,1747237180968,carrera_v2_lap_80687EFE,1143,7
,2,9276,42,0:09.276,14.05.2025 17:39:50,,,ui.lap_update,carrera_v2_6b799dd9_992f_4f07_bcd0_a3815b27c6ec,,1747237190148,1747237190148,carrera_v2_lap_80687EFE,1144,7
,2,579961,129,09:39:96,30.10.2025 09:41:47,,,browser.lap_update,carrera_v2_6b799dd9_992f_4f07_bcd0_a3815b27c6ec,,1761813706558,1761813706558,carrera_v2_lap_80687EFE,10,123
,2,100006,129,01:40:00,06.05.2025 21:55:57,,,browser.lap_update,carrera_v2_6b799dd9_992f_4f07_bcd0_a3815b27c6ec,,1746561356823,1746561356823,carrera_v2_lap_80687EFE,21,123
,1,30952,15,0:30.952,13.05.2025 17:21:24,,,ui.lap_update,carrera_v2_6b799dd9_992f_4f07_bcd0_a3815b27c6ec,,1747149684244,1747149684244,carrera_v2_lap_80687EFE,105,3
,1,59251,4,0:59.251,06.05.2025 15:40:42,,,ui.lap_update,carrera_v2_6b799dd9_992f_4f07_bcd0_a3815b27c6ec,,1746538841993,1746538841993,carrera_v2_lap_80687EFE,38,1
,1,631,4,0:00.631,06.05.2025 15:40:43,,,ui.lap_update,carrera_v2_6b799dd9_992f_4f07_bcd0_a3815b27c6ec,,1746538842591,1746538842591,carrera_v2_lap_80687EFE,39,1
,2,13880,112,0:13.880,27.05.2025 16:55:39,,,ui.lap_update,carrera_v2_6b799dd9_992f_4f07_bcd0_a3815b27c6ec,,1748357738573,1748357738573,carrera_v2_lap_80687EFE,405,7
,1,15789,113,0:15.789,27.05.2025 16:55:39,,,ui.lap_update,carrera_v2_6b799dd9_992f_4f07_bcd0_a3815b27c6ec,,1748357738754,1748357738754,carrera_v2_lap_80687EFE,360,3
,1,6451,113,0:06.451,27.05.2025 16:55:45,,,ui.lap_update,carrera_v2_6b799dd9_992f_4f07_bcd0_a3815b27c6ec,,1748357745112,1748357745112,carrera_v2_lap_80687EFE,361,3
,2,10408,112,0:10.408,27.05.2025 16:55:49,,,ui.lap_update,carrera_v2_6b799dd9_992f_4f07_bcd0_a3815b27c6ec,,1748357748953,1748357748953,carrera_v2_lap_80687EFE,406,7
,1,8094,113,0:08.094,27.05.2025 16:55:53,,,ui.lap_update,carrera_v2_6b799dd9_992f_4f07_bcd0_a3815b27c6ec,,1748357753091,1748357753091,carrera_v2_lap_80687EFE,362,3
,2,5699,112,0:05.699,27.05.2025 16:55:55,,,ui.lap_update,carrera_v2_6b799dd9_992f_4f07_bcd0_a3815b27c6ec,,1748357754533,1748357754533,carrera_v2_lap_80687EFE,407,7
,1,6930,102,0:06.930,14.05.2025 18:09:26,,,ui.lap_update,carrera_v2_6b799dd9_992f_4f07_bcd0_a3815b27c6ec,,1747238966354,1747238966354,carrera_v2_lap_80687EFE,1451,3
,2,18961,42,0:18.961,14.05.2025 18:09:29,,,ui.lap_update,carrera_v2_6b799dd9_992f_4f07_bcd0_a3815b27c6ec,,1747238968995,1747238968995,carrera_v2_lap_80687EFE,1182,7
,1,6761,102,0:06.761,14.05.2025 18:09:33,,,ui.lap_update,carrera_v2_6b799dd9_992f_4f07_bcd0_a3815b27c6ec,,1747238973072,1747238973072,carrera_v2_lap_80687EFE,1452,3
,1,11910,102,0:11.910,14.05.2025 18:09:45,,,ui.lap_update,carrera_v2_6b799dd9_992f_4f07_bcd0_a3815b27c6ec,,1747238985012,1747238985012,carrera_v2_lap_80687EFE,1453,3
,2,23996,42,0:23.996,14.05.2025 18:09:53,,,ui.lap_update,carrera_v2_6b799dd9_992f_4f07_bcd0_a3815b27c6ec,,1747238992873,1747238992873,carrera_v2_lap_80687EFE,1183,7
,1,8982,102,0:08.982,14.05.2025 18:09:54,,,ui.lap_update,carrera_v2_6b799dd9_992f_4f07_bcd0_a3815b27c6ec,,1747238993952,1747238993952,carrera_v2_lap_80687EFE,1454,3
,controller1,200,7,200,28.04.2025 18:50:00,,,lap,carrera_v2_6b799dd9_992f_4f07_bcd0_a3815b27c6ec,False,1682002400,36,carrera_v2_lap_80687EFE,3,3
,2,21615,42,0:21.615,14.05.2025 17:39:08,,,ui.lap_update,carrera_v2_6b799dd9_992f_4f07_bcd0_a3815b27c6ec,,1747237148270,1747237148270,carrera_v2_lap_80687EFE,1141,7
,1,31557,102,0:31.557,14.05.2025 17:39:17,,,ui.lap_update,carrera_v2_6b799dd9_992f_4f07_bcd0_a3815b27c6ec,,1747237156906,1747237156906,carrera_v2_lap_80687EFE,1426,3
,2,17472,42,0:17.472,14.05.2025 17:39:26,,,ui.lap_update,carrera_v2_6b799dd9_992f_4f07_bcd0_a3815b27c6ec,,1747237165606,1747237165606,carrera_v2_lap_80687EFE,1142,7
,2,313394,42,5:13.394,14.05.2025 17:55:29,,,ui.lap_update,carrera_v2_6b799dd9_992f_4f07_bcd0_a3815b27c6ec,,1747238129327,1747238129327,carrera_v2_lap_80687EFE,1153,7
,1,304078,102,5:04.078,14.05.2025 17:55:34,,,ui.lap_update,carrera_v2_6b799dd9_992f_4f07_bcd0_a3815b27c6ec,,1747238133649,1747238133649,carrera_v2_lap_80687EFE,1434,3
,2,11236,42,0:11.236,14.05.2025 17:55:41,,,ui.lap_update,carrera_v2_6b799dd9_992f_4f07_bcd0_a3815b27c6ec,,1747238140607,1747238140607,carrera_v2_lap_80687EFE,1154,7
,1,5382,112,0:05.382,27.05.2025 18:07:00,,,ui.lap_update,carrera_v2_6b799dd9_992f_4f07_bcd0_a3815b27c6ec,,1748362019738,1748362019738,carrera_v2_lap_80687EFE,457,7
,2,12799,129,0:12.799,27.05.2025 18:07:02,,,ui.lap_update,carrera_v2_6b799dd9_992f_4f07_bcd0_a3815b27c6ec,,1748362022438,1748362022438,carrera_v2_lap_80687EFE,518,4
,1,5686,112,0:05.686,27.05.2025 18:07:05,,,ui.lap_update,carrera_v2_6b799dd9_992f_4f07_bcd0_a3815b27c6ec,,1748362025380,1748362025380,carrera_v2_lap_80687EFE,458,7
,2,6692,129,0:06.692,27.05.2025 18:07:09,,,ui.lap_update,carrera_v2_6b799dd9_992f_4f07_bcd0_a3815b27c6ec,,1748362029101,1748362029101,carrera_v2_lap_80687EFE,519,4
,1,5599,112,0:05.599,27.05.2025 18:07:11,,,ui.lap_update,carrera_v2_6b799dd9_992f_4f07_bcd0_a3815b27c6ec,,1748362031018,1748362031018,carrera_v2_lap_80687EFE,459,7
,2,6039,129,0:06.039,27.05.2025 18:07:15,,,ui.lap_update,carrera_v2_6b799dd9_992f_4f07_bcd0_a3815b27c6ec,,1748362035159,1748362035159,carrera_v2_lap_80687EFE,520,4
,2,6231,129,0:06.231,27.05.2025 18:07:21,,,ui.lap_update,carrera_v2_6b799dd9_992f_4f07_bcd0_a3815b27c6ec,,1748362041339,1748362041339,carrera_v2_lap_80687EFE,521,4
,1,13936,112,0:13.936,27.05.2025 18:07:25,,,ui.lap_update,carrera_v2_6b799dd9_992f_4f07_bcd0_a3815b27c6ec,,1748362045108,1748362045108,carrera_v2_lap_80687EFE,460,7
,2,579961,129,09:39:96,06.05.2025 15:19:55,,,browser.lap_update,carrera_v2_6b799dd9_992f_4f07_bcd0_a3815b27c6ec,,1746537594548,1746537594548,carrera_v2_lap_80687EFE,76,123
,controller1,111,999,111,30.04.2025 12:49:00,,,lap,carrera_v2_6b799dd9_992f_4f07_bcd0_a3815b27c6ec,True,1746003014,40,carrera_v2_lap_80687EFE,8,3
,1,50653,5,0:50.653,07.05.2025 09:32:49,,,ui.lap_update,carrera_v2_6b799dd9_992f_4f07_bcd0_a3815b27c6ec,,1746603168919,1746603168919,carrera_v2_lap_80687EFE,39,6
,1,3214,5,0:03.214,07.05.2025 09:32:52,,,ui.lap_update,carrera_v2_6b799dd9_992f_4f07_bcd0_a3815b27c6ec,,1746603172098,1746603172098,carrera_v2_lap_80687EFE,40,6
,1,6803,15,0:06.803,13.05.2025 17:21:31,,,ui.lap_update,carrera_v2_6b799dd9_992f_4f07_bcd0_a3815b27c6ec,,1747149690962,1747149690962,carrera_v2_lap_80687EFE,106,3
,1,6375,15,0:06.375,13.05.2025 17:21:37,,,ui.lap_update,carrera_v2_6b799dd9_992f_4f07_bcd0_a3815b27c6ec,,1747149697322,1747149697322,carrera_v2_lap_80687EFE,107,3
,1,7385,15,0:07.385,13.05.2025 17:21:45,,,ui.lap_update,carrera_v2_6b799dd9_992f_4f07_bcd0_a3815b27c6ec,,1747149704702,1747149704702,carrera_v2_lap_80687EFE,108,3
,2,16563,112,0:16.563,27.05.2025 16:54:02,,,ui.lap_update,carrera_v2_6b799dd9_992f_4f07_bcd0_a3815b27c6ec,,1748357642331,1748357642331,carrera_v2_lap_80687EFE,391,7
,1,47038,113,0:47.038,27.05.2025 16:54:04,,,ui.lap_update,carrera_v2_6b799dd9_992f_4f07_bcd0_a3815b27c6ec,,1748357643589,1748357643589,carrera_v2_lap_80687EFE,348,3
,1,5479,113,0:05.479,27.05.2025 16:54:09,,,ui.lap_update,carrera_v2_6b799dd9_992f_4f07_bcd0_a3815b27c6ec,,1748357649052,1748357649052,carrera_v2_lap_80687EFE,349,3
,2,8444,112,0:08.444,27.05.2025 16:54:11,,,ui.lap_update,carrera_v2_6b799dd9_992f_4f07_bcd0_a3815b27c6ec,,1748357650731,1748357650731,carrera_v2_lap_80687EFE,392,7
,2,8003,112,0:08.003,27.05.2025 16:54:19,,,ui.lap_update,carrera_v2_6b799dd9_992f_4f07_bcd0_a3815b27c6ec,,1748357658770,1748357658770,carrera_v2_lap_80687EFE,393,7
,1,9777,113,0:09.777,27.05.2025 16:54:19,,,ui.lap_update,carrera_v2_6b799dd9_992f_4f07_bcd0_a3815b27c6ec,,1748357658891,1748357658891,carrera_v2_lap_80687EFE,350,3
,2,15766,42,0:15.766,14.05.2025 17:57:00,,,ui.lap_update,carrera_v2_6b799dd9_992f_4f07_bcd0_a3815b27c6ec,,1747238220112,1747238220112,carrera_v2_lap_80687EFE,1159,7
,1,95508,102,1:35.508,14.05.2025 17:57:09,,,ui.lap_update,carrera_v2_6b799dd9_992f_4f07_bcd0_a3815b27c6ec,,1747238228930,1747238228930,carrera_v2_lap_80687EFE,1435,3
,2,8977,42,0:08.977,14.05.2025 17:57:09,,,ui.lap_update,carrera_v2_6b799dd9_992f_4f07_bcd0_a3815b27c6ec,,1747238229111,1747238229111,carrera_v2_lap_80687EFE,1160,7
,1,8524,102,0:08.524,14.05.2025 17:57:17,,,ui.lap_update,carrera_v2_6b799dd9_992f_4f07_bcd0_a3815b27c6ec,,1747238237453,1747238237453,carrera_v2_lap_80687EFE,1436,3
,2,8698,42,0:08.698,14.05.2025 17:57:18,,,ui.lap_update,carrera_v2_6b799dd9_992f_4f07_bcd0_a3815b27c6ec,,1747238237691,1747238237691,carrera_v2_lap_80687EFE,1161,7
,2,6528,42,0:06.528,14.05.2025 18:14:28,,,ui.lap_update,carrera_v2_6b799dd9_992f_4f07_bcd0_a3815b27c6ec,,1747239268461,1747239268461,carrera_v2_lap_80687EFE,1212,7
,1,7432,102,0:07.432,14.05.2025 18:14:32,,,ui.lap_update,carrera_v2_6b799dd9_992f_4f07_bcd0_a3815b27c6ec,,1747239272240,1747239272240,carrera_v2_lap_80687EFE,1484,3
,2,10848,42,0:10.848,14.05.2025 18:14:39,,,ui.lap_update,carrera_v2_6b799dd9_992f_4f07_bcd0_a3815b27c6ec,,1747239279322,1747239279322,carrera_v2_lap_80687EFE,1213,7
,1,9643,102,0:09.643,14.05.2025 18:14:42,,,ui.lap_update,carrera_v2_6b799dd9_992f_4f07_bcd0_a3815b27c6ec,,1747239281783,1747239281783,carrera_v2_lap_80687EFE,1485,3
,2,10968,42,0:10.968,14.05.2025 18:14:50,,,ui.lap_update,carrera_v2_6b799dd9_992f_4f07_bcd0_a3815b27c6ec,,1747239290242,1747239290242,carrera_v2_lap_80687EFE,1214,7
,1,10586,102,0:10.586,14.05.2025 18:14:52,,,ui.lap_update,carrera_v2_6b799dd9_992f_4f07_bcd0_a3815b27c6ec,,1747239292282,1747239292282,carrera_v2_lap_80687EFE,1486,3
,1,12496,113,0:12.496,27.05.2025 17:00:34,,,ui.lap_update,carrera_v2_6b799dd9_992f_4f07_bcd0_a3815b27c6ec,,1748358033956,1748358033956,carrera_v2_lap_80687EFE,387,7
,2,8779,112,0:08.779,27.05.2025 17:00:34,,,ui.lap_update,carrera_v2_6b799dd9_992f_4f07_bcd0_a3815b27c6ec,,1748358034196,1748358034196,carrera_v2_lap_80687EFE,438,7
,2,7430,112,0:07.430,27.05.2025 17:00:42,,,ui.lap_update,carrera_v2_6b799dd9_992f_4f07_bcd0_a3815b27c6ec,,1748358041516,1748358041516,carrera_v2_lap_80687EFE,439,7
,2,6133,112,0:06.133,27.05.2025 17:00:48,,,ui.lap_update,carrera_v2_6b799dd9_992f_4f07_bcd0_a3815b27c6ec,,1748358047755,1748358047755,carrera_v2_lap_80687EFE,440,7
,1,15925,113,0:15.925,27.05.2025 17:00:50,,,ui.lap_update,carrera_v2_6b799dd9_992f_4f07_bcd0_a3815b27c6ec,,1748358049796,1748358049796,carrera_v2_lap_80687EFE,388,7
,2,6495,112,0:06.495,27.05.2025 17:00:54,,,ui.lap_update,carrera_v2_6b799dd9_992f_4f07_bcd0_a3815b27c6ec,,1748358054116,1748358054116,carrera_v2_lap_80687EFE,441,7
,1,6189,113,0:06.189,27.05.2025 17:00:56,,,ui.lap_update,carrera_v2_6b799dd9_992f_4f07_bcd0_a3815b27c6ec,,1748358055978,1748358055978,carrera_v2_lap_80687EFE,389,7
,1,5231,113,0:05.231,27.05.2025 17:05:30,,,ui.lap_update,carrera_v2_6b799dd9_992f_4f07_bcd0_a3815b27c6ec,,1748358330121,1748358330121,carrera_v2_lap_80687EFE,428,3
,2,25958,112,0:25.958,27.05.2025 17:05:45,,,ui.lap_update,carrera_v2_6b799dd9_992f_4f07_bcd0_a3815b27c6ec,,1748358345361,1748358345361,carrera_v2_lap_80687EFE,483,7
,2,9873,112,0:09.873,27.05.2025 17:05:55,,,ui.lap_update,carrera_v2_6b799dd9_992f_4f07_bcd0_a3815b27c6ec,,1748358355140,1748358355140,carrera_v2_lap_80687EFE,484,7
,2,498164,42,8:18.164,27.05.2025 07:19:11,,,ui.lap_update,carrera_v2_6b799dd9_992f_4f07_bcd0_a3815b27c6ec,,1748323150663,1748323150663,carrera_v2_lap_80687EFE,9,7
,2,52578,42,0:52.578,27.05.2025 07:20:03,,,ui.lap_update,carrera_v2_6b799dd9_992f_4f07_bcd0_a3815b27c6ec,,1748323203159,1748323203159,carrera_v2_lap_80687EFE,10,7
,2,4876,42,0:04.876,27.05.2025 07:20:08,,,ui.lap_update,carrera_v2_6b799dd9_992f_4f07_bcd0_a3815b27c6ec,,1748323207957,1748323207957,carrera_v2_lap_80687EFE,11,7
,2,16265,42,0:16.265,27.05.2025 07:20:24,,,ui.lap_update,carrera_v2_6b799dd9_992f_4f07_bcd0_a3815b27c6ec,,1748323224218,1748323224218,carrera_v2_lap_80687EFE,12,7
,2,5432,42,0:05.432,27.05.2025 07:20:30,,,ui.lap_update,carrera_v2_6b799dd9_992f_4f07_bcd0_a3815b27c6ec,,1748323229557,1748323229557,carrera_v2_lap_80687EFE,13,7
,2,5764,42,0:05.764,27.05.2025 07:20:35,,,ui.lap_update,carrera_v2_6b799dd9_992f_4f07_bcd0_a3815b27c6ec,,1748323235317,1748323235317,carrera_v2_lap_80687EFE,14,7
,2,6109,42,0:06.109,27.05.2025 07:20:41,,,ui.lap_update,carrera_v2_6b799dd9_992f_4f07_bcd0_a3815b27c6ec,,1748323241436,1748323241436,carrera_v2_lap_80687EFE,15,7
,2,29484,42,0:29.484,27.05.2025 07:21:11,,,ui.lap_update,carrera_v2_6b799dd9_992f_4f07_bcd0_a3815b27c6ec,,1748323270838,1748323270838,carrera_v2_lap_80687EFE,16,7
,2,149758,42,2:29.758,27.05.2025 07:26:08,,,ui.lap_update,carrera_v2_6b799dd9_992f_4f07_bcd0_a3815b27c6ec,,1748323567603,1748323567603,carrera_v2_lap_80687EFE,1,2
,2,1137770,42,18:57.770,27.05.2025 07:45:02,,,ui.lap_update,carrera_v2_6b799dd9_992f_4f07_bcd0_a3815b27c6ec,,1748324702084,1748324702084,carrera_v2_lap_80687EFE,2,2
,1,1291903,103,21:31.903,27.05.2025 07:45:02,,,ui.lap_update,carrera_v2_6b799dd9_992f_4f07_bcd0_a3815b27c6ec,,1748324702443,1748324702443,carrera_v2_lap_80687EFE,1,3
,1,6983,103,0:06.983,27.05.2025 07:45:09,,,ui.lap_update,carrera_v2_6b799dd9_992f_4f07_bcd0_a3815b27c6ec,,1748324709472,1748324709472,carrera_v2_lap_80687EFE,2,3
,2,7709,42,0:07.709,27.05.2025 07:45:10,,,ui.lap_update,carrera_v2_6b799dd9_992f_4f07_bcd0_a3815b27c6ec,,1748324709819,1748324709819,carrera_v2_lap_80687EFE,3,2
,1,10256,103,0:10.256,27.05.2025 07:45:20,,,ui.lap_update,carrera_v2_6b799dd9_992f_4f07_bcd0_a3815b27c6ec,,1748324719663,1748324719663,carrera_v2_lap_80687EFE,3,3
,2,247626,42,4:07.626,27.05.2025 07:49:17,,,ui.lap_update,carrera_v2_6b799dd9_992f_4f07_bcd0_a3815b27c6ec,,1748324956677,1748324956677,carrera_v2_lap_80687EFE,4,2
,1,261341,103,4:21.341,27.05.2025 07:49:40,,,ui.lap_update,carrera_v2_6b799dd9_992f_4f07_bcd0_a3815b27c6ec,,1748324980198,1748324980198,carrera_v2_lap_80687EFE,4,3
,2,28350,42,0:28.350,27.05.2025 07:49:45,,,ui.lap_update,carrera_v2_6b799dd9_992f_4f07_bcd0_a3815b27c6ec,,1748324984998,1748324984998,carrera_v2_lap_80687EFE,5,2
,2,14274,42,0:14.274,27.05.2025 07:49:59,,,ui.lap_update,carrera_v2_6b799dd9_992f_4f07_bcd0_a3815b27c6ec,,1748324999157,1748324999157,carrera_v2_lap_80687EFE,6,2
,1,20640,103,0:20.640,27.05.2025 07:50:01,,,ui.lap_update,carrera_v2_6b799dd9_992f_4f07_bcd0_a3815b27c6ec,,1748325000837,1748325000837,carrera_v2_lap_80687EFE,5,3
,2,21969,42,0:21.969,27.05.2025 07:50:21,,,ui.lap_update,carrera_v2_6b799dd9_992f_4f07_bcd0_a3815b27c6ec,,1748325021118,1748325021118,carrera_v2_lap_80687EFE,7,2
,1,21948,103,0:21.948,27.05.2025 07:50:23,,,ui.lap_update,carrera_v2_6b799dd9_992f_4f07_bcd0_a3815b27c6ec,,1748325022678,1748325022678,carrera_v2_lap_80687EFE,6,3
,2,6099,42,0:06.099,27.05.2025 07:50:27,,,ui.lap_update,carrera_v2_6b799dd9_992f_4f07_bcd0_a3815b27c6ec,,1748325027125,1748325027125,carrera_v2_lap_80687EFE,8,2
,1,5037,103,0:05.037,27.05.2025 07:50:28,,,ui.lap_update,carrera_v2_6b799dd9_992f_4f07_bcd0_a3815b27c6ec,,1748325027843,1748325027843,carrera_v2_lap_80687EFE,7,3
,1,5358,103,0:05.358,27.05.2025 07:50:33,,,ui.lap_update,carrera_v2_6b799dd9_992f_4f07_bcd0_a3815b27c6ec,,1748325033118,1748325033118,carrera_v2_lap_80687EFE,8,3
,2,6255,42,0:06.255,27.05.2025 07:50:33,,,ui.lap_update,carrera_v2_6b799dd9_992f_4f07_bcd0_a3815b27c6ec,,1748325033358,1748325033358,carrera_v2_lap_80687EFE,9,2
,1,5510,103,0:05.510,27.05.2025 07:50:39,,,ui.lap_update,carrera_v2_6b799dd9_992f_4f07_bcd0_a3815b27c6ec,,1748325038580,1748325038580,carrera_v2_lap_80687EFE,9,3
,2,5386,42,0:05.386,27.05.2025 07:50:39,,,ui.lap_update,carrera_v2_6b799dd9_992f_4f07_bcd0_a3815b27c6ec,,1748325038819,1748325038819,carrera_v2_lap_80687EFE,10,2
,1,5584,103,0:05.584,27.05.2025 07:50:44,,,ui.lap_update,carrera_v2_6b799dd9_992f_4f07_bcd0_a3815b27c6ec,,1748325044099,1748325044099,carrera_v2_lap_80687EFE,10,3
,2,5619,42,0:05.619,27.05.2025 07:50:44,,,ui.lap_update,carrera_v2_6b799dd9_992f_4f07_bcd0_a3815b27c6ec,,1748325044459,1748325044459,carrera_v2_lap_80687EFE,11,2
,2,12638,42,0:12.638,27.05.2025 07:50:57,,,ui.lap_update,carrera_v2_6b799dd9_992f_4f07_bcd0_a3815b27c6ec,,1748325056999,1748325056999,carrera_v2_lap_80687EFE,12,2
,1,15817,103,0:15.817,27.05.2025 07:51:00,,,ui.lap_update,carrera_v2_6b799dd9_992f_4f07_bcd0_a3815b27c6ec,,1748325059941,1748325059941,carrera_v2_lap_80687EFE,11,3
,2,10567,42,0:10.567,27.05.2025 07:51:08,,,ui.lap_update,carrera_v2_6b799dd9_992f_4f07_bcd0_a3815b27c6ec,,1748325067560,1748325067560,carrera_v2_lap_80687EFE,13,2
,1,12423,103,0:12.423,27.05.2025 07:51:12,,,ui.lap_update,carrera_v2_6b799dd9_992f_4f07_bcd0_a3815b27c6ec,,1748325072301,1748325072301,carrera_v2_lap_80687EFE,12,3
,2,7800,42,0:07.800,27.05.2025 07:51:15,,,ui.lap_update,carrera_v2_6b799dd9_992f_4f07_bcd0_a3815b27c6ec,,1748325075360,1748325075360,carrera_v2_lap_80687EFE,14,2
,1,7265,103,0:07.265,27.05.2025 07:51:20,,,ui.lap_update,carrera_v2_6b799dd9_992f_4f07_bcd0_a3815b27c6ec,,1748325079562,1748325079562,carrera_v2_lap_80687EFE,13,3
,1,7953,103,0:07.953,27.05.2025 07:51:28,,,ui.lap_update,carrera_v2_6b799dd9_992f_4f07_bcd0_a3815b27c6ec,,1748325087541,1748325087541,carrera_v2_lap_80687EFE,14,3
,2,15112,42,0:15.112,27.05.2025 07:51:30,,,ui.lap_update,carrera_v2_6b799dd9_992f_4f07_bcd0_a3815b27c6ec,,1748325090421,1748325090421,carrera_v2_lap_80687EFE,15,2
,1,5249,103,0:05.249,27.05.2025 07:51:33,,,ui.lap_update,carrera_v2_6b799dd9_992f_4f07_bcd0_a3815b27c6ec,,1748325092702,1748325092702,carrera_v2_lap_80687EFE,15,3
,2,5106,42,0:05.106,27.05.2025 07:51:35,,,ui.lap_update,carrera_v2_6b799dd9_992f_4f07_bcd0_a3815b27c6ec,,1748325095403,1748325095403,carrera_v2_lap_80687EFE,16,2
,2,13365,42,0:13.365,27.05.2025 07:51:49,,,ui.lap_update,carrera_v2_6b799dd9_992f_4f07_bcd0_a3815b27c6ec,,1748325108784,1748325108784,carrera_v2_lap_80687EFE,17,2
,1,17151,103,0:17.151,27.05.2025 07:51:50,,,ui.lap_update,carrera_v2_6b799dd9_992f_4f07_bcd0_a3815b27c6ec,,1748325109803,1748325109803,carrera_v2_lap_80687EFE,16,3
,2,5014,42,0:05.014,27.05.2025 07:51:54,,,ui.lap_update,carrera_v2_6b799dd9_992f_4f07_bcd0_a3815b27c6ec,,1748325113770,1748325113770,carrera_v2_lap_80687EFE,18,2
,1,9498,103,0:09.498,27.05.2025 07:51:59,,,ui.lap_update,carrera_v2_6b799dd9_992f_4f07_bcd0_a3815b27c6ec,,1748325119223,1748325119223,carrera_v2_lap_80687EFE,17,3
,2,5641,42,0:05.641,27.05.2025 07:51:59,,,ui.lap_update,carrera_v2_6b799dd9_992f_4f07_bcd0_a3815b27c6ec,,1748325119463,1748325119463,carrera_v2_lap_80687EFE,19,2
,1,11104,103,0:11.104,27.05.2025 07:52:10,,,ui.lap_update,carrera_v2_6b799dd9_992f_4f07_bcd0_a3815b27c6ec,,1748325130445,1748325130445,carrera_v2_lap_80687EFE,18,3
,2,11569,42,0:11.569,27.05.2025 07:52:11,,,ui.lap_update,carrera_v2_6b799dd9_992f_4f07_bcd0_a3815b27c6ec,,1748325130923,1748325130923,carrera_v2_lap_80687EFE,20,2
,1,6487,103,0:06.487,27.05.2025 07:52:17,,,ui.lap_update,carrera_v2_6b799dd9_992f_4f07_bcd0_a3815b27c6ec,,1748325136864,1748325136864,carrera_v2_lap_80687EFE,19,3
,2,6672,42,0:06.672,27.05.2025 07:52:18,,,ui.lap_update,carrera_v2_6b799dd9_992f_4f07_bcd0_a3815b27c6ec,,1748325137585,1748325137585,carrera_v2_lap_80687EFE,21,2
,1,5185,103,0:05.185,27.05.2025 07:52:22,,,ui.lap_update,carrera_v2_6b799dd9_992f_4f07_bcd0_a3815b27c6ec,,1748325142025,1748325142025,carrera_v2_lap_80687EFE,20,3
,2,10405,42,0:10.405,27.05.2025 07:52:28,,,ui.lap_update,carrera_v2_6b799dd9_992f_4f07_bcd0_a3815b27c6ec,,1748325148086,1748325148086,carrera_v2_lap_80687EFE,22,2
,1,6802,103,0:06.802,27.05.2025 07:52:29,,,ui.lap_update,carrera_v2_6b799dd9_992f_4f07_bcd0_a3815b27c6ec,,1748325148805,1748325148805,carrera_v2_lap_80687EFE,21,3
,2,6935,42,0:06.935,27.05.2025 07:52:35,,,ui.lap_update,carrera_v2_6b799dd9_992f_4f07_bcd0_a3815b27c6ec,,1748325154926,1748325154926,carrera_v2_lap_80687EFE,23,2
,1,10811,103,0:10.811,27.05.2025 07:52:40,,,ui.lap_update,carrera_v2_6b799dd9_992f_4f07_bcd0_a3815b27c6ec,,1748325159547,1748325159547,carrera_v2_lap_80687EFE,22,3
,2,6468,42,0:06.468,27.05.2025 07:52:41,,,ui.lap_update,carrera_v2_6b799dd9_992f_4f07_bcd0_a3815b27c6ec,,1748325161345,1748325161345,carrera_v2_lap_80687EFE,24,2
,1,5474,103,0:05.474,27.05.2025 07:52:45,,,ui.lap_update,carrera_v2_6b799dd9_992f_4f07_bcd0_a3815b27c6ec,,1748325165005,1748325165005,carrera_v2_lap_80687EFE,23,3
,2,5461,42,0:05.461,27.05.2025 07:52:47,,,ui.lap_update,carrera_v2_6b799dd9_992f_4f07_bcd0_a3815b27c6ec,,1748325166745,1748325166745,carrera_v2_lap_80687EFE,25,2
,1,5948,103,0:05.948,27.05.2025 07:52:51,,,ui.lap_update,carrera_v2_6b799dd9_992f_4f07_bcd0_a3815b27c6ec,,1748325170886,1748325170886,carrera_v2_lap_80687EFE,24,3
,2,5269,42,0:05.269,27.05.2025 07:52:52,,,ui.lap_update,carrera_v2_6b799dd9_992f_4f07_bcd0_a3815b27c6ec,,1748325172086,1748325172086,carrera_v2_lap_80687EFE,26,2
,1,18569,103,0:18.569,27.05.2025 07:53:09,,,ui.lap_update,carrera_v2_6b799dd9_992f_4f07_bcd0_a3815b27c6ec,,1748325189487,1748325189487,carrera_v2_lap_80687EFE,25,3
,2,22502,42,0:22.502,27.05.2025 07:53:14,,,ui.lap_update,carrera_v2_6b799dd9_992f_4f07_bcd0_a3815b27c6ec,,1748325194407,1748325194407,carrera_v2_lap_80687EFE,27,2
,1,15164,103,0:15.164,27.05.2025 07:53:25,,,ui.lap_update,carrera_v2_6b799dd9_992f_4f07_bcd0_a3815b27c6ec,,1748325204547,1748325204547,carrera_v2_lap_80687EFE,26,3
,2,10185,42,0:10.185,27.05.2025 07:53:25,,,ui.lap_update,carrera_v2_6b799dd9_992f_4f07_bcd0_a3815b27c6ec,,1748325204668,1748325204668,carrera_v2_lap_80687EFE,28,2
,1,4942,103,0:04.942,27.05.2025 07:53:29,,,ui.lap_update,carrera_v2_6b799dd9_992f_4f07_bcd0_a3815b27c6ec,,1748325209475,1748325209475,carrera_v2_lap_80687EFE,27,3
,2,6409,42,0:06.409,27.05.2025 07:53:31,,,ui.lap_update,carrera_v2_6b799dd9_992f_4f07_bcd0_a3815b27c6ec,,1748325211088,1748325211088,carrera_v2_lap_80687EFE,29,2
,1,1802458,104,30:02.458,27.05.2025 08:37:21,,,ui.lap_update,carrera_v2_6b799dd9_992f_4f07_bcd0_a3815b27c6ec,,1748327841251,1748327841251,carrera_v2_lap_80687EFE,28,3
,1,9107,104,0:09.107,27.05.2025 08:37:30,,,ui.lap_update,carrera_v2_6b799dd9_992f_4f07_bcd0_a3815b27c6ec,,1748327850130,1748327850130,carrera_v2_lap_80687EFE,29,3
,1,6242,104,0:06.242,27.05.2025 08:37:36,,,ui.lap_update,carrera_v2_6b799dd9_992f_4f07_bcd0_a3815b27c6ec,,1748327856430,1748327856430,carrera_v2_lap_80687EFE,30,3
,1,5552,104,0:05.552,27.05.2025 08:37:42,,,ui.lap_update,carrera_v2_6b799dd9_992f_4f07_bcd0_a3815b27c6ec,,1748327861951,1748327861951,carrera_v2_lap_80687EFE,31,3
,1,9508,104,0:09.508,27.05.2025 08:37:51,,,ui.lap_update,carrera_v2_6b799dd9_992f_4f07_bcd0_a3815b27c6ec,,1748327871369,1748327871369,carrera_v2_lap_80687EFE,32,3
,1,26952,104,0:26.952,27.05.2025 08:38:18,,,ui.lap_update,carrera_v2_6b799dd9_992f_4f07_bcd0_a3815b27c6ec,,1748327898250,1748327898250,carrera_v2_lap_80687EFE,33,3
,1,45028,104,0:45.028,27.05.2025 08:39:03,,,ui.lap_update,carrera_v2_6b799dd9_992f_4f07_bcd0_a3815b27c6ec,,1748327943192,1748327943192,carrera_v2_lap_80687EFE,34,3
,1,5789,104,0:05.789,27.05.2025 08:39:09,,,ui.lap_update,carrera_v2_6b799dd9_992f_4f07_bcd0_a3815b27c6ec,,1748327948893,1748327948893,carrera_v2_lap_80687EFE,35,3
,1,6412,104,0:06.412,27.05.2025 08:39:15,,,ui.lap_update,carrera_v2_6b799dd9_992f_4f07_bcd0_a3815b27c6ec,,1748327955372,1748327955372,carrera_v2_lap_80687EFE,36,3
,1,5957,104,0:05.957,27.05.2025 08:39:21,,,ui.lap_update,carrera_v2_6b799dd9_992f_4f07_bcd0_a3815b27c6ec,,1748327961251,1748327961251,carrera_v2_lap_80687EFE,37,3
,1,5993,104,0:05.993,27.05.2025 08:39:27,,,ui.lap_update,carrera_v2_6b799dd9_992f_4f07_bcd0_a3815b27c6ec,,1748327967251,1748327967251,carrera_v2_lap_80687EFE,38,3
,1,5543,104,0:05.543,27.05.2025 08:39:33,,,ui.lap_update,carrera_v2_6b799dd9_992f_4f07_bcd0_a3815b27c6ec,,1748327972711,1748327972711,carrera_v2_lap_80687EFE,39,3
,1,455650,104,7:35.650,27.05.2025 08:47:07,,,ui.lap_update,carrera_v2_6b799dd9_992f_4f07_bcd0_a3815b27c6ec,,1748328427100,1748328427100,carrera_v2_lap_80687EFE,40,3
,2,1803966,105,30:03.966,27.05.2025 08:47:36,,,ui.lap_update,carrera_v2_6b799dd9_992f_4f07_bcd0_a3815b27c6ec,,1748328456437,1748328456437,carrera_v2_lap_80687EFE,30,2
,1,22182,104,0:22.182,27.05.2025 08:47:37,,,ui.lap_update,carrera_v2_6b799dd9_992f_4f07_bcd0_a3815b27c6ec,,1748328456616,1748328456616,carrera_v2_lap_80687EFE,41,3
,2,6892,105,0:06.892,27.05.2025 08:47:44,,,ui.lap_update,carrera_v2_6b799dd9_992f_4f07_bcd0_a3815b27c6ec,,1748328463517,1748328463517,carrera_v2_lap_80687EFE,31,2
,1,7643,104,0:07.643,27.05.2025 08:47:44,,,ui.lap_update,carrera_v2_6b799dd9_992f_4f07_bcd0_a3815b27c6ec,,1748328464119,1748328464119,carrera_v2_lap_80687EFE,42,3
,2,6022,105,0:06.022,27.05.2025 08:47:49,,,ui.lap_update,carrera_v2_6b799dd9_992f_4f07_bcd0_a3815b27c6ec,,1748328469338,1748328469338,carrera_v2_lap_80687EFE,32,2
,1,6116,104,0:06.116,27.05.2025 08:47:50,,,ui.lap_update,carrera_v2_6b799dd9_992f_4f07_bcd0_a3815b27c6ec,,1748328470239,1748328470239,carrera_v2_lap_80687EFE,43,3
,2,5835,105,0:05.835,27.05.2025 08:47:55,,,ui.lap_update,carrera_v2_6b799dd9_992f_4f07_bcd0_a3815b27c6ec,,1748328475158,1748328475158,carrera_v2_lap_80687EFE,33,2
,2,5498,105,0:05.498,27.05.2025 08:48:01,,,ui.lap_update,carrera_v2_6b799dd9_992f_4f07_bcd0_a3815b27c6ec,,1748328480677,1748328480677,carrera_v2_lap_80687EFE,34,2
,1,13682,104,0:13.682,27.05.2025 08:48:04,,,ui.lap_update,carrera_v2_6b799dd9_992f_4f07_bcd0_a3815b27c6ec,,1748328483858,1748328483858,carrera_v2_lap_80687EFE,44,3
,2,6049,105,0:06.049,27.05.2025 08:48:07,,,ui.lap_update,carrera_v2_6b799dd9_992f_4f07_bcd0_a3815b27c6ec,,1748328486738,1748328486738,carrera_v2_lap_80687EFE,35,2
,1,7243,104,0:07.243,27.05.2025 08:48:11,,,ui.lap_update,carrera_v2_6b799dd9_992f_4f07_bcd0_a3815b27c6ec,,1748328491117,1748328491117,carrera_v2_lap_80687EFE,45,3
,2,7198,105,0:07.198,27.05.2025 08:48:14,,,ui.lap_update,carrera_v2_6b799dd9_992f_4f07_bcd0_a3815b27c6ec,,1748328493878,1748328493878,carrera_v2_lap_80687EFE,36,2
,1,6939,104,0:06.939,27.05.2025 08:48:18,,,ui.lap_update,carrera_v2_6b799dd9_992f_4f07_bcd0_a3815b27c6ec,,1748328498017,1748328498017,carrera_v2_lap_80687EFE,46,3
,2,6587,105,0:06.587,27.05.2025 08:48:20,,,ui.lap_update,carrera_v2_6b799dd9_992f_4f07_bcd0_a3815b27c6ec,,1748328500417,1748328500417,carrera_v2_lap_80687EFE,37,2
,1,6271,104,0:06.271,27.05.2025 08:48:24,,,ui.lap_update,carrera_v2_6b799dd9_992f_4f07_bcd0_a3815b27c6ec,,1748328504258,1748328504258,carrera_v2_lap_80687EFE,47,3
,1,2018,104,0:02.018,27.05.2025 08:48:26,,,ui.lap_update,carrera_v2_6b799dd9_992f_4f07_bcd0_a3815b27c6ec,,1748328506305,1748328506305,carrera_v2_lap_80687EFE,48,3
,1,4088,104,0:04.088,27.05.2025 08:48:30,,,ui.lap_update,carrera_v2_6b799dd9_992f_4f07_bcd0_a3815b27c6ec,,1748328510380,1748328510380,carrera_v2_lap_80687EFE,49,3
,2,11732,105,0:11.732,27.05.2025 08:48:32,,,ui.lap_update,carrera_v2_6b799dd9_992f_4f07_bcd0_a3815b27c6ec,,1748328512118,1748328512118,carrera_v2_lap_80687EFE,38,2
,1,9312,104,0:09.312,27.05.2025 08:48:40,,,ui.lap_update,carrera_v2_6b799dd9_992f_4f07_bcd0_a3815b27c6ec,,1748328519618,1748328519618,carrera_v2_lap_80687EFE,50,3
,2,9372,105,0:09.372,27.05.2025 08:48:42,,,ui.lap_update,carrera_v2_6b799dd9_992f_4f07_bcd0_a3815b27c6ec,,1748328521538,1748328521538,carrera_v2_lap_80687EFE,39,2
,1,6366,104,0:06.366,27.05.2025 08:48:46,,,ui.lap_update,carrera_v2_6b799dd9_992f_4f07_bcd0_a3815b27c6ec,,1748328525977,1748328525977,carrera_v2_lap_80687EFE,51,3
,2,5795,105,0:05.795,27.05.2025 08:48:47,,,ui.lap_update,carrera_v2_6b799dd9_992f_4f07_bcd0_a3815b27c6ec,,1748328527300,1748328527300,carrera_v2_lap_80687EFE,40,2
,1,5469,104,0:05.469,27.05.2025 08:48:51,,,ui.lap_update,carrera_v2_6b799dd9_992f_4f07_bcd0_a3815b27c6ec,,1748328531438,1748328531438,carrera_v2_lap_80687EFE,52,3
,2,5130,105,0:05.130,27.05.2025 08:48:52,,,ui.lap_update,carrera_v2_6b799dd9_992f_4f07_bcd0_a3815b27c6ec,,1748328532460,1748328532460,carrera_v2_lap_80687EFE,41,2
,1,8725,104,0:08.725,27.05.2025 08:49:00,,,ui.lap_update,carrera_v2_6b799dd9_992f_4f07_bcd0_a3815b27c6ec,,1748328540138,1748328540138,carrera_v2_lap_80687EFE,53,3
,2,8094,105,0:08.094,27.05.2025 08:49:00,,,ui.lap_update,carrera_v2_6b799dd9_992f_4f07_bcd0_a3815b27c6ec,,1748328540498,1748328540498,carrera_v2_lap_80687EFE,42,2
,1,11997,104,0:11.997,27.05.2025 08:49:12,,,ui.lap_update,carrera_v2_6b799dd9_992f_4f07_bcd0_a3815b27c6ec,,1748328552078,1748328552078,carrera_v2_lap_80687EFE,54,3
,2,590921,106,9:50.921,27.05.2025 08:58:50,,,ui.lap_update,carrera_v2_6b799dd9_992f_4f07_bcd0_a3815b27c6ec,,1748329129707,1748329129707,carrera_v2_lap_80687EFE,43,2
,2,7819,106,0:07.819,27.05.2025 08:58:57,,,ui.lap_update,carrera_v2_6b799dd9_992f_4f07_bcd0_a3815b27c6ec,,1748329137447,1748329137447,carrera_v2_lap_80687EFE,44,2
,2,7104,106,0:07.104,27.05.2025 08:59:05,,,ui.lap_update,carrera_v2_6b799dd9_992f_4f07_bcd0_a3815b27c6ec,,1748329144527,1748329144527,carrera_v2_lap_80687EFE,45,2
,2,6652,106,0:06.652,27.05.2025 08:59:11,,,ui.lap_update,carrera_v2_6b799dd9_992f_4f07_bcd0_a3815b27c6ec,,1748329151187,1748329151187,carrera_v2_lap_80687EFE,46,2
,2,5331,106,0:05.331,27.05.2025 08:59:16,,,ui.lap_update,carrera_v2_6b799dd9_992f_4f07_bcd0_a3815b27c6ec,,1748329156467,1748329156467,carrera_v2_lap_80687EFE,47,2
,2,5252,106,0:05.252,27.05.2025 08:59:22,,,ui.lap_update,carrera_v2_6b799dd9_992f_4f07_bcd0_a3815b27c6ec,,1748329161747,1748329161747,carrera_v2_lap_80687EFE,48,2
,2,10067,106,0:10.067,27.05.2025 08:59:32,,,ui.lap_update,carrera_v2_6b799dd9_992f_4f07_bcd0_a3815b27c6ec,,1748329171708,1748329171708,carrera_v2_lap_80687EFE,49,2
,2,11122,106,0:11.122,27.05.2025 08:59:43,,,ui.lap_update,carrera_v2_6b799dd9_992f_4f07_bcd0_a3815b27c6ec,,1748329182808,1748329182808,carrera_v2_lap_80687EFE,50,2
,2,6631,106,0:06.631,27.05.2025 08:59:49,,,ui.lap_update,carrera_v2_6b799dd9_992f_4f07_bcd0_a3815b27c6ec,,1748329189408,1748329189408,carrera_v2_lap_80687EFE,51,2
,2,6240,106,0:06.240,27.05.2025 08:59:56,,,ui.lap_update,carrera_v2_6b799dd9_992f_4f07_bcd0_a3815b27c6ec,,1748329195649,1748329195649,carrera_v2_lap_80687EFE,52,2
,2,6355,106,0:06.355,27.05.2025 09:00:02,,,ui.lap_update,carrera_v2_6b799dd9_992f_4f07_bcd0_a3815b27c6ec,,1748329201948,1748329201948,carrera_v2_lap_80687EFE,53,2
,2,5621,106,0:05.621,27.05.2025 09:00:08,,,ui.lap_update,carrera_v2_6b799dd9_992f_4f07_bcd0_a3815b27c6ec,,1748329207588,1748329207588,carrera_v2_lap_80687EFE,54,2
,1,1755217,107,29:15.217,27.05.2025 09:18:22,,,ui.lap_update,carrera_v2_6b799dd9_992f_4f07_bcd0_a3815b27c6ec,,1748330302090,1748330302090,carrera_v2_lap_80687EFE,55,3
,1,1681,107,0:01.681,27.05.2025 09:18:24,,,ui.lap_update,carrera_v2_6b799dd9_992f_4f07_bcd0_a3815b27c6ec,,1748330303712,1748330303712,carrera_v2_lap_80687EFE,56,3
,2,1122609,103,18:42.609,27.05.2025 09:18:55,,,ui.lap_update,carrera_v2_6b799dd9_992f_4f07_bcd0_a3815b27c6ec,,1748330335151,1748330335151,carrera_v2_lap_80687EFE,55,2
,1,23668,107,0:23.668,27.05.2025 09:18:56,,,ui.lap_update,carrera_v2_6b799dd9_992f_4f07_bcd0_a3815b27c6ec,,1748330335568,1748330335568,carrera_v2_lap_80687EFE,57,3
,2,13285,103,0:13.285,27.05.2025 09:19:08,,,ui.lap_update,carrera_v2_6b799dd9_992f_4f07_bcd0_a3815b27c6ec,,1748330348289,1748330348289,carrera_v2_lap_80687EFE,56,2
,1,20482,107,0:20.482,27.05.2025 09:19:16,,,ui.lap_update,carrera_v2_6b799dd9_992f_4f07_bcd0_a3815b27c6ec,,1748330356046,1748330356046,carrera_v2_lap_80687EFE,58,3
,2,13439,103,0:13.439,27.05.2025 09:19:22,,,ui.lap_update,carrera_v2_6b799dd9_992f_4f07_bcd0_a3815b27c6ec,,1748330361851,1748330361851,carrera_v2_lap_80687EFE,57,2
,1,9681,107,0:09.681,27.05.2025 09:19:26,,,ui.lap_update,carrera_v2_6b799dd9_992f_4f07_bcd0_a3815b27c6ec,,1748330365630,1748330365630,carrera_v2_lap_80687EFE,59,3
,2,7708,103,0:07.708,27.05.2025 09:19:30,,,ui.lap_update,carrera_v2_6b799dd9_992f_4f07_bcd0_a3815b27c6ec,,1748330369530,1748330369530,carrera_v2_lap_80687EFE,58,2
,2,8322,103,0:08.322,27.05.2025 09:19:38,,,ui.lap_update,carrera_v2_6b799dd9_992f_4f07_bcd0_a3815b27c6ec,,1748330377809,1748330377809,carrera_v2_lap_80687EFE,59,2
,1,12170,107,0:12.170,27.05.2025 09:19:38,,,ui.lap_update,carrera_v2_6b799dd9_992f_4f07_bcd0_a3815b27c6ec,,1748330377929,1748330377929,carrera_v2_lap_80687EFE,60,3
,2,6400,103,0:06.400,27.05.2025 09:19:44,,,ui.lap_update,carrera_v2_6b799dd9_992f_4f07_bcd0_a3815b27c6ec,,1748330384169,1748330384169,carrera_v2_lap_80687EFE,60,2
,1,8320,107,0:08.320,27.05.2025 09:19:46,,,ui.lap_update,carrera_v2_6b799dd9_992f_4f07_bcd0_a3815b27c6ec,,1748330386150,1748330386150,carrera_v2_lap_80687EFE,61,3
,2,6024,103,0:06.024,27.05.2025 09:19:50,,,ui.lap_update,carrera_v2_6b799dd9_992f_4f07_bcd0_a3815b27c6ec,,1748330390110,1748330390110,carrera_v2_lap_80687EFE,61,2
,2,16145,103,0:16.145,27.05.2025 09:20:06,,,ui.lap_update,carrera_v2_6b799dd9_992f_4f07_bcd0_a3815b27c6ec,,1748330406189,1748330406189,carrera_v2_lap_80687EFE,62,2
,1,24981,107,0:24.981,27.05.2025 09:20:11,,,ui.lap_update,carrera_v2_6b799dd9_992f_4f07_bcd0_a3815b27c6ec,,1748330411049,1748330411049,carrera_v2_lap_80687EFE,62,3
,2,8783,103,0:08.783,27.05.2025 09:20:15,,,ui.lap_update,carrera_v2_6b799dd9_992f_4f07_bcd0_a3815b27c6ec,,1748330414949,1748330414949,carrera_v2_lap_80687EFE,63,2
,2,6045,103,0:06.045,27.05.2025 09:20:21,,,ui.lap_update,carrera_v2_6b799dd9_992f_4f07_bcd0_a3815b27c6ec,,1748330420949,1748330420949,carrera_v2_lap_80687EFE,64,2
,1,10902,107,0:10.902,27.05.2025 09:20:22,,,ui.lap_update,carrera_v2_6b799dd9_992f_4f07_bcd0_a3815b27c6ec,,1748330421849,1748330421849,carrera_v2_lap_80687EFE,63,3
,2,6620,103,0:06.620,27.05.2025 09:20:28,,,ui.lap_update,carrera_v2_6b799dd9_992f_4f07_bcd0_a3815b27c6ec,,1748330427549,1748330427549,carrera_v2_lap_80687EFE,65,2
,1,10799,107,0:10.799,27.05.2025 09:20:33,,,ui.lap_update,carrera_v2_6b799dd9_992f_4f07_bcd0_a3815b27c6ec,,1748330432709,1748330432709,carrera_v2_lap_80687EFE,64,3
,2,5588,103,0:05.588,27.05.2025 09:20:33,,,ui.lap_update,carrera_v2_6b799dd9_992f_4f07_bcd0_a3815b27c6ec,,1748330433189,1748330433189,carrera_v2_lap_80687EFE,66,2
,2,5163,103,0:05.163,27.05.2025 09:20:38,,,ui.lap_update,carrera_v2_6b799dd9_992f_4f07_bcd0_a3815b27c6ec,,1748330438288,1748330438288,carrera_v2_lap_80687EFE,67,2
,1,8352,107,0:08.352,27.05.2025 09:20:41,,,ui.lap_update,carrera_v2_6b799dd9_992f_4f07_bcd0_a3815b27c6ec,,1748330441049,1748330441049,carrera_v2_lap_80687EFE,65,3
,2,4950,103,0:04.950,27.05.2025 09:20:43,,,ui.lap_update,carrera_v2_6b799dd9_992f_4f07_bcd0_a3815b27c6ec,,1748330443271,1748330443271,carrera_v2_lap_80687EFE,68,2
,1,6225,107,0:06.225,27.05.2025 09:20:47,,,ui.lap_update,carrera_v2_6b799dd9_992f_4f07_bcd0_a3815b27c6ec,,1748330447229,1748330447229,carrera_v2_lap_80687EFE,66,3
,2,5095,103,0:05.095,27.05.2025 09:20:48,,,ui.lap_update,carrera_v2_6b799dd9_992f_4f07_bcd0_a3815b27c6ec,,1748330448370,1748330448370,carrera_v2_lap_80687EFE,69,2
,2,5020,103,0:05.020,27.05.2025 09:20:53,,,ui.lap_update,carrera_v2_6b799dd9_992f_4f07_bcd0_a3815b27c6ec,,1748330453348,1748330453348,carrera_v2_lap_80687EFE,70,2
,2,5010,103,0:05.010,27.05.2025 09:20:58,,,ui.lap_update,carrera_v2_6b799dd9_992f_4f07_bcd0_a3815b27c6ec,,1748330458329,1748330458329,carrera_v2_lap_80687EFE,71,2
,1,11375,107,0:11.375,27.05.2025 09:20:59,,,ui.lap_update,carrera_v2_6b799dd9_992f_4f07_bcd0_a3815b27c6ec,,1748330458569,1748330458569,carrera_v2_lap_80687EFE,67,3
,1,9181,107,0:09.181,27.05.2025 09:21:08,,,ui.lap_update,carrera_v2_6b799dd9_992f_4f07_bcd0_a3815b27c6ec,,1748330467751,1748330467751,carrera_v2_lap_80687EFE,68,3
,2,9981,103,0:09.981,27.05.2025 09:21:08,,,ui.lap_update,carrera_v2_6b799dd9_992f_4f07_bcd0_a3815b27c6ec,,1748330468350,1748330468350,carrera_v2_lap_80687EFE,72,2
,2,10337,103,0:10.337,27.05.2025 09:21:19,,,ui.lap_update,carrera_v2_6b799dd9_992f_4f07_bcd0_a3815b27c6ec,,1748330478557,1748330478557,carrera_v2_lap_80687EFE,73,2
,1,12029,107,0:12.029,27.05.2025 09:21:20,,,ui.lap_update,carrera_v2_6b799dd9_992f_4f07_bcd0_a3815b27c6ec,,1748330479749,1748330479749,carrera_v2_lap_80687EFE,69,3
,1,5800,107,0:05.800,27.05.2025 09:21:26,,,ui.lap_update,carrera_v2_6b799dd9_992f_4f07_bcd0_a3815b27c6ec,,1748330485569,1748330485569,carrera_v2_lap_80687EFE,70,3
,2,12093,103,0:12.093,27.05.2025 09:21:31,,,ui.lap_update,carrera_v2_6b799dd9_992f_4f07_bcd0_a3815b27c6ec,,1748330490609,1748330490609,carrera_v2_lap_80687EFE,74,2
,1,6474,107,0:06.474,27.05.2025 09:21:32,,,ui.lap_update,carrera_v2_6b799dd9_992f_4f07_bcd0_a3815b27c6ec,,1748330491869,1748330491869,carrera_v2_lap_80687EFE,71,3
,2,4936,103,0:04.936,27.05.2025 09:21:36,,,ui.lap_update,carrera_v2_6b799dd9_992f_4f07_bcd0_a3815b27c6ec,,1748330495590,1748330495590,carrera_v2_lap_80687EFE,75,2
,1,6552,107,0:06.552,27.05.2025 09:21:39,,,ui.lap_update,carrera_v2_6b799dd9_992f_4f07_bcd0_a3815b27c6ec,,1748330498530,1748330498530,carrera_v2_lap_80687EFE,72,3
,2,5354,103,0:05.354,27.05.2025 09:21:41,,,ui.lap_update,carrera_v2_6b799dd9_992f_4f07_bcd0_a3815b27c6ec,,1748330500929,1748330500929,carrera_v2_lap_80687EFE,76,2
,1,6225,107,0:06.225,27.05.2025 09:21:45,,,ui.lap_update,carrera_v2_6b799dd9_992f_4f07_bcd0_a3815b27c6ec,,1748330504649,1748330504649,carrera_v2_lap_80687EFE,73,3
,2,4981,103,0:04.981,27.05.2025 09:21:46,,,ui.lap_update,carrera_v2_6b799dd9_992f_4f07_bcd0_a3815b27c6ec,,1748330505910,1748330505910,carrera_v2_lap_80687EFE,77,2
,1,6159,107,0:06.159,27.05.2025 09:21:51,,,ui.lap_update,carrera_v2_6b799dd9_992f_4f07_bcd0_a3815b27c6ec,,1748330510829,1748330510829,carrera_v2_lap_80687EFE,74,3
,2,5011,103,0:05.011,27.05.2025 09:21:51,,,ui.lap_update,carrera_v2_6b799dd9_992f_4f07_bcd0_a3815b27c6ec,,1748330510949,1748330510949,carrera_v2_lap_80687EFE,78,2
,1,5960,107,0:05.960,27.05.2025 09:21:57,,,ui.lap_update,carrera_v2_6b799dd9_992f_4f07_bcd0_a3815b27c6ec,,1748330516829,1748330516829,carrera_v2_lap_80687EFE,75,3
,2,5969,103,0:05.969,27.05.2025 09:21:57,,,ui.lap_update,carrera_v2_6b799dd9_992f_4f07_bcd0_a3815b27c6ec,,1748330517010,1748330517010,carrera_v2_lap_80687EFE,79,2
,2,5316,103,0:05.316,27.05.2025 09:22:02,,,ui.lap_update,carrera_v2_6b799dd9_992f_4f07_bcd0_a3815b27c6ec,,1748330522168,1748330522168,carrera_v2_lap_80687EFE,80,2
,1,11215,107,0:11.215,27.05.2025 09:22:08,,,ui.lap_update,carrera_v2_6b799dd9_992f_4f07_bcd0_a3815b27c6ec,,1748330527990,1748330527990,carrera_v2_lap_80687EFE,76,3
,2,15664,103,0:15.664,27.05.2025 09:22:18,,,ui.lap_update,carrera_v2_6b799dd9_992f_4f07_bcd0_a3815b27c6ec,,1748330537769,1748330537769,carrera_v2_lap_80687EFE,81,2
,2,271116,103,4:31.116,27.05.2025 09:26:48,,,ui.lap_update,carrera_v2_6b799dd9_992f_4f07_bcd0_a3815b27c6ec,,1748330808012,1748330808012,carrera_v2_lap_80687EFE,82,2
,2,53388,103,0:53.388,27.05.2025 09:27:41,,,ui.lap_update,carrera_v2_6b799dd9_992f_4f07_bcd0_a3815b27c6ec,,1748330861353,1748330861353,carrera_v2_lap_80687EFE,83,2
,2,48015,109,0:48.015,27.05.2025 09:28:48,,,ui.lap_update,carrera_v2_6b799dd9_992f_4f07_bcd0_a3815b27c6ec,,1748330927651,1748330927651,carrera_v2_lap_80687EFE,84,2
,1,382650,108,6:22.650,27.05.2025 09:28:48,,,ui.lap_update,carrera_v2_6b799dd9_992f_4f07_bcd0_a3815b27c6ec,,1748330927890,1748330927890,carrera_v2_lap_80687EFE,77,3
,1,15322,108,0:15.322,27.05.2025 09:29:03,,,ui.lap_update,carrera_v2_6b799dd9_992f_4f07_bcd0_a3815b27c6ec,,1748330943131,1748330943131,carrera_v2_lap_80687EFE,78,3
,2,20103,109,0:20.103,27.05.2025 09:29:08,,,ui.lap_update,carrera_v2_6b799dd9_992f_4f07_bcd0_a3815b27c6ec,,1748330947630,1748330947630,carrera_v2_lap_80687EFE,85,2
,1,5794,108,0:05.794,27.05.2025 09:29:09,,,ui.lap_update,carrera_v2_6b799dd9_992f_4f07_bcd0_a3815b27c6ec,,1748330948950,1748330948950,carrera_v2_lap_80687EFE,79,3
,2,5305,109,0:05.305,27.05.2025 09:29:13,,,ui.lap_update,carrera_v2_6b799dd9_992f_4f07_bcd0_a3815b27c6ec,,1748330952910,1748330952910,carrera_v2_lap_80687EFE,86,2
,1,9434,108,0:09.434,27.05.2025 09:29:18,,,ui.lap_update,carrera_v2_6b799dd9_992f_4f07_bcd0_a3815b27c6ec,,1748330958310,1748330958310,carrera_v2_lap_80687EFE,80,3
,2,5761,109,0:05.761,27.05.2025 09:29:19,,,ui.lap_update,carrera_v2_6b799dd9_992f_4f07_bcd0_a3815b27c6ec,,1748330958671,1748330958671,carrera_v2_lap_80687EFE,87,2
,1,7162,108,0:07.162,27.05.2025 09:29:25,,,ui.lap_update,carrera_v2_6b799dd9_992f_4f07_bcd0_a3815b27c6ec,,1748330965451,1748330965451,carrera_v2_lap_80687EFE,81,3
,2,7539,109,0:07.539,27.05.2025 09:29:26,,,ui.lap_update,carrera_v2_6b799dd9_992f_4f07_bcd0_a3815b27c6ec,,1748330966110,1748330966110,carrera_v2_lap_80687EFE,88,2
,1,7858,108,0:07.858,27.05.2025 09:29:33,,,ui.lap_update,carrera_v2_6b799dd9_992f_4f07_bcd0_a3815b27c6ec,,1748330973316,1748330973316,carrera_v2_lap_80687EFE,82,3
,2,9738,109,0:09.738,27.05.2025 09:29:36,,,ui.lap_update,carrera_v2_6b799dd9_992f_4f07_bcd0_a3815b27c6ec,,1748330975889,1748330975889,carrera_v2_lap_80687EFE,89,2
,1,7137,108,0:07.137,27.05.2025 09:29:40,,,ui.lap_update,carrera_v2_6b799dd9_992f_4f07_bcd0_a3815b27c6ec,,1748330980451,1748330980451,carrera_v2_lap_80687EFE,83,3
,2,11012,109,0:11.012,27.05.2025 09:29:47,,,ui.lap_update,carrera_v2_6b799dd9_992f_4f07_bcd0_a3815b27c6ec,,1748330986812,1748330986812,carrera_v2_lap_80687EFE,90,2
,1,7050,108,0:07.050,27.05.2025 09:29:47,,,ui.lap_update,carrera_v2_6b799dd9_992f_4f07_bcd0_a3815b27c6ec,,1748330987411,1748330987411,carrera_v2_lap_80687EFE,84,3
,1,6244,108,0:06.244,27.05.2025 09:29:54,,,ui.lap_update,carrera_v2_6b799dd9_992f_4f07_bcd0_a3815b27c6ec,,1748330993650,1748330993650,carrera_v2_lap_80687EFE,85,3
,1,5354,108,0:05.354,27.05.2025 09:29:59,,,ui.lap_update,carrera_v2_6b799dd9_992f_4f07_bcd0_a3815b27c6ec,,1748330998990,1748330998990,carrera_v2_lap_80687EFE,86,3
,2,21854,109,0:21.854,27.05.2025 09:30:09,,,ui.lap_update,carrera_v2_6b799dd9_992f_4f07_bcd0_a3815b27c6ec,,1748331008592,1748331008592,carrera_v2_lap_80687EFE,91,2
,1,11300,108,0:11.300,27.05.2025 09:30:10,,,ui.lap_update,carrera_v2_6b799dd9_992f_4f07_bcd0_a3815b27c6ec,,1748331010210,1748331010210,carrera_v2_lap_80687EFE,87,3
,2,6067,109,0:06.067,27.05.2025 09:30:15,,,ui.lap_update,carrera_v2_6b799dd9_992f_4f07_bcd0_a3815b27c6ec,,1748331014710,1748331014710,carrera_v2_lap_80687EFE,92,2
,1,5442,108,0:05.442,27.05.2025 09:30:16,,,ui.lap_update,carrera_v2_6b799dd9_992f_4f07_bcd0_a3815b27c6ec,,1748331015670,1748331015670,carrera_v2_lap_80687EFE,88,3
,2,5365,109,0:05.365,27.05.2025 09:30:20,,,ui.lap_update,carrera_v2_6b799dd9_992f_4f07_bcd0_a3815b27c6ec,,1748331020051,1748331020051,carrera_v2_lap_80687EFE,93,2
,1,9785,108,0:09.785,27.05.2025 09:30:26,,,ui.lap_update,carrera_v2_6b799dd9_992f_4f07_bcd0_a3815b27c6ec,,1748331025510,1748331025510,carrera_v2_lap_80687EFE,89,3
,2,6514,109,0:06.514,27.05.2025 09:30:27,,,ui.lap_update,carrera_v2_6b799dd9_992f_4f07_bcd0_a3815b27c6ec,,1748331026531,1748331026531,carrera_v2_lap_80687EFE,94,2
,1,5226,108,0:05.226,27.05.2025 09:30:31,,,ui.lap_update,carrera_v2_6b799dd9_992f_4f07_bcd0_a3815b27c6ec,,1748331030611,1748331030611,carrera_v2_lap_80687EFE,90,3
,2,6215,109,0:06.215,27.05.2025 09:30:33,,,ui.lap_update,carrera_v2_6b799dd9_992f_4f07_bcd0_a3815b27c6ec,,1748331032711,1748331032711,carrera_v2_lap_80687EFE,95,2
,1,5936,108,0:05.936,27.05.2025 09:30:37,,,ui.lap_update,carrera_v2_6b799dd9_992f_4f07_bcd0_a3815b27c6ec,,1748331036551,1748331036551,carrera_v2_lap_80687EFE,91,3
,2,5637,109,0:05.637,27.05.2025 09:30:38,,,ui.lap_update,carrera_v2_6b799dd9_992f_4f07_bcd0_a3815b27c6ec,,1748331038410,1748331038410,carrera_v2_lap_80687EFE,96,2
,1,5498,108,0:05.498,27.05.2025 09:30:42,,,ui.lap_update,carrera_v2_6b799dd9_992f_4f07_bcd0_a3815b27c6ec,,1748331042072,1748331042072,carrera_v2_lap_80687EFE,92,3
,2,7194,109,0:07.194,27.05.2025 09:30:46,,,ui.lap_update,carrera_v2_6b799dd9_992f_4f07_bcd0_a3815b27c6ec,,1748331045550,1748331045550,carrera_v2_lap_80687EFE,97,2
,1,7052,108,0:07.052,27.05.2025 09:30:49,,,ui.lap_update,carrera_v2_6b799dd9_992f_4f07_bcd0_a3815b27c6ec,,1748331049150,1748331049150,carrera_v2_lap_80687EFE,93,3
,2,9215,109,0:09.215,27.05.2025 09:30:55,,,ui.lap_update,carrera_v2_6b799dd9_992f_4f07_bcd0_a3815b27c6ec,,1748331054791,1748331054791,carrera_v2_lap_80687EFE,98,2
,1,5886,108,0:05.886,27.05.2025 09:30:55,,,ui.lap_update,carrera_v2_6b799dd9_992f_4f07_bcd0_a3815b27c6ec,,1748331054910,1748331054910,carrera_v2_lap_80687EFE,94,3
,1,6304,108,0:06.304,27.05.2025 09:31:01,,,ui.lap_update,carrera_v2_6b799dd9_992f_4f07_bcd0_a3815b27c6ec,,1748331061270,1748331061270,carrera_v2_lap_80687EFE,95,3
,1,5839,108,0:05.839,27.05.2025 09:31:07,,,ui.lap_update,carrera_v2_6b799dd9_992f_4f07_bcd0_a3815b27c6ec,,1748331067031,1748331067031,carrera_v2_lap_80687EFE,96,3
,2,12525,109,0:12.525,27.05.2025 09:31:07,,,ui.lap_update,carrera_v2_6b799dd9_992f_4f07_bcd0_a3815b27c6ec,,1748331067271,1748331067271,carrera_v2_lap_80687EFE,99,2
,1,5630,108,0:05.630,27.05.2025 09:31:13,,,ui.lap_update,carrera_v2_6b799dd9_992f_4f07_bcd0_a3815b27c6ec,,1748331072670,1748331072670,carrera_v2_lap_80687EFE,97,3
,2,5925,109,0:05.925,27.05.2025 09:31:13,,,ui.lap_update,carrera_v2_6b799dd9_992f_4f07_bcd0_a3815b27c6ec,,1748331073152,1748331073152,carrera_v2_lap_80687EFE,100,2
,1,10265,108,0:10.265,27.05.2025 09:31:23,,,ui.lap_update,carrera_v2_6b799dd9_992f_4f07_bcd0_a3815b27c6ec,,1748331082993,1748331082993,carrera_v2_lap_80687EFE,98,3
,2,16985,109,0:16.985,27.05.2025 09:31:30,,,ui.lap_update,carrera_v2_6b799dd9_992f_4f07_bcd0_a3815b27c6ec,,1748331090071,1748331090071,carrera_v2_lap_80687EFE,101,2
,1,7301,108,0:07.301,27.05.2025 09:31:30,,,ui.lap_update,carrera_v2_6b799dd9_992f_4f07_bcd0_a3815b27c6ec,,1748331090190,1748331090190,carrera_v2_lap_80687EFE,99,3
,2,11800,109,0:11.800,27.05.2025 09:31:42,,,ui.lap_update,carrera_v2_6b799dd9_992f_4f07_bcd0_a3815b27c6ec,,1748331101771,1748331101771,carrera_v2_lap_80687EFE,102,2
,1,16204,108,0:16.204,27.05.2025 09:31:46,,,ui.lap_update,carrera_v2_6b799dd9_992f_4f07_bcd0_a3815b27c6ec,,1748331106394,1748331106394,carrera_v2_lap_80687EFE,100,3
,1,8362,108,0:08.362,27.05.2025 09:31:55,,,ui.lap_update,carrera_v2_6b799dd9_992f_4f07_bcd0_a3815b27c6ec,,1748331114670,1748331114670,carrera_v2_lap_80687EFE,101,3
,1,6616,108,0:06.616,27.05.2025 09:32:01,,,ui.lap_update,carrera_v2_6b799dd9_992f_4f07_bcd0_a3815b27c6ec,,1748331121330,1748331121330,carrera_v2_lap_80687EFE,102,3
,2,19927,109,0:19.927,27.05.2025 09:32:02,,,ui.lap_update,carrera_v2_6b799dd9_992f_4f07_bcd0_a3815b27c6ec,,1748331121691,1748331121691,carrera_v2_lap_80687EFE,103,2
,1,5593,108,0:05.593,27.05.2025 09:32:07,,,ui.lap_update,carrera_v2_6b799dd9_992f_4f07_bcd0_a3815b27c6ec,,1748331126792,1748331126792,carrera_v2_lap_80687EFE,103,3
,2,9172,109,0:09.172,27.05.2025 09:32:11,,,ui.lap_update,carrera_v2_6b799dd9_992f_4f07_bcd0_a3815b27c6ec,,1748331130811,1748331130811,carrera_v2_lap_80687EFE,104,2
,1,5765,108,0:05.765,27.05.2025 09:32:13,,,ui.lap_update,carrera_v2_6b799dd9_992f_4f07_bcd0_a3815b27c6ec,,1748331132551,1748331132551,carrera_v2_lap_80687EFE,104,3
,1,5795,108,0:05.795,27.05.2025 09:32:18,,,ui.lap_update,carrera_v2_6b799dd9_992f_4f07_bcd0_a3815b27c6ec,,1748331138432,1748331138432,carrera_v2_lap_80687EFE,105,3
,2,7649,109,0:07.649,27.05.2025 09:32:19,,,ui.lap_update,carrera_v2_6b799dd9_992f_4f07_bcd0_a3815b27c6ec,,1748331138551,1748331138551,carrera_v2_lap_80687EFE,105,2
,1,5685,108,0:05.685,27.05.2025 09:32:24,,,ui.lap_update,carrera_v2_6b799dd9_992f_4f07_bcd0_a3815b27c6ec,,1748331144011,1748331144011,carrera_v2_lap_80687EFE,106,3
,1,4973,108,0:04.973,27.05.2025 09:32:29,,,ui.lap_update,carrera_v2_6b799dd9_992f_4f07_bcd0_a3815b27c6ec,,1748331148991,1748331148991,carrera_v2_lap_80687EFE,107,3
,2,10828,109,0:10.828,27.05.2025 09:32:29,,,ui.lap_update,carrera_v2_6b799dd9_992f_4f07_bcd0_a3815b27c6ec,,1748331149238,1748331149238,carrera_v2_lap_80687EFE,106,2
,1,5447,108,0:05.447,27.05.2025 09:32:34,,,ui.lap_update,carrera_v2_6b799dd9_992f_4f07_bcd0_a3815b27c6ec,,1748331154390,1748331154390,carrera_v2_lap_80687EFE,108,3
,2,12296,109,0:12.296,27.05.2025 09:32:41,,,ui.lap_update,carrera_v2_6b799dd9_992f_4f07_bcd0_a3815b27c6ec,,1748331161476,1748331161476,carrera_v2_lap_80687EFE,107,2
,1,8369,108,0:08.369,27.05.2025 09:32:43,,,ui.lap_update,carrera_v2_6b799dd9_992f_4f07_bcd0_a3815b27c6ec,,1748331162790,1748331162790,carrera_v2_lap_80687EFE,109,3
,1,5765,108,0:05.765,27.05.2025 09:32:49,,,ui.lap_update,carrera_v2_6b799dd9_992f_4f07_bcd0_a3815b27c6ec,,1748331168552,1748331168552,carrera_v2_lap_80687EFE,110,3
,1,304695,110,5:04.695,27.05.2025 09:37:52,,,ui.lap_update,carrera_v2_6b799dd9_992f_4f07_bcd0_a3815b27c6ec,,1748331472371,1748331472371,carrera_v2_lap_80687EFE,111,3
,1,16638,110,0:16.638,27.05.2025 09:38:09,,,ui.lap_update,carrera_v2_6b799dd9_992f_4f07_bcd0_a3815b27c6ec,,1748331489051,1748331489051,carrera_v2_lap_80687EFE,112,3
,1,13158,110,0:13.158,27.05.2025 09:38:22,,,ui.lap_update,carrera_v2_6b799dd9_992f_4f07_bcd0_a3815b27c6ec,,1748331502071,1748331502071,carrera_v2_lap_80687EFE,113,3
,1,9806,110,0:09.806,27.05.2025 09:38:32,,,ui.lap_update,carrera_v2_6b799dd9_992f_4f07_bcd0_a3815b27c6ec,,1748331511851,1748331511851,carrera_v2_lap_80687EFE,114,3
,1,9545,110,0:09.545,27.05.2025 09:38:41,,,ui.lap_update,carrera_v2_6b799dd9_992f_4f07_bcd0_a3815b27c6ec,,1748331521392,1748331521392,carrera_v2_lap_80687EFE,115,3
,1,19471,110,0:19.471,27.05.2025 09:39:01,,,ui.lap_update,carrera_v2_6b799dd9_992f_4f07_bcd0_a3815b27c6ec,,1748331540773,1748331540773,carrera_v2_lap_80687EFE,116,3
,1,93701,110,1:33.701,27.05.2025 09:40:34,,,ui.lap_update,carrera_v2_6b799dd9_992f_4f07_bcd0_a3815b27c6ec,,1748331634257,1748331634257,carrera_v2_lap_80687EFE,117,3
,2,485904,109,8:05.904,27.05.2025 09:40:46,,,ui.lap_update,carrera_v2_6b799dd9_992f_4f07_bcd0_a3815b27c6ec,,1748331646017,1748331646017,carrera_v2_lap_80687EFE,108,2
,1,12015,110,0:12.015,27.05.2025 09:40:46,,,ui.lap_update,carrera_v2_6b799dd9_992f_4f07_bcd0_a3815b27c6ec,,1748331646258,1748331646258,carrera_v2_lap_80687EFE,118,3
,1,6491,110,0:06.491,27.05.2025 09:40:53,,,ui.lap_update,carrera_v2_6b799dd9_992f_4f07_bcd0_a3815b27c6ec,,1748331652676,1748331652676,carrera_v2_lap_80687EFE,119,3
,1,9557,110,0:09.557,27.05.2025 09:41:02,,,ui.lap_update,carrera_v2_6b799dd9_992f_4f07_bcd0_a3815b27c6ec,,1748331662156,1748331662156,carrera_v2_lap_80687EFE,120,3
,1,10012,110,0:10.012,27.05.2025 09:41:12,,,ui.lap_update,carrera_v2_6b799dd9_992f_4f07_bcd0_a3815b27c6ec,,1748331672237,1748331672237,carrera_v2_lap_80687EFE,121,3
,1,6534,110,0:06.534,27.05.2025 09:41:19,,,ui.lap_update,carrera_v2_6b799dd9_992f_4f07_bcd0_a3815b27c6ec,,1748331678722,1748331678722,carrera_v2_lap_80687EFE,122,3
,1,6354,110,0:06.354,27.05.2025 09:41:25,,,ui.lap_update,carrera_v2_6b799dd9_992f_4f07_bcd0_a3815b27c6ec,,1748331685137,1748331685137,carrera_v2_lap_80687EFE,123,3
,1,6405,110,0:06.405,27.05.2025 09:41:31,,,ui.lap_update,carrera_v2_6b799dd9_992f_4f07_bcd0_a3815b27c6ec,,1748331691438,1748331691438,carrera_v2_lap_80687EFE,124,3
,1,10880,110,0:10.880,27.05.2025 09:41:42,,,ui.lap_update,carrera_v2_6b799dd9_992f_4f07_bcd0_a3815b27c6ec,,1748331702239,1748331702239,carrera_v2_lap_80687EFE,125,3
,2,3888792,42,4:48.792,27.05.2025 10:43:34,,,ui.lap_update,carrera_v2_6b799dd9_992f_4f07_bcd0_a3815b27c6ec,,1748335414494,1748335414494,carrera_v2_lap_80687EFE,109,2
,1,3945206,111,5:45.206,27.05.2025 10:43:35,,,ui.lap_update,carrera_v2_6b799dd9_992f_4f07_bcd0_a3815b27c6ec,,1748335414855,1748335414855,carrera_v2_lap_80687EFE,126,3
,1,8394,111,0:08.394,27.05.2025 10:43:43,,,ui.lap_update,carrera_v2_6b799dd9_992f_4f07_bcd0_a3815b27c6ec,,1748335423193,1748335423193,carrera_v2_lap_80687EFE,127,3
,2,9653,42,0:09.653,27.05.2025 10:43:44,,,ui.lap_update,carrera_v2_6b799dd9_992f_4f07_bcd0_a3815b27c6ec,,1748335424154,1748335424154,carrera_v2_lap_80687EFE,110,2
,2,8478,42,0:08.478,27.05.2025 10:43:53,,,ui.lap_update,carrera_v2_6b799dd9_992f_4f07_bcd0_a3815b27c6ec,,1748335432554,1748335432554,carrera_v2_lap_80687EFE,111,2
,1,15727,111,0:15.727,27.05.2025 10:43:59,,,ui.lap_update,carrera_v2_6b799dd9_992f_4f07_bcd0_a3815b27c6ec,,1748335438913,1748335438913,carrera_v2_lap_80687EFE,128,3
,2,8370,42,0:08.370,27.05.2025 10:44:01,,,ui.lap_update,carrera_v2_6b799dd9_992f_4f07_bcd0_a3815b27c6ec,,1748335440953,1748335440953,carrera_v2_lap_80687EFE,112,2
,1,6128,111,0:06.128,27.05.2025 10:44:05,,,ui.lap_update,carrera_v2_6b799dd9_992f_4f07_bcd0_a3815b27c6ec,,1748335444974,1748335444974,carrera_v2_lap_80687EFE,129,3
,2,7793,42,0:07.793,27.05.2025 10:44:09,,,ui.lap_update,carrera_v2_6b799dd9_992f_4f07_bcd0_a3815b27c6ec,,1748335448754,1748335448754,carrera_v2_lap_80687EFE,113,2
,1,6313,111,0:06.313,27.05.2025 10:44:11,,,ui.lap_update,carrera_v2_6b799dd9_992f_4f07_bcd0_a3815b27c6ec,,1748335451273,1748335451273,carrera_v2_lap_80687EFE,130,3
,2,7512,42,0:07.512,27.05.2025 10:44:16,,,ui.lap_update,carrera_v2_6b799dd9_992f_4f07_bcd0_a3815b27c6ec,,1748335456193,1748335456193,carrera_v2_lap_80687EFE,114,2
,1,6075,111,0:06.075,27.05.2025 10:44:17,,,ui.lap_update,carrera_v2_6b799dd9_992f_4f07_bcd0_a3815b27c6ec,,1748335457454,1748335457454,carrera_v2_lap_80687EFE,131,3
,2,8185,42,0:08.185,27.05.2025 10:44:24,,,ui.lap_update,carrera_v2_6b799dd9_992f_4f07_bcd0_a3815b27c6ec,,1748335464414,1748335464414,carrera_v2_lap_80687EFE,115,2
,1,9608,111,0:09.608,27.05.2025 10:44:27,,,ui.lap_update,carrera_v2_6b799dd9_992f_4f07_bcd0_a3815b27c6ec,,1748335466994,1748335466994,carrera_v2_lap_80687EFE,132,3
,2,6741,42,0:06.741,27.05.2025 10:44:31,,,ui.lap_update,carrera_v2_6b799dd9_992f_4f07_bcd0_a3815b27c6ec,,1748335471075,1748335471075,carrera_v2_lap_80687EFE,116,2
,1,8070,111,0:08.070,27.05.2025 10:44:35,,,ui.lap_update,carrera_v2_6b799dd9_992f_4f07_bcd0_a3815b27c6ec,,1748335475034,1748335475034,carrera_v2_lap_80687EFE,133,3
,2,6296,42,0:06.296,27.05.2025 10:44:37,,,ui.lap_update,carrera_v2_6b799dd9_992f_4f07_bcd0_a3815b27c6ec,,1748335477314,1748335477314,carrera_v2_lap_80687EFE,117,2
,1,5460,111,0:05.460,27.05.2025 10:44:40,,,ui.lap_update,carrera_v2_6b799dd9_992f_4f07_bcd0_a3815b27c6ec,,1748335480434,1748335480434,carrera_v2_lap_80687EFE,134,3
,2,6841,42,0:06.841,27.05.2025 10:44:44,,,ui.lap_update,carrera_v2_6b799dd9_992f_4f07_bcd0_a3815b27c6ec,,1748335484154,1748335484154,carrera_v2_lap_80687EFE,118,2
,1,5624,111,0:05.624,27.05.2025 10:44:46,,,ui.lap_update,carrera_v2_6b799dd9_992f_4f07_bcd0_a3815b27c6ec,,1748335486133,1748335486133,carrera_v2_lap_80687EFE,135,3
,2,7049,42,0:07.049,27.05.2025 10:44:51,,,ui.lap_update,carrera_v2_6b799dd9_992f_4f07_bcd0_a3815b27c6ec,,1748335491235,1748335491235,carrera_v2_lap_80687EFE,119,2
,1,6433,111,0:06.433,27.05.2025 10:44:52,,,ui.lap_update,carrera_v2_6b799dd9_992f_4f07_bcd0_a3815b27c6ec,,1748335492434,1748335492434,carrera_v2_lap_80687EFE,136,3
,1,8099,111,0:08.099,27.05.2025 10:45:01,,,ui.lap_update,carrera_v2_6b799dd9_992f_4f07_bcd0_a3815b27c6ec,,1748335500596,1748335500596,carrera_v2_lap_80687EFE,137,3
,1,5896,111,0:05.896,27.05.2025 10:45:06,,,ui.lap_update,carrera_v2_6b799dd9_992f_4f07_bcd0_a3815b27c6ec,,1748335506475,1748335506475,carrera_v2_lap_80687EFE,138,3
,1,7847,111,0:07.847,27.05.2025 10:45:14,,,ui.lap_update,carrera_v2_6b799dd9_992f_4f07_bcd0_a3815b27c6ec,,1748335514215,1748335514215,carrera_v2_lap_80687EFE,139,3
,1,5483,111,0:05.483,27.05.2025 10:45:20,,,ui.lap_update,carrera_v2_6b799dd9_992f_4f07_bcd0_a3815b27c6ec,,1748335519675,1748335519675,carrera_v2_lap_80687EFE,140,3
,1,5410,111,0:05.410,27.05.2025 10:45:25,,,ui.lap_update,carrera_v2_6b799dd9_992f_4f07_bcd0_a3815b27c6ec,,1748335525075,1748335525075,carrera_v2_lap_80687EFE,141,3
,1,5995,111,0:05.995,27.05.2025 10:45:31,,,ui.lap_update,carrera_v2_6b799dd9_992f_4f07_bcd0_a3815b27c6ec,,1748335531135,1748335531135,carrera_v2_lap_80687EFE,142,3
,1,5351,111,0:05.351,27.05.2025 10:45:36,,,ui.lap_update,carrera_v2_6b799dd9_992f_4f07_bcd0_a3815b27c6ec,,1748335536357,1748335536357,carrera_v2_lap_80687EFE,143,3
,1,8309,111,0:08.309,27.05.2025 10:45:45,,,ui.lap_update,carrera_v2_6b799dd9_992f_4f07_bcd0_a3815b27c6ec,,1748335544696,1748335544696,carrera_v2_lap_80687EFE,144,3
,1,7756,111,0:07.756,27.05.2025 10:45:52,,,ui.lap_update,carrera_v2_6b799dd9_992f_4f07_bcd0_a3815b27c6ec,,1748335552375,1748335552375,carrera_v2_lap_80687EFE,145,3
,1,5849,111,0:05.849,27.05.2025 10:45:58,,,ui.lap_update,carrera_v2_6b799dd9_992f_4f07_bcd0_a3815b27c6ec,,1748335558315,1748335558315,carrera_v2_lap_80687EFE,146,3
,2,103611,42,1:43.611,27.05.2025 10:46:34,,,ui.lap_update,carrera_v2_6b799dd9_992f_4f07_bcd0_a3815b27c6ec,,1748335594497,1748335594497,carrera_v2_lap_80687EFE,120,2
,2,8870,42,0:08.870,27.05.2025 10:46:43,,,ui.lap_update,carrera_v2_6b799dd9_992f_4f07_bcd0_a3815b27c6ec,,1748335603377,1748335603377,carrera_v2_lap_80687EFE,121,2
,2,5724,42,0:05.724,27.05.2025 10:46:49,,,ui.lap_update,carrera_v2_6b799dd9_992f_4f07_bcd0_a3815b27c6ec,,1748335609076,1748335609076,carrera_v2_lap_80687EFE,122,2
,2,5438,42,0:05.438,27.05.2025 10:46:54,,,ui.lap_update,carrera_v2_6b799dd9_992f_4f07_bcd0_a3815b27c6ec,,1748335614476,1748335614476,carrera_v2_lap_80687EFE,123,2
,2,5376,42,0:05.376,27.05.2025 10:47:00,,,ui.lap_update,carrera_v2_6b799dd9_992f_4f07_bcd0_a3815b27c6ec,,1748335619817,1748335619817,carrera_v2_lap_80687EFE,124,2
,2,5198,42,0:05.198,27.05.2025 10:47:05,,,ui.lap_update,carrera_v2_6b799dd9_992f_4f07_bcd0_a3815b27c6ec,,1748335624976,1748335624976,carrera_v2_lap_80687EFE,125,2
,2,5080,42,0:05.080,27.05.2025 10:47:10,,,ui.lap_update,carrera_v2_6b799dd9_992f_4f07_bcd0_a3815b27c6ec,,1748335630134,1748335630134,carrera_v2_lap_80687EFE,126,2
,1,137999,112,2:17.999,27.05.2025 10:48:16,,,ui.lap_update,carrera_v2_6b799dd9_992f_4f07_bcd0_a3815b27c6ec,,1748335695779,1748335695779,carrera_v2_lap_80687EFE,147,3
,1,30951,112,0:30.951,27.05.2025 10:48:47,,,ui.lap_update,carrera_v2_6b799dd9_992f_4f07_bcd0_a3815b27c6ec,,1748335726677,1748335726677,carrera_v2_lap_80687EFE,148,3
,1,6451,112,0:06.451,27.05.2025 10:48:53,,,ui.lap_update,carrera_v2_6b799dd9_992f_4f07_bcd0_a3815b27c6ec,,1748335733158,1748335733158,carrera_v2_lap_80687EFE,149,3
,2,117547,113,1:57.547,27.05.2025 10:49:07,,,ui.lap_update,carrera_v2_6b799dd9_992f_4f07_bcd0_a3815b27c6ec,,1748335747258,1748335747258,carrera_v2_lap_80687EFE,127,2
,1,14475,112,0:14.475,27.05.2025 10:49:08,,,ui.lap_update,carrera_v2_6b799dd9_992f_4f07_bcd0_a3815b27c6ec,,1748335747617,1748335747617,carrera_v2_lap_80687EFE,150,3
,2,6933,113,0:06.933,27.05.2025 10:49:14,,,ui.lap_update,carrera_v2_6b799dd9_992f_4f07_bcd0_a3815b27c6ec,,1748335754217,1748335754217,carrera_v2_lap_80687EFE,128,2
,1,6676,112,0:06.676,27.05.2025 10:49:14,,,ui.lap_update,carrera_v2_6b799dd9_992f_4f07_bcd0_a3815b27c6ec,,1748335754340,1748335754340,carrera_v2_lap_80687EFE,151,3
,1,7290,112,0:07.290,27.05.2025 10:49:21,,,ui.lap_update,carrera_v2_6b799dd9_992f_4f07_bcd0_a3815b27c6ec,,1748335761478,1748335761478,carrera_v2_lap_80687EFE,152,3
,2,10934,113,0:10.934,27.05.2025 10:49:25,,,ui.lap_update,carrera_v2_6b799dd9_992f_4f07_bcd0_a3815b27c6ec,,1748335765138,1748335765138,carrera_v2_lap_80687EFE,129,2
,1,5965,112,0:05.965,27.05.2025 10:49:27,,,ui.lap_update,carrera_v2_6b799dd9_992f_4f07_bcd0_a3815b27c6ec,,1748335767419,1748335767419,carrera_v2_lap_80687EFE,153,3
,1,6478,112,0:06.478,27.05.2025 10:49:34,,,ui.lap_update,carrera_v2_6b799dd9_992f_4f07_bcd0_a3815b27c6ec,,1748335773839,1748335773839,carrera_v2_lap_80687EFE,154,3
,2,12288,113,0:12.288,27.05.2025 10:49:37,,,ui.lap_update,carrera_v2_6b799dd9_992f_4f07_bcd0_a3815b27c6ec,,1748335777379,1748335777379,carrera_v2_lap_80687EFE,130,2
,1,9156,112,0:09.156,27.05.2025 10:49:43,,,ui.lap_update,carrera_v2_6b799dd9_992f_4f07_bcd0_a3815b27c6ec,,1748335783021,1748335783021,carrera_v2_lap_80687EFE,155,3
,2,6014,113,0:06.014,27.05.2025 10:49:43,,,ui.lap_update,carrera_v2_6b799dd9_992f_4f07_bcd0_a3815b27c6ec,,1748335783389,1748335783389,carrera_v2_lap_80687EFE,131,2
,1,7900,112,0:07.900,27.05.2025 10:49:51,,,ui.lap_update,carrera_v2_6b799dd9_992f_4f07_bcd0_a3815b27c6ec,,1748335790878,1748335790878,carrera_v2_lap_80687EFE,156,3
,2,18096,113,0:18.096,27.05.2025 10:50:01,,,ui.lap_update,carrera_v2_6b799dd9_992f_4f07_bcd0_a3815b27c6ec,,1748335801380,1748335801380,carrera_v2_lap_80687EFE,132,2
,1,12549,112,0:12.549,27.05.2025 10:50:03,,,ui.lap_update,carrera_v2_6b799dd9_992f_4f07_bcd0_a3815b27c6ec,,1748335803419,1748335803419,carrera_v2_lap_80687EFE,157,3
,2,9785,113,0:09.785,27.05.2025 10:50:11,,,ui.lap_update,carrera_v2_6b799dd9_992f_4f07_bcd0_a3815b27c6ec,,1748335811160,1748335811160,carrera_v2_lap_80687EFE,133,2
,1,11571,112,0:11.571,27.05.2025 10:50:15,,,ui.lap_update,carrera_v2_6b799dd9_992f_4f07_bcd0_a3815b27c6ec,,1748335814939,1748335814939,carrera_v2_lap_80687EFE,158,3
,2,7022,113,0:07.022,27.05.2025 10:50:18,,,ui.lap_update,carrera_v2_6b799dd9_992f_4f07_bcd0_a3815b27c6ec,,1748335818180,1748335818180,carrera_v2_lap_80687EFE,134,2
,1,23673,112,0:23.673,27.05.2025 10:50:39,,,ui.lap_update,carrera_v2_6b799dd9_992f_4f07_bcd0_a3815b27c6ec,,1748335838640,1748335838640,carrera_v2_lap_80687EFE,159,3
,2,26784,113,0:26.784,27.05.2025 10:50:45,,,ui.lap_update,carrera_v2_6b799dd9_992f_4f07_bcd0_a3815b27c6ec,,1748335844819,1748335844819,carrera_v2_lap_80687EFE,135,2
,1,6934,112,0:06.934,27.05.2025 10:50:46,,,ui.lap_update,carrera_v2_6b799dd9_992f_4f07_bcd0_a3815b27c6ec,,1748335845539,1748335845539,carrera_v2_lap_80687EFE,160,3
,1,9675,112,0:09.675,27.05.2025 10:50:55,,,ui.lap_update,carrera_v2_6b799dd9_992f_4f07_bcd0_a3815b27c6ec,,1748335855140,1748335855140,carrera_v2_lap_80687EFE,161,3
,2,11249,113,0:11.249,27.05.2025 10:50:56,,,ui.lap_update,carrera_v2_6b799dd9_992f_4f07_bcd0_a3815b27c6ec,,1748335856040,1748335856040,carrera_v2_lap_80687EFE,136,2
,1,5420,112,0:05.420,27.05.2025 10:51:01,,,ui.lap_update,carrera_v2_6b799dd9_992f_4f07_bcd0_a3815b27c6ec,,1748335860541,1748335860541,carrera_v2_lap_80687EFE,162,3
,1,5233,112,0:05.233,27.05.2025 10:51:06,,,ui.lap_update,carrera_v2_6b799dd9_992f_4f07_bcd0_a3815b27c6ec,,1748335865700,1748335865700,carrera_v2_lap_80687EFE,163,3
,2,10080,113,0:10.080,27.05.2025 10:51:06,,,ui.lap_update,carrera_v2_6b799dd9_992f_4f07_bcd0_a3815b27c6ec,,1748335866180,1748335866180,carrera_v2_lap_80687EFE,137,2
,1,5605,112,0:05.605,27.05.2025 10:51:11,,,ui.lap_update,carrera_v2_6b799dd9_992f_4f07_bcd0_a3815b27c6ec,,1748335871400,1748335871400,carrera_v2_lap_80687EFE,164,3
,2,9149,113,0:09.149,27.05.2025 10:51:15,,,ui.lap_update,carrera_v2_6b799dd9_992f_4f07_bcd0_a3815b27c6ec,,1748335875360,1748335875360,carrera_v2_lap_80687EFE,138,2
,1,5375,112,0:05.375,27.05.2025 10:51:17,,,ui.lap_update,carrera_v2_6b799dd9_992f_4f07_bcd0_a3815b27c6ec,,1748335876740,1748335876740,carrera_v2_lap_80687EFE,165,3
,2,6292,113,0:06.292,27.05.2025 10:51:21,,,ui.lap_update,carrera_v2_6b799dd9_992f_4f07_bcd0_a3815b27c6ec,,1748335881480,1748335881480,carrera_v2_lap_80687EFE,139,2
,1,5182,112,0:05.182,27.05.2025 10:51:22,,,ui.lap_update,carrera_v2_6b799dd9_992f_4f07_bcd0_a3815b27c6ec,,1748335881841,1748335881841,carrera_v2_lap_80687EFE,166,3
,2,6032,113,0:06.032,27.05.2025 10:51:27,,,ui.lap_update,carrera_v2_6b799dd9_992f_4f07_bcd0_a3815b27c6ec,,1748335887480,1748335887480,carrera_v2_lap_80687EFE,140,2
,1,8286,112,0:08.286,27.05.2025 10:51:30,,,ui.lap_update,carrera_v2_6b799dd9_992f_4f07_bcd0_a3815b27c6ec,,1748335890121,1748335890121,carrera_v2_lap_80687EFE,167,3
,1,9705,112,0:09.705,27.05.2025 10:51:40,,,ui.lap_update,carrera_v2_6b799dd9_992f_4f07_bcd0_a3815b27c6ec,,1748335899780,1748335899780,carrera_v2_lap_80687EFE,168,3
,2,12855,113,0:12.855,27.05.2025 10:51:40,,,ui.lap_update,carrera_v2_6b799dd9_992f_4f07_bcd0_a3815b27c6ec,,1748335900380,1748335900380,carrera_v2_lap_80687EFE,141,2
,1,6125,112,0:06.125,27.05.2025 10:51:46,,,ui.lap_update,carrera_v2_6b799dd9_992f_4f07_bcd0_a3815b27c6ec,,1748335905960,1748335905960,carrera_v2_lap_80687EFE,169,3
,2,10248,113,0:10.248,27.05.2025 10:51:51,,,ui.lap_update,carrera_v2_6b799dd9_992f_4f07_bcd0_a3815b27c6ec,,1748335910522,1748335910522,carrera_v2_lap_80687EFE,142,2
,1,5477,112,0:05.477,27.05.2025 10:51:51,,,ui.lap_update,carrera_v2_6b799dd9_992f_4f07_bcd0_a3815b27c6ec,,1748335911360,1748335911360,carrera_v2_lap_80687EFE,170,3
,2,6154,113,0:06.154,27.05.2025 10:51:57,,,ui.lap_update,carrera_v2_6b799dd9_992f_4f07_bcd0_a3815b27c6ec,,1748335916700,1748335916700,carrera_v2_lap_80687EFE,143,2
,1,6183,112,0:06.183,27.05.2025 10:51:57,,,ui.lap_update,carrera_v2_6b799dd9_992f_4f07_bcd0_a3815b27c6ec,,1748335917481,1748335917481,carrera_v2_lap_80687EFE,171,3
,2,6341,113,0:06.341,27.05.2025 10:52:03,,,ui.lap_update,carrera_v2_6b799dd9_992f_4f07_bcd0_a3815b27c6ec,,1748335922956,1748335922956,carrera_v2_lap_80687EFE,144,2
,1,5524,112,0:05.524,27.05.2025 10:52:03,,,ui.lap_update,carrera_v2_6b799dd9_992f_4f07_bcd0_a3815b27c6ec,,1748335923060,1748335923060,carrera_v2_lap_80687EFE,172,3
,1,6090,112,0:06.090,27.05.2025 10:52:09,,,ui.lap_update,carrera_v2_6b799dd9_992f_4f07_bcd0_a3815b27c6ec,,1748335929182,1748335929182,carrera_v2_lap_80687EFE,173,3
,2,8024,113,0:08.024,27.05.2025 10:52:11,,,ui.lap_update,carrera_v2_6b799dd9_992f_4f07_bcd0_a3815b27c6ec,,1748335931042,1748335931042,carrera_v2_lap_80687EFE,145,2
,1,5416,112,0:05.416,27.05.2025 10:52:14,,,ui.lap_update,carrera_v2_6b799dd9_992f_4f07_bcd0_a3815b27c6ec,,1748335934461,1748335934461,carrera_v2_lap_80687EFE,174,3
,1,9737,112,0:09.737,27.05.2025 10:52:24,,,ui.lap_update,carrera_v2_6b799dd9_992f_4f07_bcd0_a3815b27c6ec,,1748335944241,1748335944241,carrera_v2_lap_80687EFE,175,3
,2,14587,113,0:14.587,27.05.2025 10:52:26,,,ui.lap_update,carrera_v2_6b799dd9_992f_4f07_bcd0_a3815b27c6ec,,1748335945561,1748335945561,carrera_v2_lap_80687EFE,146,2
,1,5333,112,0:05.333,27.05.2025 10:52:30,,,ui.lap_update,carrera_v2_6b799dd9_992f_4f07_bcd0_a3815b27c6ec,,1748335949581,1748335949581,carrera_v2_lap_80687EFE,176,3
,2,9736,113,0:09.736,27.05.2025 10:52:35,,,ui.lap_update,carrera_v2_6b799dd9_992f_4f07_bcd0_a3815b27c6ec,,1748335955221,1748335955221,carrera_v2_lap_80687EFE,147,2
,1,5905,112,0:05.905,27.05.2025 10:52:35,,,ui.lap_update,carrera_v2_6b799dd9_992f_4f07_bcd0_a3815b27c6ec,,1748335955343,1748335955343,carrera_v2_lap_80687EFE,177,3
,2,5211,113,0:05.211,27.05.2025 10:52:40,,,ui.lap_update,carrera_v2_6b799dd9_992f_4f07_bcd0_a3815b27c6ec,,1748335960442,1748335960442,carrera_v2_lap_80687EFE,148,2
,1,5452,112,0:05.452,27.05.2025 10:52:41,,,ui.lap_update,carrera_v2_6b799dd9_992f_4f07_bcd0_a3815b27c6ec,,1748335960922,1748335960922,carrera_v2_lap_80687EFE,178,3
,2,11857,113,0:11.857,27.05.2025 10:52:52,,,ui.lap_update,carrera_v2_6b799dd9_992f_4f07_bcd0_a3815b27c6ec,,1748335972327,1748335972327,carrera_v2_lap_80687EFE,149,2
,1,11793,112,0:11.793,27.05.2025 10:52:53,,,ui.lap_update,carrera_v2_6b799dd9_992f_4f07_bcd0_a3815b27c6ec,,1748335972623,1748335972623,carrera_v2_lap_80687EFE,179,3
,2,5050,113,0:05.050,27.05.2025 10:52:57,,,ui.lap_update,carrera_v2_6b799dd9_992f_4f07_bcd0_a3815b27c6ec,,1748335977361,1748335977361,carrera_v2_lap_80687EFE,150,2
,1,9150,112,0:09.150,27.05.2025 10:53:02,,,ui.lap_update,carrera_v2_6b799dd9_992f_4f07_bcd0_a3815b27c6ec,,1748335981741,1748335981741,carrera_v2_lap_80687EFE,180,3
,2,5133,113,0:05.133,27.05.2025 10:53:02,,,ui.lap_update,carrera_v2_6b799dd9_992f_4f07_bcd0_a3815b27c6ec,,1748335982462,1748335982462,carrera_v2_lap_80687EFE,151,2
,1,5794,112,0:05.794,27.05.2025 10:53:08,,,ui.lap_update,carrera_v2_6b799dd9_992f_4f07_bcd0_a3815b27c6ec,,1748335987501,1748335987501,carrera_v2_lap_80687EFE,181,3
,2,5216,113,0:05.216,27.05.2025 10:53:08,,,ui.lap_update,carrera_v2_6b799dd9_992f_4f07_bcd0_a3815b27c6ec,,1748335987626,1748335987626,carrera_v2_lap_80687EFE,152,2
,1,5025,112,0:05.025,27.05.2025 10:53:13,,,ui.lap_update,carrera_v2_6b799dd9_992f_4f07_bcd0_a3815b27c6ec,,1748335992604,1748335992604,carrera_v2_lap_80687EFE,182,3
,1,6979,112,0:06.979,27.05.2025 10:53:19,,,ui.lap_update,carrera_v2_6b799dd9_992f_4f07_bcd0_a3815b27c6ec,,1748335999442,1748335999442,carrera_v2_lap_80687EFE,183,3
,2,11962,113,0:11.962,27.05.2025 10:53:20,,,ui.lap_update,carrera_v2_6b799dd9_992f_4f07_bcd0_a3815b27c6ec,,1748335999562,1748335999562,carrera_v2_lap_80687EFE,153,2
,1,6450,112,0:06.450,27.05.2025 10:53:26,,,ui.lap_update,carrera_v2_6b799dd9_992f_4f07_bcd0_a3815b27c6ec,,1748336005862,1748336005862,carrera_v2_lap_80687EFE,184,3
,2,6517,113,0:06.517,27.05.2025 10:53:26,,,ui.lap_update,carrera_v2_6b799dd9_992f_4f07_bcd0_a3815b27c6ec,,1748336006104,1748336006104,carrera_v2_lap_80687EFE,154,2
,1,21103,112,0:21.103,27.05.2025 10:53:47,,,ui.lap_update,carrera_v2_6b799dd9_992f_4f07_bcd0_a3815b27c6ec,,1748336027103,1748336027103,carrera_v2_lap_80687EFE,185,3
,2,28590,113,0:28.590,27.05.2025 10:53:55,,,ui.lap_update,carrera_v2_6b799dd9_992f_4f07_bcd0_a3815b27c6ec,,1748336034603,1748336034603,carrera_v2_lap_80687EFE,155,2
,1,12078,112,0:12.078,27.05.2025 10:53:59,,,ui.lap_update,carrera_v2_6b799dd9_992f_4f07_bcd0_a3815b27c6ec,,1748336038983,1748336038983,carrera_v2_lap_80687EFE,186,3
,2,5627,113,0:05.627,27.05.2025 10:54:00,,,ui.lap_update,carrera_v2_6b799dd9_992f_4f07_bcd0_a3815b27c6ec,,1748336040182,1748336040182,carrera_v2_lap_80687EFE,156,2
,1,9988,112,0:09.988,27.05.2025 10:54:09,,,ui.lap_update,carrera_v2_6b799dd9_992f_4f07_bcd0_a3815b27c6ec,,1748336048944,1748336048944,carrera_v2_lap_80687EFE,187,3
,2,9790,113,0:09.790,27.05.2025 10:54:10,,,ui.lap_update,carrera_v2_6b799dd9_992f_4f07_bcd0_a3815b27c6ec,,1748336049902,1748336049902,carrera_v2_lap_80687EFE,157,2
,1,5945,112,0:05.945,27.05.2025 10:54:15,,,ui.lap_update,carrera_v2_6b799dd9_992f_4f07_bcd0_a3815b27c6ec,,1748336054882,1748336054882,carrera_v2_lap_80687EFE,188,3
,2,8027,113,0:08.027,27.05.2025 10:54:18,,,ui.lap_update,carrera_v2_6b799dd9_992f_4f07_bcd0_a3815b27c6ec,,1748336057944,1748336057944,carrera_v2_lap_80687EFE,158,2
,1,5340,112,0:05.340,27.05.2025 10:54:20,,,ui.lap_update,carrera_v2_6b799dd9_992f_4f07_bcd0_a3815b27c6ec,,1748336060163,1748336060163,carrera_v2_lap_80687EFE,189,3
,2,5824,113,0:05.824,27.05.2025 10:54:24,,,ui.lap_update,carrera_v2_6b799dd9_992f_4f07_bcd0_a3815b27c6ec,,1748336063762,1748336063762,carrera_v2_lap_80687EFE,159,2
,1,5310,112,0:05.310,27.05.2025 10:54:25,,,ui.lap_update,carrera_v2_6b799dd9_992f_4f07_bcd0_a3815b27c6ec,,1748336065444,1748336065444,carrera_v2_lap_80687EFE,190,3
,1,5232,112,0:05.232,27.05.2025 10:54:31,,,ui.lap_update,carrera_v2_6b799dd9_992f_4f07_bcd0_a3815b27c6ec,,1748336070664,1748336070664,carrera_v2_lap_80687EFE,191,3
,2,12434,113,0:12.434,27.05.2025 10:54:36,,,ui.lap_update,carrera_v2_6b799dd9_992f_4f07_bcd0_a3815b27c6ec,,1748336076184,1748336076184,carrera_v2_lap_80687EFE,160,2
,1,5950,112,0:05.950,27.05.2025 10:54:37,,,ui.lap_update,carrera_v2_6b799dd9_992f_4f07_bcd0_a3815b27c6ec,,1748336076664,1748336076664,carrera_v2_lap_80687EFE,192,3
,2,5834,113,0:05.834,27.05.2025 10:54:42,,,ui.lap_update,carrera_v2_6b799dd9_992f_4f07_bcd0_a3815b27c6ec,,1748336082004,1748336082004,carrera_v2_lap_80687EFE,161,2
,1,8340,112,0:08.340,27.05.2025 10:54:45,,,ui.lap_update,carrera_v2_6b799dd9_992f_4f07_bcd0_a3815b27c6ec,,1748336085123,1748336085123,carrera_v2_lap_80687EFE,193,3
,2,9792,113,0:09.792,27.05.2025 10:54:52,,,ui.lap_update,carrera_v2_6b799dd9_992f_4f07_bcd0_a3815b27c6ec,,1748336091723,1748336091723,carrera_v2_lap_80687EFE,162,2
,1,7356,112,0:07.356,27.05.2025 10:54:52,,,ui.lap_update,carrera_v2_6b799dd9_992f_4f07_bcd0_a3815b27c6ec,,1748336092383,1748336092383,carrera_v2_lap_80687EFE,194,3
,2,5089,113,0:05.089,27.05.2025 10:54:57,,,ui.lap_update,carrera_v2_6b799dd9_992f_4f07_bcd0_a3815b27c6ec,,1748336096825,1748336096825,carrera_v2_lap_80687EFE,163,2
,1,5134,112,0:05.134,27.05.2025 10:54:57,,,ui.lap_update,carrera_v2_6b799dd9_992f_4f07_bcd0_a3815b27c6ec,,1748336097426,1748336097426,carrera_v2_lap_80687EFE,195,3
,2,5076,113,0:05.076,27.05.2025 10:55:02,,,ui.lap_update,carrera_v2_6b799dd9_992f_4f07_bcd0_a3815b27c6ec,,1748336101863,1748336101863,carrera_v2_lap_80687EFE,164,2
,1,5248,112,0:05.248,27.05.2025 10:55:03,,,ui.lap_update,carrera_v2_6b799dd9_992f_4f07_bcd0_a3815b27c6ec,,1748336102703,1748336102703,carrera_v2_lap_80687EFE,196,3
,1,5102,112,0:05.102,27.05.2025 10:55:08,,,ui.lap_update,carrera_v2_6b799dd9_992f_4f07_bcd0_a3815b27c6ec,,1748336107744,1748336107744,carrera_v2_lap_80687EFE,197,3
,2,14587,113,0:14.587,27.05.2025 10:55:16,,,ui.lap_update,carrera_v2_6b799dd9_992f_4f07_bcd0_a3815b27c6ec,,1748336116444,1748336116444,carrera_v2_lap_80687EFE,165,2
,1,56366,112,0:56.366,27.05.2025 10:56:04,,,ui.lap_update,carrera_v2_6b799dd9_992f_4f07_bcd0_a3815b27c6ec,,1748336163905,1748336163905,carrera_v2_lap_80687EFE,198,3
,1,10165,112,0:10.165,27.05.2025 10:56:14,,,ui.lap_update,carrera_v2_6b799dd9_992f_4f07_bcd0_a3815b27c6ec,,1748336174105,1748336174105,carrera_v2_lap_80687EFE,199,3
,2,81986,114,1:21.986,27.05.2025 10:56:38,,,ui.lap_update,carrera_v2_6b799dd9_992f_4f07_bcd0_a3815b27c6ec,,1748336198227,1748336198227,carrera_v2_lap_80687EFE,166,2
,2,17610,114,0:17.610,27.05.2025 10:56:56,,,ui.lap_update,carrera_v2_6b799dd9_992f_4f07_bcd0_a3815b27c6ec,,1748336215746,1748336215746,carrera_v2_lap_80687EFE,167,2
,2,8651,114,0:08.651,27.05.2025 10:57:04,,,ui.lap_update,carrera_v2_6b799dd9_992f_4f07_bcd0_a3815b27c6ec,,1748336224265,1748336224265,carrera_v2_lap_80687EFE,168,2
,2,6446,114,0:06.446,27.05.2025 10:57:11,,,ui.lap_update,carrera_v2_6b799dd9_992f_4f07_bcd0_a3815b27c6ec,,1748336230685,1748336230685,carrera_v2_lap_80687EFE,169,2
,2,15927,114,0:15.927,27.05.2025 10:57:27,,,ui.lap_update,carrera_v2_6b799dd9_992f_4f07_bcd0_a3815b27c6ec,,1748336246586,1748336246586,carrera_v2_lap_80687EFE,170,2
,2,7158,114,0:07.158,27.05.2025 10:57:34,,,ui.lap_update,carrera_v2_6b799dd9_992f_4f07_bcd0_a3815b27c6ec,,1748336253785,1748336253785,carrera_v2_lap_80687EFE,171,2
,2,7109,114,0:07.109,27.05.2025 10:57:41,,,ui.lap_update,carrera_v2_6b799dd9_992f_4f07_bcd0_a3815b27c6ec,,1748336260807,1748336260807,carrera_v2_lap_80687EFE,172,2
,2,5824,114,0:05.824,27.05.2025 10:57:47,,,ui.lap_update,carrera_v2_6b799dd9_992f_4f07_bcd0_a3815b27c6ec,,1748336266687,1748336266687,carrera_v2_lap_80687EFE,173,2
,2,6643,114,0:06.643,27.05.2025 10:57:53,,,ui.lap_update,carrera_v2_6b799dd9_992f_4f07_bcd0_a3815b27c6ec,,1748336273227,1748336273227,carrera_v2_lap_80687EFE,174,2
,2,5587,114,0:05.587,27.05.2025 10:57:59,,,ui.lap_update,carrera_v2_6b799dd9_992f_4f07_bcd0_a3815b27c6ec,,1748336278926,1748336278926,carrera_v2_lap_80687EFE,175,2
,2,5258,114,0:05.258,27.05.2025 10:58:04,,,ui.lap_update,carrera_v2_6b799dd9_992f_4f07_bcd0_a3815b27c6ec,,1748336284087,1748336284087,carrera_v2_lap_80687EFE,176,2
,2,9644,114,0:09.644,27.05.2025 10:58:14,,,ui.lap_update,carrera_v2_6b799dd9_992f_4f07_bcd0_a3815b27c6ec,,1748336293686,1748336293686,carrera_v2_lap_80687EFE,177,2
,2,66041,115,1:06.041,27.05.2025 10:59:20,,,ui.lap_update,carrera_v2_6b799dd9_992f_4f07_bcd0_a3815b27c6ec,,1748336359568,1748336359568,carrera_v2_lap_80687EFE,178,2
,2,4796,115,0:04.796,27.05.2025 10:59:24,,,ui.lap_update,carrera_v2_6b799dd9_992f_4f07_bcd0_a3815b27c6ec,,1748336364249,1748336364249,carrera_v2_lap_80687EFE,179,2
,2,10727,115,0:10.727,27.05.2025 10:59:35,,,ui.lap_update,carrera_v2_6b799dd9_992f_4f07_bcd0_a3815b27c6ec,,1748336374988,1748336374988,carrera_v2_lap_80687EFE,180,2
,2,12687,115,0:12.687,27.05.2025 10:59:48,,,ui.lap_update,carrera_v2_6b799dd9_992f_4f07_bcd0_a3815b27c6ec,,1748336387709,1748336387709,carrera_v2_lap_80687EFE,181,2
,2,5888,115,0:05.888,27.05.2025 10:59:54,,,ui.lap_update,carrera_v2_6b799dd9_992f_4f07_bcd0_a3815b27c6ec,,1748336393588,1748336393588,carrera_v2_lap_80687EFE,182,2
,2,19865,115,0:19.865,27.05.2025 11:00:13,,,ui.lap_update,carrera_v2_6b799dd9_992f_4f07_bcd0_a3815b27c6ec,,1748336413388,1748336413388,carrera_v2_lap_80687EFE,183,2
,2,6137,115,0:06.137,27.05.2025 11:00:20,,,ui.lap_update,carrera_v2_6b799dd9_992f_4f07_bcd0_a3815b27c6ec,,1748336419508,1748336419508,carrera_v2_lap_80687EFE,184,2
,2,12890,115,0:12.890,27.05.2025 11:00:32,,,ui.lap_update,carrera_v2_6b799dd9_992f_4f07_bcd0_a3815b27c6ec,,1748336432348,1748336432348,carrera_v2_lap_80687EFE,185,2
,2,428869,117,7:08.869,27.05.2025 11:07:40,,,ui.lap_update,carrera_v2_6b799dd9_992f_4f07_bcd0_a3815b27c6ec,,1748336859856,1748336859856,carrera_v2_lap_80687EFE,186,2
,1,687984,116,11:27.984,27.05.2025 11:07:40,,,ui.lap_update,carrera_v2_6b799dd9_992f_4f07_bcd0_a3815b27c6ec,,1748336859976,1748336859976,carrera_v2_lap_80687EFE,200,3
,1,22029,116,0:22.029,27.05.2025 11:08:02,,,ui.lap_update,carrera_v2_6b799dd9_992f_4f07_bcd0_a3815b27c6ec,,1748336881996,1748336881996,carrera_v2_lap_80687EFE,201,3
,2,25607,117,0:25.607,27.05.2025 11:08:05,,,ui.lap_update,carrera_v2_6b799dd9_992f_4f07_bcd0_a3815b27c6ec,,1748336885476,1748336885476,carrera_v2_lap_80687EFE,187,2
,2,508446,117,8:28.446,27.05.2025 11:16:32,,,ui.lap_update,carrera_v2_6b799dd9_992f_4f07_bcd0_a3815b27c6ec,,1748337392364,1748337392364,carrera_v2_lap_80687EFE,188,2
,1,522938,118,8:42.938,27.05.2025 11:16:43,,,ui.lap_update,carrera_v2_6b799dd9_992f_4f07_bcd0_a3815b27c6ec,,1748337403405,1748337403405,carrera_v2_lap_80687EFE,202,3
,1,16406,118,0:16.406,27.05.2025 11:17:00,,,ui.lap_update,carrera_v2_6b799dd9_992f_4f07_bcd0_a3815b27c6ec,,1748337419605,1748337419605,carrera_v2_lap_80687EFE,203,3
,1,69263,118,1:09.263,27.05.2025 11:18:09,,,ui.lap_update,carrera_v2_6b799dd9_992f_4f07_bcd0_a3815b27c6ec,,1748337488786,1748337488786,carrera_v2_lap_80687EFE,204,3
,1,8547,118,0:08.547,27.05.2025 11:18:17,,,ui.lap_update,carrera_v2_6b799dd9_992f_4f07_bcd0_a3815b27c6ec,,1748337497185,1748337497185,carrera_v2_lap_80687EFE,205,3
,1,14361,118,0:14.361,27.05.2025 11:18:32,,,ui.lap_update,carrera_v2_6b799dd9_992f_4f07_bcd0_a3815b27c6ec,,1748337511586,1748337511586,carrera_v2_lap_80687EFE,206,3
,1,144988,119,2:24.988,27.05.2025 11:50:42,,,ui.lap_update,carrera_v2_6b799dd9_992f_4f07_bcd0_a3815b27c6ec,,1748339441931,1748339441931,carrera_v2_lap_80687EFE,210,3
,2,3083415,120,51:23.415,27.05.2025 11:51:07,,,ui.lap_update,carrera_v2_6b799dd9_992f_4f07_bcd0_a3815b27c6ec,,1748339466773,1748339466773,carrera_v2_lap_80687EFE,189,2
,2,8927,120,0:08.927,27.05.2025 11:51:16,,,ui.lap_update,carrera_v2_6b799dd9_992f_4f07_bcd0_a3815b27c6ec,,1748339475594,1748339475594,carrera_v2_lap_80687EFE,190,2
,2,2648,120,0:02.648,27.05.2025 11:51:18,,,ui.lap_update,carrera_v2_6b799dd9_992f_4f07_bcd0_a3815b27c6ec,,1748339478236,1748339478236,carrera_v2_lap_80687EFE,191,2
,2,2206,120,0:02.206,27.05.2025 11:51:20,,,ui.lap_update,carrera_v2_6b799dd9_992f_4f07_bcd0_a3815b27c6ec,,1748339480454,1748339480454,carrera_v2_lap_80687EFE,192,2
,2,2187,120,0:02.187,27.05.2025 11:51:23,,,ui.lap_update,carrera_v2_6b799dd9_992f_4f07_bcd0_a3815b27c6ec,,1748339482673,1748339482673,carrera_v2_lap_80687EFE,193,2
,2,18736,120,0:18.736,27.05.2025 11:51:41,,,ui.lap_update,carrera_v2_6b799dd9_992f_4f07_bcd0_a3815b27c6ec,,1748339501274,1748339501274,carrera_v2_lap_80687EFE,194,2
,2,1642,120,0:01.642,27.05.2025 11:51:43,,,ui.lap_update,carrera_v2_6b799dd9_992f_4f07_bcd0_a3815b27c6ec,,1748339502954,1748339502954,carrera_v2_lap_80687EFE,195,2
,2,1799,120,0:01.799,27.05.2025 11:51:45,,,ui.lap_update,carrera_v2_6b799dd9_992f_4f07_bcd0_a3815b27c6ec,,1748339504693,1748339504693,carrera_v2_lap_80687EFE,196,2
,2,1804,120,0:01.804,27.05.2025 11:51:47,,,ui.lap_update,carrera_v2_6b799dd9_992f_4f07_bcd0_a3815b27c6ec,,1748339506552,1748339506552,carrera_v2_lap_80687EFE,197,2
,2,4995,120,0:04.995,27.05.2025 11:51:52,,,ui.lap_update,carrera_v2_6b799dd9_992f_4f07_bcd0_a3815b27c6ec,,1748339511533,1748339511533,carrera_v2_lap_80687EFE,198,2
,2,18984,120,0:18.984,27.05.2025 11:52:10,,,ui.lap_update,carrera_v2_6b799dd9_992f_4f07_bcd0_a3815b27c6ec,,1748339530495,1748339530495,carrera_v2_lap_80687EFE,199,2
,2,1316,120,0:01.316,27.05.2025 11:52:12,,,ui.lap_update,carrera_v2_6b799dd9_992f_4f07_bcd0_a3815b27c6ec,,1748339531763,1748339531763,carrera_v2_lap_80687EFE,200,2
,2,15444,120,0:15.444,27.05.2025 11:52:27,,,ui.lap_update,carrera_v2_6b799dd9_992f_4f07_bcd0_a3815b27c6ec,,1748339547114,1748339547114,carrera_v2_lap_80687EFE,201,2
,2,1628,120,0:01.628,27.05.2025 11:52:29,,,ui.lap_update,carrera_v2_6b799dd9_992f_4f07_bcd0_a3815b27c6ec,,1748339548734,1748339548734,carrera_v2_lap_80687EFE,202,2
,2,13661,120,0:13.661,27.05.2025 11:52:42,,,ui.lap_update,carrera_v2_6b799dd9_992f_4f07_bcd0_a3815b27c6ec,,1748339562415,1748339562415,carrera_v2_lap_80687EFE,203,2
,2,8043,120,0:08.043,27.05.2025 11:52:50,,,ui.lap_update,carrera_v2_6b799dd9_992f_4f07_bcd0_a3815b27c6ec,,1748339570455,1748339570455,carrera_v2_lap_80687EFE,204,2
,1,135508,119,2:15.508,27.05.2025 11:52:57,,,ui.lap_update,carrera_v2_6b799dd9_992f_4f07_bcd0_a3815b27c6ec,,1748339577054,1748339577054,carrera_v2_lap_80687EFE,211,3
,1,343324,121,5:43.324,27.05.2025 12:47:32,,,ui.lap_update,carrera_v2_6b799dd9_992f_4f07_bcd0_a3815b27c6ec,,1748342851515,1748342851515,carrera_v2_lap_80687EFE,212,3
,2,336719,119,5:36.719,27.05.2025 12:48:03,,,ui.lap_update,carrera_v2_6b799dd9_992f_4f07_bcd0_a3815b27c6ec,,1748342882774,1748342882774,carrera_v2_lap_80687EFE,205,2
,1,14097,121,0:14.097,27.05.2025 12:48:03,,,ui.lap_update,carrera_v2_6b799dd9_992f_4f07_bcd0_a3815b27c6ec,,1748342883013,1748342883013,carrera_v2_lap_80687EFE,213,3
,1,6518,121,0:06.518,27.05.2025 12:48:09,,,ui.lap_update,carrera_v2_6b799dd9_992f_4f07_bcd0_a3815b27c6ec,,1748342889494,1748342889494,carrera_v2_lap_80687EFE,214,3
,2,8597,119,0:08.597,27.05.2025 12:48:11,,,ui.lap_update,carrera_v2_6b799dd9_992f_4f07_bcd0_a3815b27c6ec,,1748342891233,1748342891233,carrera_v2_lap_80687EFE,206,2
,1,11527,121,0:11.527,27.05.2025 12:48:21,,,ui.lap_update,carrera_v2_6b799dd9_992f_4f07_bcd0_a3815b27c6ec,,1748342900955,1748342900955,carrera_v2_lap_80687EFE,215,3
,2,11618,119,0:11.618,27.05.2025 12:48:23,,,ui.lap_update,carrera_v2_6b799dd9_992f_4f07_bcd0_a3815b27c6ec,,1748342902815,1748342902815,carrera_v2_lap_80687EFE,207,2
,1,9973,121,0:09.973,27.05.2025 12:48:31,,,ui.lap_update,carrera_v2_6b799dd9_992f_4f07_bcd0_a3815b27c6ec,,1748342910853,1748342910853,carrera_v2_lap_80687EFE,216,3
,2,9518,119,0:09.518,27.05.2025 12:48:32,,,ui.lap_update,carrera_v2_6b799dd9_992f_4f07_bcd0_a3815b27c6ec,,1748342912414,1748342912414,carrera_v2_lap_80687EFE,208,2
,1,6357,121,0:06.357,27.05.2025 12:48:37,,,ui.lap_update,carrera_v2_6b799dd9_992f_4f07_bcd0_a3815b27c6ec,,1748342917274,1748342917274,carrera_v2_lap_80687EFE,217,3
,2,8867,119,0:08.867,27.05.2025 12:48:41,,,ui.lap_update,carrera_v2_6b799dd9_992f_4f07_bcd0_a3815b27c6ec,,1748342921233,1748342921233,carrera_v2_lap_80687EFE,209,2
,1,5524,121,0:05.524,27.05.2025 12:48:43,,,ui.lap_update,carrera_v2_6b799dd9_992f_4f07_bcd0_a3815b27c6ec,,1748342922734,1748342922734,carrera_v2_lap_80687EFE,218,3
,1,5481,121,0:05.481,27.05.2025 12:48:48,,,ui.lap_update,carrera_v2_6b799dd9_992f_4f07_bcd0_a3815b27c6ec,,1748342928193,1748342928193,carrera_v2_lap_80687EFE,219,3
,2,7972,119,0:07.972,27.05.2025 12:48:49,,,ui.lap_update,carrera_v2_6b799dd9_992f_4f07_bcd0_a3815b27c6ec,,1748342929213,1748342929213,carrera_v2_lap_80687EFE,210,2
,1,17379,121,0:17.379,27.05.2025 12:49:06,,,ui.lap_update,carrera_v2_6b799dd9_992f_4f07_bcd0_a3815b27c6ec,,1748342945593,1748342945593,carrera_v2_lap_80687EFE,220,3
,2,16763,119,0:16.763,27.05.2025 12:49:06,,,ui.lap_update,carrera_v2_6b799dd9_992f_4f07_bcd0_a3815b27c6ec,,1748342945833,1748342945833,carrera_v2_lap_80687EFE,211,2
,1,5588,121,0:05.588,27.05.2025 12:49:11,,,ui.lap_update,carrera_v2_6b799dd9_992f_4f07_bcd0_a3815b27c6ec,,1748342951174,1748342951174,carrera_v2_lap_80687EFE,221,3
,2,8773,119,0:08.773,27.05.2025 12:49:15,,,ui.lap_update,carrera_v2_6b799dd9_992f_4f07_bcd0_a3815b27c6ec,,1748342954593,1748342954593,carrera_v2_lap_80687EFE,212,2
,1,6581,121,0:06.581,27.05.2025 12:49:18,,,ui.lap_update,carrera_v2_6b799dd9_992f_4f07_bcd0_a3815b27c6ec,,1748342957652,1748342957652,carrera_v2_lap_80687EFE,222,3
,2,6390,119,0:06.390,27.05.2025 12:49:21,,,ui.lap_update,carrera_v2_6b799dd9_992f_4f07_bcd0_a3815b27c6ec,,1748342961014,1748342961014,carrera_v2_lap_80687EFE,213,2
,1,6035,121,0:06.035,27.05.2025 12:49:24,,,ui.lap_update,carrera_v2_6b799dd9_992f_4f07_bcd0_a3815b27c6ec,,1748342963773,1748342963773,carrera_v2_lap_80687EFE,223,3
,1,17055,121,0:17.055,27.05.2025 12:49:41,,,ui.lap_update,carrera_v2_6b799dd9_992f_4f07_bcd0_a3815b27c6ec,,1748342980635,1748342980635,carrera_v2_lap_80687EFE,224,3
,2,19886,119,0:19.886,27.05.2025 12:49:41,,,ui.lap_update,carrera_v2_6b799dd9_992f_4f07_bcd0_a3815b27c6ec,,1748342980873,1748342980873,carrera_v2_lap_80687EFE,214,2
,1,6327,121,0:06.327,27.05.2025 12:49:47,,,ui.lap_update,carrera_v2_6b799dd9_992f_4f07_bcd0_a3815b27c6ec,,1748342987053,1748342987053,carrera_v2_lap_80687EFE,225,3
,2,7369,119,0:07.369,27.05.2025 12:49:48,,,ui.lap_update,carrera_v2_6b799dd9_992f_4f07_bcd0_a3815b27c6ec,,1748342988193,1748342988193,carrera_v2_lap_80687EFE,215,2
,1,5333,121,0:05.333,27.05.2025 12:49:52,,,ui.lap_update,carrera_v2_6b799dd9_992f_4f07_bcd0_a3815b27c6ec,,1748342992273,1748342992273,carrera_v2_lap_80687EFE,226,3
,2,5826,119,0:05.826,27.05.2025 12:49:54,,,ui.lap_update,carrera_v2_6b799dd9_992f_4f07_bcd0_a3815b27c6ec,,1748342993953,1748342993953,carrera_v2_lap_80687EFE,216,2
,1,5305,121,0:05.305,27.05.2025 12:49:58,,,ui.lap_update,carrera_v2_6b799dd9_992f_4f07_bcd0_a3815b27c6ec,,1748342997553,1748342997553,carrera_v2_lap_80687EFE,227,3
,2,6053,119,0:06.053,27.05.2025 12:50:00,,,ui.lap_update,carrera_v2_6b799dd9_992f_4f07_bcd0_a3815b27c6ec,,1748342999953,1748342999953,carrera_v2_lap_80687EFE,217,2
,1,6072,121,0:06.072,27.05.2025 12:50:04,,,ui.lap_update,carrera_v2_6b799dd9_992f_4f07_bcd0_a3815b27c6ec,,1748343003613,1748343003613,carrera_v2_lap_80687EFE,228,3
,2,11487,119,0:11.487,27.05.2025 12:50:11,,,ui.lap_update,carrera_v2_6b799dd9_992f_4f07_bcd0_a3815b27c6ec,,1748343011473,1748343011473,carrera_v2_lap_80687EFE,218,2
,1,8671,121,0:08.671,27.05.2025 12:50:12,,,ui.lap_update,carrera_v2_6b799dd9_992f_4f07_bcd0_a3815b27c6ec,,1748343012314,1748343012314,carrera_v2_lap_80687EFE,229,3
,2,13728,119,0:13.728,27.05.2025 12:50:25,,,ui.lap_update,carrera_v2_6b799dd9_992f_4f07_bcd0_a3815b27c6ec,,1748343025213,1748343025213,carrera_v2_lap_80687EFE,219,2
,1,12938,121,0:12.938,27.05.2025 12:50:25,,,ui.lap_update,carrera_v2_6b799dd9_992f_4f07_bcd0_a3815b27c6ec,,1748343025333,1748343025333,carrera_v2_lap_80687EFE,230,3
,2,5635,119,0:05.635,27.05.2025 12:50:31,,,ui.lap_update,carrera_v2_6b799dd9_992f_4f07_bcd0_a3815b27c6ec,,1748343030794,1748343030794,carrera_v2_lap_80687EFE,220,2
,1,5651,121,0:05.651,27.05.2025 12:50:31,,,ui.lap_update,carrera_v2_6b799dd9_992f_4f07_bcd0_a3815b27c6ec,,1748343030914,1748343030914,carrera_v2_lap_80687EFE,231,3
,1,5221,121,0:05.221,27.05.2025 12:50:36,,,ui.lap_update,carrera_v2_6b799dd9_992f_4f07_bcd0_a3815b27c6ec,,1748343036014,1748343036014,carrera_v2_lap_80687EFE,232,3
,2,5295,119,0:05.295,27.05.2025 12:50:36,,,ui.lap_update,carrera_v2_6b799dd9_992f_4f07_bcd0_a3815b27c6ec,,1748343036133,1748343036133,carrera_v2_lap_80687EFE,221,2
,1,5368,121,0:05.368,27.05.2025 12:50:41,,,ui.lap_update,carrera_v2_6b799dd9_992f_4f07_bcd0_a3815b27c6ec,,1748343041355,1748343041355,carrera_v2_lap_80687EFE,233,3
,2,8438,119,0:08.438,27.05.2025 12:50:44,,,ui.lap_update,carrera_v2_6b799dd9_992f_4f07_bcd0_a3815b27c6ec,,1748343044473,1748343044473,carrera_v2_lap_80687EFE,222,2
,1,5538,121,0:05.538,27.05.2025 12:50:47,,,ui.lap_update,carrera_v2_6b799dd9_992f_4f07_bcd0_a3815b27c6ec,,1748343046933,1748343046933,carrera_v2_lap_80687EFE,234,3
,2,6549,119,0:06.549,27.05.2025 12:50:51,,,ui.lap_update,carrera_v2_6b799dd9_992f_4f07_bcd0_a3815b27c6ec,,1748343050953,1748343050953,carrera_v2_lap_80687EFE,223,2
,1,5312,121,0:05.312,27.05.2025 12:50:52,,,ui.lap_update,carrera_v2_6b799dd9_992f_4f07_bcd0_a3815b27c6ec,,1748343052153,1748343052153,carrera_v2_lap_80687EFE,235,3
,1,11681,121,0:11.681,27.05.2025 12:51:04,,,ui.lap_update,carrera_v2_6b799dd9_992f_4f07_bcd0_a3815b27c6ec,,1748343063853,1748343063853,carrera_v2_lap_80687EFE,236,3
,2,12961,119,0:12.961,27.05.2025 12:51:04,,,ui.lap_update,carrera_v2_6b799dd9_992f_4f07_bcd0_a3815b27c6ec,,1748343063973,1748343063973,carrera_v2_lap_80687EFE,224,2
,1,5476,121,0:05.476,27.05.2025 12:51:09,,,ui.lap_update,carrera_v2_6b799dd9_992f_4f07_bcd0_a3815b27c6ec,,1748343069315,1748343069315,carrera_v2_lap_80687EFE,237,3
,2,5604,119,0:05.604,27.05.2025 12:51:10,,,ui.lap_update,carrera_v2_6b799dd9_992f_4f07_bcd0_a3815b27c6ec,,1748343069553,1748343069553,carrera_v2_lap_80687EFE,225,2
,2,9434,119,0:09.434,27.05.2025 12:51:19,,,ui.lap_update,carrera_v2_6b799dd9_992f_4f07_bcd0_a3815b27c6ec,,1748343078914,1748343078914,carrera_v2_lap_80687EFE,226,2
,1,9772,121,0:09.772,27.05.2025 12:51:19,,,ui.lap_update,carrera_v2_6b799dd9_992f_4f07_bcd0_a3815b27c6ec,,1748343079033,1748343079033,carrera_v2_lap_80687EFE,238,3
,1,9035,121,0:09.035,27.05.2025 12:51:28,,,ui.lap_update,carrera_v2_6b799dd9_992f_4f07_bcd0_a3815b27c6ec,,1748343088155,1748343088155,carrera_v2_lap_80687EFE,239,3
,2,10065,119,0:10.065,27.05.2025 12:51:29,,,ui.lap_update,carrera_v2_6b799dd9_992f_4f07_bcd0_a3815b27c6ec,,1748343088874,1748343088874,carrera_v2_lap_80687EFE,227,2
,1,5598,121,0:05.598,27.05.2025 12:51:34,,,ui.lap_update,carrera_v2_6b799dd9_992f_4f07_bcd0_a3815b27c6ec,,1748343093613,1748343093613,carrera_v2_lap_80687EFE,240,3
,2,6278,119,0:06.278,27.05.2025 12:51:35,,,ui.lap_update,carrera_v2_6b799dd9_992f_4f07_bcd0_a3815b27c6ec,,1748343095113,1748343095113,carrera_v2_lap_80687EFE,228,2
,1,5329,121,0:05.329,27.05.2025 12:51:39,,,ui.lap_update,carrera_v2_6b799dd9_992f_4f07_bcd0_a3815b27c6ec,,1748343098894,1748343098894,carrera_v2_lap_80687EFE,241,3
,2,6082,119,0:06.082,27.05.2025 12:51:41,,,ui.lap_update,carrera_v2_6b799dd9_992f_4f07_bcd0_a3815b27c6ec,,1748343101173,1748343101173,carrera_v2_lap_80687EFE,229,2
,1,5361,121,0:05.361,27.05.2025 12:51:44,,,ui.lap_update,carrera_v2_6b799dd9_992f_4f07_bcd0_a3815b27c6ec,,1748343104233,1748343104233,carrera_v2_lap_80687EFE,242,3
,2,10309,119,0:10.309,27.05.2025 12:51:52,,,ui.lap_update,carrera_v2_6b799dd9_992f_4f07_bcd0_a3815b27c6ec,,1748343111554,1748343111554,carrera_v2_lap_80687EFE,230,2
,1,9641,121,0:09.641,27.05.2025 12:51:54,,,ui.lap_update,carrera_v2_6b799dd9_992f_4f07_bcd0_a3815b27c6ec,,1748343113895,1748343113895,carrera_v2_lap_80687EFE,243,3
,1,5713,121,0:05.713,27.05.2025 12:52:00,,,ui.lap_update,carrera_v2_6b799dd9_992f_4f07_bcd0_a3815b27c6ec,,1748343119594,1748343119594,carrera_v2_lap_80687EFE,244,3
,2,9456,119,0:09.456,27.05.2025 12:52:01,,,ui.lap_update,carrera_v2_6b799dd9_992f_4f07_bcd0_a3815b27c6ec,,1748343120972,1748343120972,carrera_v2_lap_80687EFE,231,2
,1,5605,121,0:05.605,27.05.2025 12:52:05,,,ui.lap_update,carrera_v2_6b799dd9_992f_4f07_bcd0_a3815b27c6ec,,1748343125233,1748343125233,carrera_v2_lap_80687EFE,245,3
,2,6375,119,0:06.375,27.05.2025 12:52:07,,,ui.lap_update,carrera_v2_6b799dd9_992f_4f07_bcd0_a3815b27c6ec,,1748343127273,1748343127273,carrera_v2_lap_80687EFE,232,2
,1,10786,121,0:10.786,27.05.2025 12:52:16,,,ui.lap_update,carrera_v2_6b799dd9_992f_4f07_bcd0_a3815b27c6ec,,1748343135972,1748343135972,carrera_v2_lap_80687EFE,246,3
,2,10015,119,0:10.015,27.05.2025 12:52:17,,,ui.lap_update,carrera_v2_6b799dd9_992f_4f07_bcd0_a3815b27c6ec,,1748343137294,1748343137294,carrera_v2_lap_80687EFE,233,2
,1,11389,121,0:11.389,27.05.2025 12:52:27,,,ui.lap_update,carrera_v2_6b799dd9_992f_4f07_bcd0_a3815b27c6ec,,1748343147254,1748343147254,carrera_v2_lap_80687EFE,247,3
,2,10802,119,0:10.802,27.05.2025 12:52:28,,,ui.lap_update,carrera_v2_6b799dd9_992f_4f07_bcd0_a3815b27c6ec,,1748343148094,1748343148094,carrera_v2_lap_80687EFE,234,2
,2,6211,119,0:06.211,27.05.2025 12:52:34,,,ui.lap_update,carrera_v2_6b799dd9_992f_4f07_bcd0_a3815b27c6ec,,1748343154213,1748343154213,carrera_v2_lap_80687EFE,235,2
,1,7048,121,0:07.048,27.05.2025 12:52:34,,,ui.lap_update,carrera_v2_6b799dd9_992f_4f07_bcd0_a3815b27c6ec,,1748343154334,1748343154334,carrera_v2_lap_80687EFE,248,3
,2,6659,119,0:06.659,27.05.2025 12:52:41,,,ui.lap_update,carrera_v2_6b799dd9_992f_4f07_bcd0_a3815b27c6ec,,1748343160935,1748343160935,carrera_v2_lap_80687EFE,236,2
,1,6710,121,0:06.710,27.05.2025 12:52:41,,,ui.lap_update,carrera_v2_6b799dd9_992f_4f07_bcd0_a3815b27c6ec,,1748343161053,1748343161053,carrera_v2_lap_80687EFE,249,3
,1,6349,121,0:06.349,27.05.2025 12:52:47,,,ui.lap_update,carrera_v2_6b799dd9_992f_4f07_bcd0_a3815b27c6ec,,1748343167353,1748343167353,carrera_v2_lap_80687EFE,250,3
,2,6735,119,0:06.735,27.05.2025 12:52:48,,,ui.lap_update,carrera_v2_6b799dd9_992f_4f07_bcd0_a3815b27c6ec,,1748343167593,1748343167593,carrera_v2_lap_80687EFE,237,2
,1,6632,121,0:06.632,27.05.2025 12:52:54,,,ui.lap_update,carrera_v2_6b799dd9_992f_4f07_bcd0_a3815b27c6ec,,1748343173953,1748343173953,carrera_v2_lap_80687EFE,251,3
,2,7062,119,0:07.062,27.05.2025 12:52:55,,,ui.lap_update,carrera_v2_6b799dd9_992f_4f07_bcd0_a3815b27c6ec,,1748343174672,1748343174672,carrera_v2_lap_80687EFE,238,2
,2,6570,119,0:06.570,27.05.2025 12:53:01,,,ui.lap_update,carrera_v2_6b799dd9_992f_4f07_bcd0_a3815b27c6ec,,1748343181153,1748343181153,carrera_v2_lap_80687EFE,239,2
,1,7498,121,0:07.498,27.05.2025 12:53:01,,,ui.lap_update,carrera_v2_6b799dd9_992f_4f07_bcd0_a3815b27c6ec,,1748343181453,1748343181453,carrera_v2_lap_80687EFE,252,3
,2,5676,119,0:05.676,27.05.2025 12:53:07,,,ui.lap_update,carrera_v2_6b799dd9_992f_4f07_bcd0_a3815b27c6ec,,1748343186793,1748343186793,carrera_v2_lap_80687EFE,240,2
,1,6321,121,0:06.321,27.05.2025 12:53:08,,,ui.lap_update,carrera_v2_6b799dd9_992f_4f07_bcd0_a3815b27c6ec,,1748343187753,1748343187753,carrera_v2_lap_80687EFE,253,3
,2,6141,119,0:06.141,27.05.2025 12:53:13,,,ui.lap_update,carrera_v2_6b799dd9_992f_4f07_bcd0_a3815b27c6ec,,1748343192913,1748343192913,carrera_v2_lap_80687EFE,241,2
,1,6490,121,0:06.490,27.05.2025 12:53:14,,,ui.lap_update,carrera_v2_6b799dd9_992f_4f07_bcd0_a3815b27c6ec,,1748343194173,1748343194173,carrera_v2_lap_80687EFE,254,3
,2,5942,119,0:05.942,27.05.2025 12:53:19,,,ui.lap_update,carrera_v2_6b799dd9_992f_4f07_bcd0_a3815b27c6ec,,1748343199033,1748343199033,carrera_v2_lap_80687EFE,242,2
,1,5680,121,0:05.680,27.05.2025 12:53:20,,,ui.lap_update,carrera_v2_6b799dd9_992f_4f07_bcd0_a3815b27c6ec,,1748343199933,1748343199933,carrera_v2_lap_80687EFE,255,3
,2,11427,119,0:11.427,27.05.2025 12:53:30,,,ui.lap_update,carrera_v2_6b799dd9_992f_4f07_bcd0_a3815b27c6ec,,1748343210314,1748343210314,carrera_v2_lap_80687EFE,243,2
,1,10662,121,0:10.662,27.05.2025 12:53:31,,,ui.lap_update,carrera_v2_6b799dd9_992f_4f07_bcd0_a3815b27c6ec,,1748343210553,1748343210553,carrera_v2_lap_80687EFE,256,3
,2,11260,119,0:11.260,27.05.2025 12:53:41,,,ui.lap_update,carrera_v2_6b799dd9_992f_4f07_bcd0_a3815b27c6ec,,1748343221472,1748343221472,carrera_v2_lap_80687EFE,244,2
,1,11598,121,0:11.598,27.05.2025 12:53:42,,,ui.lap_update,carrera_v2_6b799dd9_992f_4f07_bcd0_a3815b27c6ec,,1748343222073,1748343222073,carrera_v2_lap_80687EFE,257,3
,2,8842,119,0:08.842,27.05.2025 12:53:50,,,ui.lap_update,carrera_v2_6b799dd9_992f_4f07_bcd0_a3815b27c6ec,,1748343230353,1748343230353,carrera_v2_lap_80687EFE,245,2
,1,9155,121,0:09.155,27.05.2025 12:53:51,,,ui.lap_update,carrera_v2_6b799dd9_992f_4f07_bcd0_a3815b27c6ec,,1748343231193,1748343231193,carrera_v2_lap_80687EFE,258,3
,2,8647,119,0:08.647,27.05.2025 12:53:59,,,ui.lap_update,carrera_v2_6b799dd9_992f_4f07_bcd0_a3815b27c6ec,,1748343238932,1748343238932,carrera_v2_lap_80687EFE,246,2
,1,9090,121,0:09.090,27.05.2025 12:54:00,,,ui.lap_update,carrera_v2_6b799dd9_992f_4f07_bcd0_a3815b27c6ec,,1748343240192,1748343240192,carrera_v2_lap_80687EFE,259,3
,2,8982,119,0:08.982,27.05.2025 12:54:08,,,ui.lap_update,carrera_v2_6b799dd9_992f_4f07_bcd0_a3815b27c6ec,,1748343247873,1748343247873,carrera_v2_lap_80687EFE,247,2
,1,7975,121,0:07.975,27.05.2025 12:54:08,,,ui.lap_update,carrera_v2_6b799dd9_992f_4f07_bcd0_a3815b27c6ec,,1748343248233,1748343248233,carrera_v2_lap_80687EFE,260,3
,2,7128,119,0:07.128,27.05.2025 12:54:15,,,ui.lap_update,carrera_v2_6b799dd9_992f_4f07_bcd0_a3815b27c6ec,,1748343255076,1748343255076,carrera_v2_lap_80687EFE,248,2
,1,7445,121,0:07.445,27.05.2025 12:54:16,,,ui.lap_update,carrera_v2_6b799dd9_992f_4f07_bcd0_a3815b27c6ec,,1748343255614,1748343255614,carrera_v2_lap_80687EFE,261,3
,2,7038,119,0:07.038,27.05.2025 12:54:22,,,ui.lap_update,carrera_v2_6b799dd9_992f_4f07_bcd0_a3815b27c6ec,,1748343262094,1748343262094,carrera_v2_lap_80687EFE,249,2
,1,6666,121,0:06.666,27.05.2025 12:54:22,,,ui.lap_update,carrera_v2_6b799dd9_992f_4f07_bcd0_a3815b27c6ec,,1748343262334,1748343262334,carrera_v2_lap_80687EFE,262,3
,1,6202,121,0:06.202,27.05.2025 12:54:28,,,ui.lap_update,carrera_v2_6b799dd9_992f_4f07_bcd0_a3815b27c6ec,,1748343268455,1748343268455,carrera_v2_lap_80687EFE,263,3
,2,10733,119,0:10.733,27.05.2025 12:54:33,,,ui.lap_update,carrera_v2_6b799dd9_992f_4f07_bcd0_a3815b27c6ec,,1748343272773,1748343272773,carrera_v2_lap_80687EFE,250,2
,1,6250,121,0:06.250,27.05.2025 12:54:35,,,ui.lap_update,carrera_v2_6b799dd9_992f_4f07_bcd0_a3815b27c6ec,,1748343274754,1748343274754,carrera_v2_lap_80687EFE,264,3
,1,11754,121,0:11.754,27.05.2025 12:54:46,,,ui.lap_update,carrera_v2_6b799dd9_992f_4f07_bcd0_a3815b27c6ec,,1748343286454,1748343286454,carrera_v2_lap_80687EFE,265,3
,2,14602,119,0:14.602,27.05.2025 12:54:47,,,ui.lap_update,carrera_v2_6b799dd9_992f_4f07_bcd0_a3815b27c6ec,,1748343287295,1748343287295,carrera_v2_lap_80687EFE,251,2
,1,6407,121,0:06.407,27.05.2025 12:54:53,,,ui.lap_update,carrera_v2_6b799dd9_992f_4f07_bcd0_a3815b27c6ec,,1748343292753,1748343292753,carrera_v2_lap_80687EFE,266,3
,2,5830,119,0:05.830,27.05.2025 12:54:53,,,ui.lap_update,carrera_v2_6b799dd9_992f_4f07_bcd0_a3815b27c6ec,,1748343293112,1748343293112,carrera_v2_lap_80687EFE,252,2
,1,5587,121,0:05.587,27.05.2025 12:54:58,,,ui.lap_update,carrera_v2_6b799dd9_992f_4f07_bcd0_a3815b27c6ec,,1748343298333,1748343298333,carrera_v2_lap_80687EFE,267,3
,2,1219,123,0:01.219,27.05.2025 13:29:28,,,ui.lap_update,carrera_v2_6b799dd9_992f_4f07_bcd0_a3815b27c6ec,,1748345368265,1748345368265,carrera_v2_lap_80687EFE,1,2
,1,120650,122,2:00.650,27.05.2025 13:29:36,,,ui.lap_update,carrera_v2_6b799dd9_992f_4f07_bcd0_a3815b27c6ec,,1748345376298,1748345376298,carrera_v2_lap_80687EFE,1,3
,2,14327,123,0:14.327,27.05.2025 13:29:43,,,ui.lap_update,carrera_v2_6b799dd9_992f_4f07_bcd0_a3815b27c6ec,,1748345382537,1748345382537,carrera_v2_lap_80687EFE,2,2
,1,6946,122,0:06.946,27.05.2025 13:29:43,,,ui.lap_update,carrera_v2_6b799dd9_992f_4f07_bcd0_a3815b27c6ec,,1748345383257,1748345383257,carrera_v2_lap_80687EFE,2,3
,2,5729,123,0:05.729,27.05.2025 13:29:48,,,ui.lap_update,carrera_v2_6b799dd9_992f_4f07_bcd0_a3815b27c6ec,,1748345388235,1748345388235,carrera_v2_lap_80687EFE,3,2
,1,6307,122,0:06.307,27.05.2025 13:29:50,,,ui.lap_update,carrera_v2_6b799dd9_992f_4f07_bcd0_a3815b27c6ec,,1748345389557,1748345389557,carrera_v2_lap_80687EFE,3,3
,2,5318,123,0:05.318,27.05.2025 13:29:54,,,ui.lap_update,carrera_v2_6b799dd9_992f_4f07_bcd0_a3815b27c6ec,,1748345393574,1748345393574,carrera_v2_lap_80687EFE,4,2
,1,8462,122,0:08.462,27.05.2025 13:29:58,,,ui.lap_update,carrera_v2_6b799dd9_992f_4f07_bcd0_a3815b27c6ec,,1748345397896,1748345397896,carrera_v2_lap_80687EFE,4,3
,2,5783,123,0:05.783,27.05.2025 13:29:59,,,ui.lap_update,carrera_v2_6b799dd9_992f_4f07_bcd0_a3815b27c6ec,,1748345399335,1748345399335,carrera_v2_lap_80687EFE,5,2
,2,10037,123,0:10.037,27.05.2025 13:30:09,,,ui.lap_update,carrera_v2_6b799dd9_992f_4f07_bcd0_a3815b27c6ec,,1748345409357,1748345409357,carrera_v2_lap_80687EFE,6,2
,1,16945,122,0:16.945,27.05.2025 13:30:15,,,ui.lap_update,carrera_v2_6b799dd9_992f_4f07_bcd0_a3815b27c6ec,,1748345414815,1748345414815,carrera_v2_lap_80687EFE,5,3
,2,14667,123,0:14.667,27.05.2025 13:31:19,,,ui.lap_update,carrera_v2_6b799dd9_992f_4f07_bcd0_a3815b27c6ec,,1748345479250,1748345479250,carrera_v2_lap_80687EFE,14,2
,1,14221,122,0:14.221,27.05.2025 13:31:19,,,ui.lap_update,carrera_v2_6b799dd9_992f_4f07_bcd0_a3815b27c6ec,,1748345479369,1748345479369,carrera_v2_lap_80687EFE,12,3
,1,5529,122,0:05.529,27.05.2025 13:31:25,,,ui.lap_update,carrera_v2_6b799dd9_992f_4f07_bcd0_a3815b27c6ec,,1748345484893,1748345484893,carrera_v2_lap_80687EFE,13,3
,2,7215,123,0:07.215,27.05.2025 13:31:26,,,ui.lap_update,carrera_v2_6b799dd9_992f_4f07_bcd0_a3815b27c6ec,,1748345486391,1748345486391,carrera_v2_lap_80687EFE,15,2
,1,5563,122,0:05.563,27.05.2025 13:31:30,,,ui.lap_update,carrera_v2_6b799dd9_992f_4f07_bcd0_a3815b27c6ec,,1748345490410,1748345490410,carrera_v2_lap_80687EFE,14,3
,1,8178,122,0:08.178,27.05.2025 13:31:39,,,ui.lap_update,carrera_v2_6b799dd9_992f_4f07_bcd0_a3815b27c6ec,,1748345498510,1748345498510,carrera_v2_lap_80687EFE,15,3
,2,12237,123,0:12.237,27.05.2025 13:31:39,,,ui.lap_update,carrera_v2_6b799dd9_992f_4f07_bcd0_a3815b27c6ec,,1748345498630,1748345498630,carrera_v2_lap_80687EFE,16,2
,2,18253,123,0:18.253,27.05.2025 13:31:57,,,ui.lap_update,carrera_v2_6b799dd9_992f_4f07_bcd0_a3815b27c6ec,,1748345516752,1748345516752,carrera_v2_lap_80687EFE,17,2
,1,18818,122,0:18.818,27.05.2025 13:31:57,,,ui.lap_update,carrera_v2_6b799dd9_992f_4f07_bcd0_a3815b27c6ec,,1748345517290,1748345517290,carrera_v2_lap_80687EFE,16,3
,2,9902,123,0:09.902,27.05.2025 13:32:07,,,ui.lap_update,carrera_v2_6b799dd9_992f_4f07_bcd0_a3815b27c6ec,,1748345526590,1748345526590,carrera_v2_lap_80687EFE,18,2
,1,10208,122,0:10.208,27.05.2025 13:32:07,,,ui.lap_update,carrera_v2_6b799dd9_992f_4f07_bcd0_a3815b27c6ec,,1748345527433,1748345527433,carrera_v2_lap_80687EFE,17,3
,2,6514,123,0:06.514,27.05.2025 13:32:13,,,ui.lap_update,carrera_v2_6b799dd9_992f_4f07_bcd0_a3815b27c6ec,,1748345533071,1748345533071,carrera_v2_lap_80687EFE,19,2
,1,9424,122,0:09.424,27.05.2025 13:32:17,,,ui.lap_update,carrera_v2_6b799dd9_992f_4f07_bcd0_a3815b27c6ec,,1748345536850,1748345536850,carrera_v2_lap_80687EFE,18,3
,2,6070,123,0:06.070,27.05.2025 13:32:19,,,ui.lap_update,carrera_v2_6b799dd9_992f_4f07_bcd0_a3815b27c6ec,,1748345539251,1748345539251,carrera_v2_lap_80687EFE,20,2
,1,6247,122,0:06.247,27.05.2025 13:32:23,,,ui.lap_update,carrera_v2_6b799dd9_992f_4f07_bcd0_a3815b27c6ec,,1748345543106,1748345543106,carrera_v2_lap_80687EFE,19,3
,2,8543,123,0:08.543,27.05.2025 13:32:28,,,ui.lap_update,carrera_v2_6b799dd9_992f_4f07_bcd0_a3815b27c6ec,,1748345547725,1748345547725,carrera_v2_lap_80687EFE,21,2
,2,6171,123,0:06.171,27.05.2025 13:32:34,,,ui.lap_update,carrera_v2_6b799dd9_992f_4f07_bcd0_a3815b27c6ec,,1748345553846,1748345553846,carrera_v2_lap_80687EFE,22,2
,1,15851,122,0:15.851,27.05.2025 13:32:39,,,ui.lap_update,carrera_v2_6b799dd9_992f_4f07_bcd0_a3815b27c6ec,,1748345559006,1748345559006,carrera_v2_lap_80687EFE,20,3
,1,9627,122,0:09.627,27.05.2025 13:32:49,,,ui.lap_update,carrera_v2_6b799dd9_992f_4f07_bcd0_a3815b27c6ec,,1748345568545,1748345568545,carrera_v2_lap_80687EFE,21,3
,2,23953,123,0:23.953,27.05.2025 13:32:58,,,ui.lap_update,carrera_v2_6b799dd9_992f_4f07_bcd0_a3815b27c6ec,,1748345577728,1748345577728,carrera_v2_lap_80687EFE,23,2
,1,9853,122,0:09.853,27.05.2025 13:32:58,,,ui.lap_update,carrera_v2_6b799dd9_992f_4f07_bcd0_a3815b27c6ec,,1748345578328,1748345578328,carrera_v2_lap_80687EFE,22,3
,1,5755,122,0:05.755,27.05.2025 13:33:04,,,ui.lap_update,carrera_v2_6b799dd9_992f_4f07_bcd0_a3815b27c6ec,,1748345584085,1748345584085,carrera_v2_lap_80687EFE,23,3
,2,7451,123,0:07.451,27.05.2025 13:33:05,,,ui.lap_update,carrera_v2_6b799dd9_992f_4f07_bcd0_a3815b27c6ec,,1748345585166,1748345585166,carrera_v2_lap_80687EFE,24,2
,1,5484,122,0:05.484,27.05.2025 13:33:10,,,ui.lap_update,carrera_v2_6b799dd9_992f_4f07_bcd0_a3815b27c6ec,,1748345589607,1748345589607,carrera_v2_lap_80687EFE,24,3
,2,6988,123,0:06.988,27.05.2025 13:33:12,,,ui.lap_update,carrera_v2_6b799dd9_992f_4f07_bcd0_a3815b27c6ec,,1748345592066,1748345592066,carrera_v2_lap_80687EFE,25,2
,2,7393,123,0:07.393,27.05.2025 13:33:20,,,ui.lap_update,carrera_v2_6b799dd9_992f_4f07_bcd0_a3815b27c6ec,,1748345599507,1748345599507,carrera_v2_lap_80687EFE,26,2
,1,10709,122,0:10.709,27.05.2025 13:33:20,,,ui.lap_update,carrera_v2_6b799dd9_992f_4f07_bcd0_a3815b27c6ec,,1748345600286,1748345600286,carrera_v2_lap_80687EFE,25,3
,2,5910,123,0:05.910,27.05.2025 13:33:25,,,ui.lap_update,carrera_v2_6b799dd9_992f_4f07_bcd0_a3815b27c6ec,,1748345605389,1748345605389,carrera_v2_lap_80687EFE,27,2
,1,6085,122,0:06.085,27.05.2025 13:33:26,,,ui.lap_update,carrera_v2_6b799dd9_992f_4f07_bcd0_a3815b27c6ec,,1748345606351,1748345606351,carrera_v2_lap_80687EFE,26,3
,2,5720,123,0:05.720,27.05.2025 13:33:31,,,ui.lap_update,carrera_v2_6b799dd9_992f_4f07_bcd0_a3815b27c6ec,,1748345611086,1748345611086,carrera_v2_lap_80687EFE,28,2
,1,5426,122,0:05.426,27.05.2025 13:33:32,,,ui.lap_update,carrera_v2_6b799dd9_992f_4f07_bcd0_a3815b27c6ec,,1748345611687,1748345611687,carrera_v2_lap_80687EFE,27,3
,2,6107,123,0:06.107,27.05.2025 13:33:37,,,ui.lap_update,carrera_v2_6b799dd9_992f_4f07_bcd0_a3815b27c6ec,,1748345617207,1748345617207,carrera_v2_lap_80687EFE,29,2
,1,5845,122,0:05.845,27.05.2025 13:33:38,,,ui.lap_update,carrera_v2_6b799dd9_992f_4f07_bcd0_a3815b27c6ec,,1748345617567,1748345617567,carrera_v2_lap_80687EFE,28,3
,1,8079,122,0:08.079,27.05.2025 13:33:46,,,ui.lap_update,carrera_v2_6b799dd9_992f_4f07_bcd0_a3815b27c6ec,,1748345625607,1748345625607,carrera_v2_lap_80687EFE,29,3
,2,16777,123,0:16.777,27.05.2025 13:33:54,,,ui.lap_update,carrera_v2_6b799dd9_992f_4f07_bcd0_a3815b27c6ec,,1748345633887,1748345633887,carrera_v2_lap_80687EFE,30,2
,1,10177,122,0:10.177,27.05.2025 13:33:56,,,ui.lap_update,carrera_v2_6b799dd9_992f_4f07_bcd0_a3815b27c6ec,,1748345635808,1748345635808,carrera_v2_lap_80687EFE,30,3
,2,13330,123,0:13.330,27.05.2025 13:34:07,,,ui.lap_update,carrera_v2_6b799dd9_992f_4f07_bcd0_a3815b27c6ec,,1748345647207,1748345647207,carrera_v2_lap_80687EFE,31,2
,1,13489,122,0:13.489,27.05.2025 13:34:09,,,ui.lap_update,carrera_v2_6b799dd9_992f_4f07_bcd0_a3815b27c6ec,,1748345649248,1748345649248,carrera_v2_lap_80687EFE,31,3
,1,7346,122,0:07.346,27.05.2025 13:34:17,,,ui.lap_update,carrera_v2_6b799dd9_992f_4f07_bcd0_a3815b27c6ec,,1748345656508,1748345656508,carrera_v2_lap_80687EFE,32,3
,2,10321,123,0:10.321,27.05.2025 13:34:17,,,ui.lap_update,carrera_v2_6b799dd9_992f_4f07_bcd0_a3815b27c6ec,,1748345657468,1748345657468,carrera_v2_lap_80687EFE,32,2
,1,6205,122,0:06.205,27.05.2025 13:34:23,,,ui.lap_update,carrera_v2_6b799dd9_992f_4f07_bcd0_a3815b27c6ec,,1748345662688,1748345662688,carrera_v2_lap_80687EFE,33,3
,2,12192,123,0:12.192,27.05.2025 13:34:30,,,ui.lap_update,carrera_v2_6b799dd9_992f_4f07_bcd0_a3815b27c6ec,,1748345669588,1748345669588,carrera_v2_lap_80687EFE,33,2
,1,7552,122,0:07.552,27.05.2025 13:34:30,,,ui.lap_update,carrera_v2_6b799dd9_992f_4f07_bcd0_a3815b27c6ec,,1748345670193,1748345670193,carrera_v2_lap_80687EFE,34,3
,2,6397,123,0:06.397,27.05.2025 13:34:36,,,ui.lap_update,carrera_v2_6b799dd9_992f_4f07_bcd0_a3815b27c6ec,,1748345676010,1748345676010,carrera_v2_lap_80687EFE,34,2
,1,6117,122,0:06.117,27.05.2025 13:34:36,,,ui.lap_update,carrera_v2_6b799dd9_992f_4f07_bcd0_a3815b27c6ec,,1748345676248,1748345676248,carrera_v2_lap_80687EFE,35,3
,2,5112,123,0:05.112,27.05.2025 13:34:41,,,ui.lap_update,carrera_v2_6b799dd9_992f_4f07_bcd0_a3815b27c6ec,,1748345681168,1748345681168,carrera_v2_lap_80687EFE,35,2
,1,6469,122,0:06.469,27.05.2025 13:34:43,,,ui.lap_update,carrera_v2_6b799dd9_992f_4f07_bcd0_a3815b27c6ec,,1748345682788,1748345682788,carrera_v2_lap_80687EFE,36,3
,2,12670,123,0:12.670,27.05.2025 13:34:54,,,ui.lap_update,carrera_v2_6b799dd9_992f_4f07_bcd0_a3815b27c6ec,,1748345693710,1748345693710,carrera_v2_lap_80687EFE,36,2
,1,11395,122,0:11.395,27.05.2025 13:34:54,,,ui.lap_update,carrera_v2_6b799dd9_992f_4f07_bcd0_a3815b27c6ec,,1748345694188,1748345694188,carrera_v2_lap_80687EFE,37,3
,1,5199,122,0:05.199,27.05.2025 13:34:59,,,ui.lap_update,carrera_v2_6b799dd9_992f_4f07_bcd0_a3815b27c6ec,,1748345699289,1748345699289,carrera_v2_lap_80687EFE,38,3
,2,7335,123,0:07.335,27.05.2025 13:35:01,,,ui.lap_update,carrera_v2_6b799dd9_992f_4f07_bcd0_a3815b27c6ec,,1748345701089,1748345701089,carrera_v2_lap_80687EFE,37,2
,1,5409,122,0:05.409,27.05.2025 13:35:05,,,ui.lap_update,carrera_v2_6b799dd9_992f_4f07_bcd0_a3815b27c6ec,,1748345704689,1748345704689,carrera_v2_lap_80687EFE,39,3
,2,6951,123,0:06.951,27.05.2025 13:35:08,,,ui.lap_update,carrera_v2_6b799dd9_992f_4f07_bcd0_a3815b27c6ec,,1748345707989,1748345707989,carrera_v2_lap_80687EFE,38,2
,1,5430,122,0:05.430,27.05.2025 13:35:10,,,ui.lap_update,carrera_v2_6b799dd9_992f_4f07_bcd0_a3815b27c6ec,,1748345710090,1748345710090,carrera_v2_lap_80687EFE,40,3
,2,7060,123,0:07.060,27.05.2025 13:35:15,,,ui.lap_update,carrera_v2_6b799dd9_992f_4f07_bcd0_a3815b27c6ec,,1748345715068,1748345715068,carrera_v2_lap_80687EFE,39,2
,1,10233,122,0:10.233,27.05.2025 13:35:20,,,ui.lap_update,carrera_v2_6b799dd9_992f_4f07_bcd0_a3815b27c6ec,,1748345720469,1748345720469,carrera_v2_lap_80687EFE,41,3
,2,7068,123,0:07.068,27.05.2025 13:35:22,,,ui.lap_update,carrera_v2_6b799dd9_992f_4f07_bcd0_a3815b27c6ec,,1748345722150,1748345722150,carrera_v2_lap_80687EFE,40,2
,1,5622,122,0:05.622,27.05.2025 13:35:26,,,ui.lap_update,carrera_v2_6b799dd9_992f_4f07_bcd0_a3815b27c6ec,,1748345726050,1748345726050,carrera_v2_lap_80687EFE,42,3
,2,7172,123,0:07.172,27.05.2025 13:35:29,,,ui.lap_update,carrera_v2_6b799dd9_992f_4f07_bcd0_a3815b27c6ec,,1748345729169,1748345729169,carrera_v2_lap_80687EFE,41,2
,1,8587,122,0:08.587,27.05.2025 13:35:35,,,ui.lap_update,carrera_v2_6b799dd9_992f_4f07_bcd0_a3815b27c6ec,,1748345734509,1748345734509,carrera_v2_lap_80687EFE,43,3
,2,7238,123,0:07.238,27.05.2025 13:35:36,,,ui.lap_update,carrera_v2_6b799dd9_992f_4f07_bcd0_a3815b27c6ec,,1748345736369,1748345736369,carrera_v2_lap_80687EFE,42,2
,1,5384,122,0:05.384,27.05.2025 13:35:40,,,ui.lap_update,carrera_v2_6b799dd9_992f_4f07_bcd0_a3815b27c6ec,,1748345739850,1748345739850,carrera_v2_lap_80687EFE,44,3
,2,11459,123,0:11.459,27.05.2025 13:35:48,,,ui.lap_update,carrera_v2_6b799dd9_992f_4f07_bcd0_a3815b27c6ec,,1748345747890,1748345747890,carrera_v2_lap_80687EFE,43,2
,1,8516,122,0:08.516,27.05.2025 13:35:48,,,ui.lap_update,carrera_v2_6b799dd9_992f_4f07_bcd0_a3815b27c6ec,,1748345748370,1748345748370,carrera_v2_lap_80687EFE,45,3
,1,5089,122,0:05.089,27.05.2025 13:35:53,,,ui.lap_update,carrera_v2_6b799dd9_992f_4f07_bcd0_a3815b27c6ec,,1748345753470,1748345753470,carrera_v2_lap_80687EFE,46,3
,2,7209,123,0:07.209,27.05.2025 13:35:55,,,ui.lap_update,carrera_v2_6b799dd9_992f_4f07_bcd0_a3815b27c6ec,,1748345755030,1748345755030,carrera_v2_lap_80687EFE,44,2
,1,8749,122,0:08.749,27.05.2025 13:36:02,,,ui.lap_update,carrera_v2_6b799dd9_992f_4f07_bcd0_a3815b27c6ec,,1748345762170,1748345762170,carrera_v2_lap_80687EFE,47,3
,2,8404,123,0:08.404,27.05.2025 13:36:03,,,ui.lap_update,carrera_v2_6b799dd9_992f_4f07_bcd0_a3815b27c6ec,,1748345763431,1748345763431,carrera_v2_lap_80687EFE,45,2
,1,5010,122,0:05.010,27.05.2025 13:36:07,,,ui.lap_update,carrera_v2_6b799dd9_992f_4f07_bcd0_a3815b27c6ec,,1748345767091,1748345767091,carrera_v2_lap_80687EFE,48,3
,2,12429,123,0:12.429,27.05.2025 13:36:16,,,ui.lap_update,carrera_v2_6b799dd9_992f_4f07_bcd0_a3815b27c6ec,,1748345775854,1748345775854,carrera_v2_lap_80687EFE,46,2
,1,8846,122,0:08.846,27.05.2025 13:36:16,,,ui.lap_update,carrera_v2_6b799dd9_992f_4f07_bcd0_a3815b27c6ec,,1748345775971,1748345775971,carrera_v2_lap_80687EFE,49,3
,1,5684,122,0:05.684,27.05.2025 13:36:22,,,ui.lap_update,carrera_v2_6b799dd9_992f_4f07_bcd0_a3815b27c6ec,,1748345781610,1748345781610,carrera_v2_lap_80687EFE,50,3
,2,10655,123,0:10.655,27.05.2025 13:36:26,,,ui.lap_update,carrera_v2_6b799dd9_992f_4f07_bcd0_a3815b27c6ec,,1748345786410,1748345786410,carrera_v2_lap_80687EFE,47,2
,1,9366,122,0:09.366,27.05.2025 13:36:31,,,ui.lap_update,carrera_v2_6b799dd9_992f_4f07_bcd0_a3815b27c6ec,,1748345790970,1748345790970,carrera_v2_lap_80687EFE,51,3
,2,7833,123,0:07.833,27.05.2025 13:36:34,,,ui.lap_update,carrera_v2_6b799dd9_992f_4f07_bcd0_a3815b27c6ec,,1748345794211,1748345794211,carrera_v2_lap_80687EFE,48,2
,1,5550,122,0:05.550,27.05.2025 13:36:36,,,ui.lap_update,carrera_v2_6b799dd9_992f_4f07_bcd0_a3815b27c6ec,,1748345796490,1748345796490,carrera_v2_lap_80687EFE,52,3
,2,7076,123,0:07.076,27.05.2025 13:36:41,,,ui.lap_update,carrera_v2_6b799dd9_992f_4f07_bcd0_a3815b27c6ec,,1748345801351,1748345801351,carrera_v2_lap_80687EFE,49,2
,1,5256,122,0:05.256,27.05.2025 13:36:42,,,ui.lap_update,carrera_v2_6b799dd9_992f_4f07_bcd0_a3815b27c6ec,,1748345801711,1748345801711,carrera_v2_lap_80687EFE,53,3
,1,5442,122,0:05.442,27.05.2025 13:36:47,,,ui.lap_update,carrera_v2_6b799dd9_992f_4f07_bcd0_a3815b27c6ec,,1748345807171,1748345807171,carrera_v2_lap_80687EFE,54,3
,2,7531,123,0:07.531,27.05.2025 13:36:49,,,ui.lap_update,carrera_v2_6b799dd9_992f_4f07_bcd0_a3815b27c6ec,,1748345808851,1748345808851,carrera_v2_lap_80687EFE,50,2
,1,8267,122,0:08.267,27.05.2025 13:36:55,,,ui.lap_update,carrera_v2_6b799dd9_992f_4f07_bcd0_a3815b27c6ec,,1748345815390,1748345815390,carrera_v2_lap_80687EFE,55,3
,2,7750,123,0:07.750,27.05.2025 13:36:57,,,ui.lap_update,carrera_v2_6b799dd9_992f_4f07_bcd0_a3815b27c6ec,,1748345816533,1748345816533,carrera_v2_lap_80687EFE,51,2
,1,5237,122,0:05.237,27.05.2025 13:37:01,,,ui.lap_update,carrera_v2_6b799dd9_992f_4f07_bcd0_a3815b27c6ec,,1748345820611,1748345820611,carrera_v2_lap_80687EFE,56,3
,2,6049,123,0:06.049,27.05.2025 13:37:03,,,ui.lap_update,carrera_v2_6b799dd9_992f_4f07_bcd0_a3815b27c6ec,,1748345822591,1748345822591,carrera_v2_lap_80687EFE,52,2
,1,5667,122,0:05.667,27.05.2025 13:37:06,,,ui.lap_update,carrera_v2_6b799dd9_992f_4f07_bcd0_a3815b27c6ec,,1748345826251,1748345826251,carrera_v2_lap_80687EFE,57,3
,2,9165,123,0:09.165,27.05.2025 13:37:12,,,ui.lap_update,carrera_v2_6b799dd9_992f_4f07_bcd0_a3815b27c6ec,,1748345831711,1748345831711,carrera_v2_lap_80687EFE,53,2
,1,10259,122,0:10.259,27.05.2025 13:37:17,,,ui.lap_update,carrera_v2_6b799dd9_992f_4f07_bcd0_a3815b27c6ec,,1748345836511,1748345836511,carrera_v2_lap_80687EFE,58,3
,2,7666,123,0:07.666,27.05.2025 13:37:19,,,ui.lap_update,carrera_v2_6b799dd9_992f_4f07_bcd0_a3815b27c6ec,,1748345839394,1748345839394,carrera_v2_lap_80687EFE,54,2
,1,5559,122,0:05.559,27.05.2025 13:37:22,,,ui.lap_update,carrera_v2_6b799dd9_992f_4f07_bcd0_a3815b27c6ec,,1748345842032,1748345842032,carrera_v2_lap_80687EFE,59,3
,2,6697,123,0:06.697,27.05.2025 13:37:26,,,ui.lap_update,carrera_v2_6b799dd9_992f_4f07_bcd0_a3815b27c6ec,,1748345845992,1748345845992,carrera_v2_lap_80687EFE,55,2
,1,5046,122,0:05.046,27.05.2025 13:37:27,,,ui.lap_update,carrera_v2_6b799dd9_992f_4f07_bcd0_a3815b27c6ec,,1748345847071,1748345847071,carrera_v2_lap_80687EFE,60,3
,2,6064,123,0:06.064,27.05.2025 13:37:32,,,ui.lap_update,carrera_v2_6b799dd9_992f_4f07_bcd0_a3815b27c6ec,,1748345852112,1748345852112,carrera_v2_lap_80687EFE,56,2
,1,9196,122,0:09.196,27.05.2025 13:37:36,,,ui.lap_update,carrera_v2_6b799dd9_992f_4f07_bcd0_a3815b27c6ec,,1748345856194,1748345856194,carrera_v2_lap_80687EFE,61,3
,2,724786,123,12:04.786,27.05.2025 13:49:35,,,ui.lap_update,carrera_v2_6b799dd9_992f_4f07_bcd0_a3815b27c6ec,,1748346574647,1748346574647,carrera_v2_lap_80687EFE,57,2
,1,730102,124,12:10.102,27.05.2025 13:49:44,,,ui.lap_update,carrera_v2_6b799dd9_992f_4f07_bcd0_a3815b27c6ec,,1748346584064,1748346584064,carrera_v2_lap_80687EFE,62,3
,1,7319,124,0:07.319,27.05.2025 13:49:52,,,ui.lap_update,carrera_v2_6b799dd9_992f_4f07_bcd0_a3815b27c6ec,,1748346591507,1748346591507,carrera_v2_lap_80687EFE,63,3
,1,11152,124,0:11.152,27.05.2025 13:50:03,,,ui.lap_update,carrera_v2_6b799dd9_992f_4f07_bcd0_a3815b27c6ec,,1748346602545,1748346602545,carrera_v2_lap_80687EFE,64,3
,1,10244,124,0:10.244,27.05.2025 13:50:13,,,ui.lap_update,carrera_v2_6b799dd9_992f_4f07_bcd0_a3815b27c6ec,,1748346612808,1748346612808,carrera_v2_lap_80687EFE,65,3
,1,6683,124,0:06.683,27.05.2025 13:50:19,,,ui.lap_update,carrera_v2_6b799dd9_992f_4f07_bcd0_a3815b27c6ec,,1748346619408,1748346619408,carrera_v2_lap_80687EFE,66,3
,1,12555,124,0:12.555,27.05.2025 13:50:32,,,ui.lap_update,carrera_v2_6b799dd9_992f_4f07_bcd0_a3815b27c6ec,,1748346631947,1748346631947,carrera_v2_lap_80687EFE,67,3
,1,5620,124,0:05.620,27.05.2025 13:50:38,,,ui.lap_update,carrera_v2_6b799dd9_992f_4f07_bcd0_a3815b27c6ec,,1748346637527,1748346637527,carrera_v2_lap_80687EFE,68,3
,1,5641,124,0:05.641,27.05.2025 13:50:43,,,ui.lap_update,carrera_v2_6b799dd9_992f_4f07_bcd0_a3815b27c6ec,,1748346643109,1748346643109,carrera_v2_lap_80687EFE,69,3
,1,5613,124,0:05.613,27.05.2025 13:50:49,,,ui.lap_update,carrera_v2_6b799dd9_992f_4f07_bcd0_a3815b27c6ec,,1748346648746,1748346648746,carrera_v2_lap_80687EFE,70,3
,1,5647,124,0:05.647,27.05.2025 13:50:54,,,ui.lap_update,carrera_v2_6b799dd9_992f_4f07_bcd0_a3815b27c6ec,,1748346654329,1748346654329,carrera_v2_lap_80687EFE,71,3
,1,5528,124,0:05.528,27.05.2025 13:51:00,,,ui.lap_update,carrera_v2_6b799dd9_992f_4f07_bcd0_a3815b27c6ec,,1748346659848,1748346659848,carrera_v2_lap_80687EFE,72,3
,1,6066,124,0:06.066,27.05.2025 13:51:06,,,ui.lap_update,carrera_v2_6b799dd9_992f_4f07_bcd0_a3815b27c6ec,,1748346665907,1748346665907,carrera_v2_lap_80687EFE,73,3
,1,6704,124,0:06.704,27.05.2025 13:51:13,,,ui.lap_update,carrera_v2_6b799dd9_992f_4f07_bcd0_a3815b27c6ec,,1748346672567,1748346672567,carrera_v2_lap_80687EFE,74,3
,1,6734,124,0:06.734,27.05.2025 13:51:19,,,ui.lap_update,carrera_v2_6b799dd9_992f_4f07_bcd0_a3815b27c6ec,,1748346679348,1748346679348,carrera_v2_lap_80687EFE,75,3
,1,7381,124,0:07.381,27.05.2025 13:51:27,,,ui.lap_update,carrera_v2_6b799dd9_992f_4f07_bcd0_a3815b27c6ec,,1748346686789,1748346686789,carrera_v2_lap_80687EFE,76,3
,1,7061,124,0:07.061,27.05.2025 13:51:34,,,ui.lap_update,carrera_v2_6b799dd9_992f_4f07_bcd0_a3815b27c6ec,,1748346693748,1748346693748,carrera_v2_lap_80687EFE,77,3
,1,6403,124,0:06.403,27.05.2025 13:51:40,,,ui.lap_update,carrera_v2_6b799dd9_992f_4f07_bcd0_a3815b27c6ec,,1748346700110,1748346700110,carrera_v2_lap_80687EFE,78,3
,1,5539,124,0:05.539,27.05.2025 13:51:46,,,ui.lap_update,carrera_v2_6b799dd9_992f_4f07_bcd0_a3815b27c6ec,,1748346705631,1748346705631,carrera_v2_lap_80687EFE,79,3
,1,10071,124,0:10.071,27.05.2025 13:51:56,,,ui.lap_update,carrera_v2_6b799dd9_992f_4f07_bcd0_a3815b27c6ec,,1748346715708,1748346715708,carrera_v2_lap_80687EFE,80,3
,1,5901,124,0:05.901,27.05.2025 13:52:02,,,ui.lap_update,carrera_v2_6b799dd9_992f_4f07_bcd0_a3815b27c6ec,,1748346721528,1748346721528,carrera_v2_lap_80687EFE,81,3
,1,5638,124,0:05.638,27.05.2025 13:52:07,,,ui.lap_update,carrera_v2_6b799dd9_992f_4f07_bcd0_a3815b27c6ec,,1748346727168,1748346727168,carrera_v2_lap_80687EFE,82,3
,1,5646,124,0:05.646,27.05.2025 13:52:13,,,ui.lap_update,carrera_v2_6b799dd9_992f_4f07_bcd0_a3815b27c6ec,,1748346732749,1748346732749,carrera_v2_lap_80687EFE,83,3
,1,5642,124,0:05.642,27.05.2025 13:52:19,,,ui.lap_update,carrera_v2_6b799dd9_992f_4f07_bcd0_a3815b27c6ec,,1748346738509,1748346738509,carrera_v2_lap_80687EFE,84,3
,1,401859,124,6:41.859,27.05.2025 13:58:59,,,ui.lap_update,carrera_v2_6b799dd9_992f_4f07_bcd0_a3815b27c6ec,,1748347139077,1748347139077,carrera_v2_lap_80687EFE,85,3
,1,7506,124,0:07.506,27.05.2025 13:59:07,,,ui.lap_update,carrera_v2_6b799dd9_992f_4f07_bcd0_a3815b27c6ec,,1748347146577,1748347146577,carrera_v2_lap_80687EFE,86,3
,1,46682,124,0:46.682,27.05.2025 13:59:53,,,ui.lap_update,carrera_v2_6b799dd9_992f_4f07_bcd0_a3815b27c6ec,,1748347193196,1748347193196,carrera_v2_lap_80687EFE,87,3
,1,400087,124,6:40.087,27.05.2025 14:06:32,,,ui.lap_update,carrera_v2_6b799dd9_992f_4f07_bcd0_a3815b27c6ec,,1748347591967,1748347591967,carrera_v2_lap_80687EFE,88,3
,2,1025313,123,17:05.313,27.05.2025 14:06:37,,,ui.lap_update,carrera_v2_6b799dd9_992f_4f07_bcd0_a3815b27c6ec,,1748347596826,1748347596826,carrera_v2_lap_80687EFE,58,2
,1,6988,124,0:06.988,27.05.2025 14:06:39,,,ui.lap_update,carrera_v2_6b799dd9_992f_4f07_bcd0_a3815b27c6ec,,1748347598986,1748347598986,carrera_v2_lap_80687EFE,89,3
,2,13568,123,0:13.568,27.05.2025 14:06:50,,,ui.lap_update,carrera_v2_6b799dd9_992f_4f07_bcd0_a3815b27c6ec,,1748347610326,1748347610326,carrera_v2_lap_80687EFE,59,2
,1,22093,124,0:22.093,27.05.2025 14:07:01,,,ui.lap_update,carrera_v2_6b799dd9_992f_4f07_bcd0_a3815b27c6ec,,1748347620946,1748347620946,carrera_v2_lap_80687EFE,90,3
,2,27500,123,0:27.500,27.05.2025 14:07:18,,,ui.lap_update,carrera_v2_6b799dd9_992f_4f07_bcd0_a3815b27c6ec,,1748347637807,1748347637807,carrera_v2_lap_80687EFE,60,2
,1,20498,124,0:20.498,27.05.2025 14:07:21,,,ui.lap_update,carrera_v2_6b799dd9_992f_4f07_bcd0_a3815b27c6ec,,1748347641466,1748347641466,carrera_v2_lap_80687EFE,91,3
,1,14435,124,0:14.435,27.05.2025 14:07:36,,,ui.lap_update,carrera_v2_6b799dd9_992f_4f07_bcd0_a3815b27c6ec,,1748347655807,1748347655807,carrera_v2_lap_80687EFE,92,3
,2,27873,123,0:27.873,27.05.2025 14:07:46,,,ui.lap_update,carrera_v2_6b799dd9_992f_4f07_bcd0_a3815b27c6ec,,1748347665526,1748347665526,carrera_v2_lap_80687EFE,61,2
,1,15276,124,0:15.276,27.05.2025 14:07:51,,,ui.lap_update,carrera_v2_6b799dd9_992f_4f07_bcd0_a3815b27c6ec,,1748347671048,1748347671048,carrera_v2_lap_80687EFE,93,3
,2,10890,123,0:10.890,27.05.2025 14:07:56,,,ui.lap_update,carrera_v2_6b799dd9_992f_4f07_bcd0_a3815b27c6ec,,1748347676445,1748347676445,carrera_v2_lap_80687EFE,62,2
,1,6277,124,0:06.277,27.05.2025 14:07:57,,,ui.lap_update,carrera_v2_6b799dd9_992f_4f07_bcd0_a3815b27c6ec,,1748347677288,1748347677288,carrera_v2_lap_80687EFE,94,3
,1,7098,124,0:07.098,27.05.2025 14:08:04,,,ui.lap_update,carrera_v2_6b799dd9_992f_4f07_bcd0_a3815b27c6ec,,1748347684427,1748347684427,carrera_v2_lap_80687EFE,95,3
,2,12926,123,0:12.926,27.05.2025 14:08:09,,,ui.lap_update,carrera_v2_6b799dd9_992f_4f07_bcd0_a3815b27c6ec,,1748347689289,1748347689289,carrera_v2_lap_80687EFE,63,2
,2,8315,123,0:08.315,27.05.2025 14:08:18,,,ui.lap_update,carrera_v2_6b799dd9_992f_4f07_bcd0_a3815b27c6ec,,1748347697628,1748347697628,carrera_v2_lap_80687EFE,64,2
,1,13424,124,0:13.424,27.05.2025 14:08:18,,,ui.lap_update,carrera_v2_6b799dd9_992f_4f07_bcd0_a3815b27c6ec,,1748347697747,1748347697747,carrera_v2_lap_80687EFE,96,3
,1,6798,124,0:06.798,27.05.2025 14:08:25,,,ui.lap_update,carrera_v2_6b799dd9_992f_4f07_bcd0_a3815b27c6ec,,1748347704527,1748347704527,carrera_v2_lap_80687EFE,97,3
,2,7310,123,0:07.310,27.05.2025 14:08:25,,,ui.lap_update,carrera_v2_6b799dd9_992f_4f07_bcd0_a3815b27c6ec,,1748347704946,1748347704946,carrera_v2_lap_80687EFE,65,2
,2,6001,123,0:06.001,27.05.2025 14:08:31,,,ui.lap_update,carrera_v2_6b799dd9_992f_4f07_bcd0_a3815b27c6ec,,1748347710887,1748347710887,carrera_v2_lap_80687EFE,66,2
,1,16769,124,0:16.769,27.05.2025 14:08:41,,,ui.lap_update,carrera_v2_6b799dd9_992f_4f07_bcd0_a3815b27c6ec,,1748347721208,1748347721208,carrera_v2_lap_80687EFE,98,3
,2,16948,123,0:16.948,27.05.2025 14:08:48,,,ui.lap_update,carrera_v2_6b799dd9_992f_4f07_bcd0_a3815b27c6ec,,1748347727810,1748347727810,carrera_v2_lap_80687EFE,67,2
,1,11049,124,0:11.049,27.05.2025 14:08:52,,,ui.lap_update,carrera_v2_6b799dd9_992f_4f07_bcd0_a3815b27c6ec,,1748347732247,1748347732247,carrera_v2_lap_80687EFE,99,3
,2,7656,123,0:07.656,27.05.2025 14:08:55,,,ui.lap_update,carrera_v2_6b799dd9_992f_4f07_bcd0_a3815b27c6ec,,1748347735487,1748347735487,carrera_v2_lap_80687EFE,68,2
,2,12368,123,0:12.368,27.05.2025 14:09:08,,,ui.lap_update,carrera_v2_6b799dd9_992f_4f07_bcd0_a3815b27c6ec,,1748347747729,1748347747729,carrera_v2_lap_80687EFE,69,2
,2,8923,123,0:08.923,27.05.2025 14:09:17,,,ui.lap_update,carrera_v2_6b799dd9_992f_4f07_bcd0_a3815b27c6ec,,1748347756668,1748347756668,carrera_v2_lap_80687EFE,70,2
,1,26943,124,0:26.943,27.05.2025 14:09:19,,,ui.lap_update,carrera_v2_6b799dd9_992f_4f07_bcd0_a3815b27c6ec,,1748347759128,1748347759128,carrera_v2_lap_80687EFE,100,3
,2,2815,123,0:02.815,27.05.2025 14:09:19,,,ui.lap_update,carrera_v2_6b799dd9_992f_4f07_bcd0_a3815b27c6ec,,1748347759488,1748347759488,carrera_v2_lap_80687EFE,71,2
,2,14551,123,0:14.551,27.05.2025 14:09:34,,,ui.lap_update,carrera_v2_6b799dd9_992f_4f07_bcd0_a3815b27c6ec,,1748347773951,1748347773951,carrera_v2_lap_80687EFE,72,2
,1,15069,124,0:15.069,27.05.2025 14:09:34,,,ui.lap_update,carrera_v2_6b799dd9_992f_4f07_bcd0_a3815b27c6ec,,1748347774189,1748347774189,carrera_v2_lap_80687EFE,101,3
,1,30323,124,0:30.323,27.05.2025 14:10:04,,,ui.lap_update,carrera_v2_6b799dd9_992f_4f07_bcd0_a3815b27c6ec,,1748347804430,1748347804430,carrera_v2_lap_80687EFE,102,3
,2,32124,123,0:32.124,27.05.2025 14:10:06,,,ui.lap_update,carrera_v2_6b799dd9_992f_4f07_bcd0_a3815b27c6ec,,1748347805989,1748347805989,carrera_v2_lap_80687EFE,73,2
,2,232870,123,3:52.870,27.05.2025 14:13:58,,,ui.lap_update,carrera_v2_6b799dd9_992f_4f07_bcd0_a3815b27c6ec,,1748348038135,1748348038135,carrera_v2_lap_80687EFE,74,2
,1,236188,124,3:56.188,27.05.2025 14:14:00,,,ui.lap_update,carrera_v2_6b799dd9_992f_4f07_bcd0_a3815b27c6ec,,1748348039874,1748348039874,carrera_v2_lap_80687EFE,103,3
,1,421,124,0:00.421,27.05.2025 14:14:00,,,ui.lap_update,carrera_v2_6b799dd9_992f_4f07_bcd0_a3815b27c6ec,,1748348040362,1748348040362,carrera_v2_lap_80687EFE,104,3
,2,7504,123,0:07.504,27.05.2025 14:14:06,,,ui.lap_update,carrera_v2_6b799dd9_992f_4f07_bcd0_a3815b27c6ec,,1748348045635,1748348045635,carrera_v2_lap_80687EFE,75,2
,2,165,123,0:00.165,27.05.2025 14:14:06,,,ui.lap_update,carrera_v2_6b799dd9_992f_4f07_bcd0_a3815b27c6ec,,1748348045877,1748348045877,carrera_v2_lap_80687EFE,76,2
,2,193,123,0:00.193,27.05.2025 14:14:06,,,ui.lap_update,carrera_v2_6b799dd9_992f_4f07_bcd0_a3815b27c6ec,,1748348045992,1748348045992,carrera_v2_lap_80687EFE,77,2
,2,157,123,0:00.157,27.05.2025 14:14:06,,,ui.lap_update,carrera_v2_6b799dd9_992f_4f07_bcd0_a3815b27c6ec,,1748348046116,1748348046116,carrera_v2_lap_80687EFE,78,2
,2,196,123,0:00.196,27.05.2025 14:14:06,,,ui.lap_update,carrera_v2_6b799dd9_992f_4f07_bcd0_a3815b27c6ec,,1748348046352,1748348046352,carrera_v2_lap_80687EFE,79,2
,2,197,123,0:00.197,27.05.2025 14:14:07,,,ui.lap_update,carrera_v2_6b799dd9_992f_4f07_bcd0_a3815b27c6ec,,1748348046593,1748348046593,carrera_v2_lap_80687EFE,80,2
,2,256,123,0:00.256,27.05.2025 14:14:07,,,ui.lap_update,carrera_v2_6b799dd9_992f_4f07_bcd0_a3815b27c6ec,,1748348046833,1748348046833,carrera_v2_lap_80687EFE,81,2
,2,239,123,0:00.239,27.05.2025 14:14:07,,,ui.lap_update,carrera_v2_6b799dd9_992f_4f07_bcd0_a3815b27c6ec,,1748348047075,1748348047075,carrera_v2_lap_80687EFE,82,2
,2,243,123,0:00.243,27.05.2025 14:14:07,,,ui.lap_update,carrera_v2_6b799dd9_992f_4f07_bcd0_a3815b27c6ec,,1748348047313,1748348047313,carrera_v2_lap_80687EFE,83,2
,2,231,123,0:00.231,27.05.2025 14:14:08,,,ui.lap_update,carrera_v2_6b799dd9_992f_4f07_bcd0_a3815b27c6ec,,1748348047551,1748348047551,carrera_v2_lap_80687EFE,84,2
,2,740929,123,12:20.929,27.05.2025 14:26:26,,,ui.lap_update,carrera_v2_6b799dd9_992f_4f07_bcd0_a3815b27c6ec,,1748348786243,1748348786243,carrera_v2_lap_80687EFE,85,2
,1,785070,124,13:05.070,27.05.2025 14:27:03,,,ui.lap_update,carrera_v2_6b799dd9_992f_4f07_bcd0_a3815b27c6ec,,1748348822964,1748348822964,carrera_v2_lap_80687EFE,105,3
,2,39329,123,0:39.329,27.05.2025 14:27:05,,,ui.lap_update,carrera_v2_6b799dd9_992f_4f07_bcd0_a3815b27c6ec,,1748348825364,1748348825364,carrera_v2_lap_80687EFE,86,2
,1,24670,124,0:24.670,27.05.2025 14:27:28,,,ui.lap_update,carrera_v2_6b799dd9_992f_4f07_bcd0_a3815b27c6ec,,1748348847562,1748348847562,carrera_v2_lap_80687EFE,106,3
,2,22456,123,0:22.456,27.05.2025 14:27:28,,,ui.lap_update,carrera_v2_6b799dd9_992f_4f07_bcd0_a3815b27c6ec,,1748348847802,1748348847802,carrera_v2_lap_80687EFE,87,2
,2,702958,123,11:42.958,27.05.2025 14:39:09,,,ui.lap_update,carrera_v2_6b799dd9_992f_4f07_bcd0_a3815b27c6ec,,1748349548678,1748349548678,carrera_v2_lap_80687EFE,88,2
,1,783708,126,13:03.708,27.05.2025 14:40:29,,,ui.lap_update,carrera_v2_6b799dd9_992f_4f07_bcd0_a3815b27c6ec,,1748349628899,1748349628899,carrera_v2_lap_80687EFE,107,5
,2,89533,125,1:29.533,27.05.2025 14:40:38,,,ui.lap_update,carrera_v2_6b799dd9_992f_4f07_bcd0_a3815b27c6ec,,1748349637838,1748349637838,carrera_v2_lap_80687EFE,89,2
,1,13563,126,0:13.563,27.05.2025 14:40:42,,,ui.lap_update,carrera_v2_6b799dd9_992f_4f07_bcd0_a3815b27c6ec,,1748349642457,1748349642457,carrera_v2_lap_80687EFE,108,5
,2,5664,125,0:05.664,27.05.2025 14:40:43,,,ui.lap_update,carrera_v2_6b799dd9_992f_4f07_bcd0_a3815b27c6ec,,1748349643480,1748349643480,carrera_v2_lap_80687EFE,90,6
,1,7645,126,0:07.645,27.05.2025 14:40:50,,,ui.lap_update,carrera_v2_6b799dd9_992f_4f07_bcd0_a3815b27c6ec,,1748349650025,1748349650025,carrera_v2_lap_80687EFE,109,5
,1,33760,126,0:33.760,27.05.2025 14:41:24,,,ui.lap_update,carrera_v2_6b799dd9_992f_4f07_bcd0_a3815b27c6ec,,1748349683679,1748349683679,carrera_v2_lap_80687EFE,110,5
,2,40640,125,0:40.640,27.05.2025 14:41:24,,,ui.lap_update,carrera_v2_6b799dd9_992f_4f07_bcd0_a3815b27c6ec,,1748349684039,1748349684039,carrera_v2_lap_80687EFE,91,6
,2,25200,125,0:25.200,27.05.2025 14:41:49,,,ui.lap_update,carrera_v2_6b799dd9_992f_4f07_bcd0_a3815b27c6ec,,1748349709119,1748349709119,carrera_v2_lap_80687EFE,92,6
,1,35682,126,0:35.682,27.05.2025 14:42:20,,,ui.lap_update,carrera_v2_6b799dd9_992f_4f07_bcd0_a3815b27c6ec,,1748349739540,1748349739540,carrera_v2_lap_80687EFE,111,5
,2,10723,125,0:10.723,27.05.2025 14:42:20,,,ui.lap_update,carrera_v2_6b799dd9_992f_4f07_bcd0_a3815b27c6ec,,1748349740140,1748349740140,carrera_v2_lap_80687EFE,93,6
,1,10716,126,0:10.716,27.05.2025 14:42:30,,,ui.lap_update,carrera_v2_6b799dd9_992f_4f07_bcd0_a3815b27c6ec,,1748349750221,1748349750221,carrera_v2_lap_80687EFE,112,5
,2,11962,125,0:11.962,27.05.2025 14:42:32,,,ui.lap_update,carrera_v2_6b799dd9_992f_4f07_bcd0_a3815b27c6ec,,1748349752141,1748349752141,carrera_v2_lap_80687EFE,94,6
,2,8019,125,0:08.019,27.05.2025 14:42:40,,,ui.lap_update,carrera_v2_6b799dd9_992f_4f07_bcd0_a3815b27c6ec,,1748349760059,1748349760059,carrera_v2_lap_80687EFE,95,6
,1,12868,126,0:12.868,27.05.2025 14:42:43,,,ui.lap_update,carrera_v2_6b799dd9_992f_4f07_bcd0_a3815b27c6ec,,1748349763120,1748349763120,carrera_v2_lap_80687EFE,113,5
,2,7658,125,0:07.658,27.05.2025 14:42:48,,,ui.lap_update,carrera_v2_6b799dd9_992f_4f07_bcd0_a3815b27c6ec,,1748349767743,1748349767743,carrera_v2_lap_80687EFE,96,6
,1,9101,126,0:09.101,27.05.2025 14:42:52,,,ui.lap_update,carrera_v2_6b799dd9_992f_4f07_bcd0_a3815b27c6ec,,1748349772241,1748349772241,carrera_v2_lap_80687EFE,114,5
,2,7313,125,0:07.313,27.05.2025 14:42:55,,,ui.lap_update,carrera_v2_6b799dd9_992f_4f07_bcd0_a3815b27c6ec,,1748349775001,1748349775001,carrera_v2_lap_80687EFE,97,6
,1,7213,126,0:07.213,27.05.2025 14:42:59,,,ui.lap_update,carrera_v2_6b799dd9_992f_4f07_bcd0_a3815b27c6ec,,1748349779380,1748349779380,carrera_v2_lap_80687EFE,115,5
,2,7329,125,0:07.329,27.05.2025 14:43:02,,,ui.lap_update,carrera_v2_6b799dd9_992f_4f07_bcd0_a3815b27c6ec,,1748349782321,1748349782321,carrera_v2_lap_80687EFE,98,6
,1,6298,126,0:06.298,27.05.2025 14:43:06,,,ui.lap_update,carrera_v2_6b799dd9_992f_4f07_bcd0_a3815b27c6ec,,1748349785680,1748349785680,carrera_v2_lap_80687EFE,116,5
,2,6575,125,0:06.575,27.05.2025 14:43:09,,,ui.lap_update,carrera_v2_6b799dd9_992f_4f07_bcd0_a3815b27c6ec,,1748349788920,1748349788920,carrera_v2_lap_80687EFE,99,6
,1,6314,126,0:06.314,27.05.2025 14:43:12,,,ui.lap_update,carrera_v2_6b799dd9_992f_4f07_bcd0_a3815b27c6ec,,1748349791861,1748349791861,carrera_v2_lap_80687EFE,117,5
,2,6436,125,0:06.436,27.05.2025 14:43:15,,,ui.lap_update,carrera_v2_6b799dd9_992f_4f07_bcd0_a3815b27c6ec,,1748349795342,1748349795342,carrera_v2_lap_80687EFE,100,6
,1,6276,126,0:06.276,27.05.2025 14:43:18,,,ui.lap_update,carrera_v2_6b799dd9_992f_4f07_bcd0_a3815b27c6ec,,1748349798280,1748349798280,carrera_v2_lap_80687EFE,118,5
,2,6775,125,0:06.775,27.05.2025 14:43:22,,,ui.lap_update,carrera_v2_6b799dd9_992f_4f07_bcd0_a3815b27c6ec,,1748349802121,1748349802121,carrera_v2_lap_80687EFE,101,6
,1,6490,126,0:06.490,27.05.2025 14:43:25,,,ui.lap_update,carrera_v2_6b799dd9_992f_4f07_bcd0_a3815b27c6ec,,1748349804642,1748349804642,carrera_v2_lap_80687EFE,119,5
,2,5997,125,0:05.997,27.05.2025 14:43:28,,,ui.lap_update,carrera_v2_6b799dd9_992f_4f07_bcd0_a3815b27c6ec,,1748349808001,1748349808001,carrera_v2_lap_80687EFE,102,6
,1,6309,126,0:06.309,27.05.2025 14:43:31,,,ui.lap_update,carrera_v2_6b799dd9_992f_4f07_bcd0_a3815b27c6ec,,1748349810941,1748349810941,carrera_v2_lap_80687EFE,120,5
,2,8829,125,0:08.829,27.05.2025 14:43:37,,,ui.lap_update,carrera_v2_6b799dd9_992f_4f07_bcd0_a3815b27c6ec,,1748349816761,1748349816761,carrera_v2_lap_80687EFE,103,6
,1,6430,126,0:06.430,27.05.2025 14:43:37,,,ui.lap_update,carrera_v2_6b799dd9_992f_4f07_bcd0_a3815b27c6ec,,1748349817420,1748349817420,carrera_v2_lap_80687EFE,121,5
,2,5568,125,0:05.568,27.05.2025 14:43:42,,,ui.lap_update,carrera_v2_6b799dd9_992f_4f07_bcd0_a3815b27c6ec,,1748349822403,1748349822403,carrera_v2_lap_80687EFE,104,6
,1,9441,126,0:09.441,27.05.2025 14:43:47,,,ui.lap_update,carrera_v2_6b799dd9_992f_4f07_bcd0_a3815b27c6ec,,1748349826842,1748349826842,carrera_v2_lap_80687EFE,122,5
,2,6151,125,0:06.151,27.05.2025 14:43:49,,,ui.lap_update,carrera_v2_6b799dd9_992f_4f07_bcd0_a3815b27c6ec,,1748349828521,1748349828521,carrera_v2_lap_80687EFE,105,6
,1,6515,126,0:06.515,27.05.2025 14:43:53,,,ui.lap_update,carrera_v2_6b799dd9_992f_4f07_bcd0_a3815b27c6ec,,1748349833260,1748349833260,carrera_v2_lap_80687EFE,123,5
,2,10442,125,0:10.442,27.05.2025 14:43:59,,,ui.lap_update,carrera_v2_6b799dd9_992f_4f07_bcd0_a3815b27c6ec,,1748349838962,1748349838962,carrera_v2_lap_80687EFE,106,6
,1,5919,126,0:05.919,27.05.2025 14:43:59,,,ui.lap_update,carrera_v2_6b799dd9_992f_4f07_bcd0_a3815b27c6ec,,1748349839142,1748349839142,carrera_v2_lap_80687EFE,124,5
,2,6406,125,0:06.406,27.05.2025 14:44:05,,,ui.lap_update,carrera_v2_6b799dd9_992f_4f07_bcd0_a3815b27c6ec,,1748349845321,1748349845321,carrera_v2_lap_80687EFE,107,6
,1,9321,126,0:09.321,27.05.2025 14:44:08,,,ui.lap_update,carrera_v2_6b799dd9_992f_4f07_bcd0_a3815b27c6ec,,1748349848441,1748349848441,carrera_v2_lap_80687EFE,125,5
,2,6234,125,0:06.234,27.05.2025 14:44:12,,,ui.lap_update,carrera_v2_6b799dd9_992f_4f07_bcd0_a3815b27c6ec,,1748349851565,1748349851565,carrera_v2_lap_80687EFE,108,6
,1,9550,126,0:09.550,27.05.2025 14:44:18,,,ui.lap_update,carrera_v2_6b799dd9_992f_4f07_bcd0_a3815b27c6ec,,1748349857982,1748349857982,carrera_v2_lap_80687EFE,126,5
,2,11556,125,0:11.556,27.05.2025 14:44:23,,,ui.lap_update,carrera_v2_6b799dd9_992f_4f07_bcd0_a3815b27c6ec,,1748349863083,1748349863083,carrera_v2_lap_80687EFE,109,6
,1,13112,126,0:13.112,27.05.2025 14:44:31,,,ui.lap_update,carrera_v2_6b799dd9_992f_4f07_bcd0_a3815b27c6ec,,1748349871122,1748349871122,carrera_v2_lap_80687EFE,127,5
,2,8958,125,0:08.958,27.05.2025 14:44:32,,,ui.lap_update,carrera_v2_6b799dd9_992f_4f07_bcd0_a3815b27c6ec,,1748349871962,1748349871962,carrera_v2_lap_80687EFE,110,6
,1,6998,126,0:06.998,27.05.2025 14:44:38,,,ui.lap_update,carrera_v2_6b799dd9_992f_4f07_bcd0_a3815b27c6ec,,1748349878084,1748349878084,carrera_v2_lap_80687EFE,128,5
,2,13545,125,0:13.545,27.05.2025 14:44:46,,,ui.lap_update,carrera_v2_6b799dd9_992f_4f07_bcd0_a3815b27c6ec,,1748349885522,1748349885522,carrera_v2_lap_80687EFE,111,6
,1,13012,126,0:13.012,27.05.2025 14:44:51,,,ui.lap_update,carrera_v2_6b799dd9_992f_4f07_bcd0_a3815b27c6ec,,1748349891044,1748349891044,carrera_v2_lap_80687EFE,129,5
,2,6755,125,0:06.755,27.05.2025 14:44:52,,,ui.lap_update,carrera_v2_6b799dd9_992f_4f07_bcd0_a3815b27c6ec,,1748349892244,1748349892244,carrera_v2_lap_80687EFE,112,6
,1,6827,126,0:06.827,27.05.2025 14:44:58,,,ui.lap_update,carrera_v2_6b799dd9_992f_4f07_bcd0_a3815b27c6ec,,1748349897824,1748349897824,carrera_v2_lap_80687EFE,130,5
,2,9749,125,0:09.749,27.05.2025 14:45:02,,,ui.lap_update,carrera_v2_6b799dd9_992f_4f07_bcd0_a3815b27c6ec,,1748349901904,1748349901904,carrera_v2_lap_80687EFE,113,6
,1,9436,126,0:09.436,27.05.2025 14:45:07,,,ui.lap_update,carrera_v2_6b799dd9_992f_4f07_bcd0_a3815b27c6ec,,1748349907244,1748349907244,carrera_v2_lap_80687EFE,131,5
,1,13373,126,0:13.373,27.05.2025 14:45:21,,,ui.lap_update,carrera_v2_6b799dd9_992f_4f07_bcd0_a3815b27c6ec,,1748349920502,1748349920502,carrera_v2_lap_80687EFE,132,5
,2,27272,125,0:27.272,27.05.2025 14:45:29,,,ui.lap_update,carrera_v2_6b799dd9_992f_4f07_bcd0_a3815b27c6ec,,1748349929083,1748349929083,carrera_v2_lap_80687EFE,114,6
,1,10145,126,0:10.145,27.05.2025 14:45:31,,,ui.lap_update,carrera_v2_6b799dd9_992f_4f07_bcd0_a3815b27c6ec,,1748349930703,1748349930703,carrera_v2_lap_80687EFE,133,5
,2,7589,125,0:07.589,27.05.2025 14:45:37,,,ui.lap_update,carrera_v2_6b799dd9_992f_4f07_bcd0_a3815b27c6ec,,1748349936643,1748349936643,carrera_v2_lap_80687EFE,115,6
,1,7411,126,0:07.411,27.05.2025 14:45:38,,,ui.lap_update,carrera_v2_6b799dd9_992f_4f07_bcd0_a3815b27c6ec,,1748349938083,1748349938083,carrera_v2_lap_80687EFE,134,5
,2,5721,125,0:05.721,27.05.2025 14:45:42,,,ui.lap_update,carrera_v2_6b799dd9_992f_4f07_bcd0_a3815b27c6ec,,1748349942402,1748349942402,carrera_v2_lap_80687EFE,116,6
,1,8629,126,0:08.629,27.05.2025 14:45:47,,,ui.lap_update,carrera_v2_6b799dd9_992f_4f07_bcd0_a3815b27c6ec,,1748349946723,1748349946723,carrera_v2_lap_80687EFE,135,5
,2,6696,125,0:06.696,27.05.2025 14:45:49,,,ui.lap_update,carrera_v2_6b799dd9_992f_4f07_bcd0_a3815b27c6ec,,1748349949065,1748349949065,carrera_v2_lap_80687EFE,117,6
,1,7768,126,0:07.768,27.05.2025 14:45:54,,,ui.lap_update,carrera_v2_6b799dd9_992f_4f07_bcd0_a3815b27c6ec,,1748349954465,1748349954465,carrera_v2_lap_80687EFE,136,5
,2,6183,125,0:06.183,27.05.2025 14:45:55,,,ui.lap_update,carrera_v2_6b799dd9_992f_4f07_bcd0_a3815b27c6ec,,1748349955183,1748349955183,carrera_v2_lap_80687EFE,118,6
,2,6580,125,0:06.580,27.05.2025 14:46:02,,,ui.lap_update,carrera_v2_6b799dd9_992f_4f07_bcd0_a3815b27c6ec,,1748349961783,1748349961783,carrera_v2_lap_80687EFE,119,6
,1,8929,126,0:08.929,27.05.2025 14:46:03,,,ui.lap_update,carrera_v2_6b799dd9_992f_4f07_bcd0_a3815b27c6ec,,1748349963343,1748349963343,carrera_v2_lap_80687EFE,137,5
,2,6868,125,0:06.868,27.05.2025 14:46:09,,,ui.lap_update,carrera_v2_6b799dd9_992f_4f07_bcd0_a3815b27c6ec,,1748349968623,1748349968623,carrera_v2_lap_80687EFE,120,6
,1,6807,126,0:06.807,27.05.2025 14:46:10,,,ui.lap_update,carrera_v2_6b799dd9_992f_4f07_bcd0_a3815b27c6ec,,1748349970124,1748349970124,carrera_v2_lap_80687EFE,138,5
,2,10537,125,0:10.537,27.05.2025 14:46:19,,,ui.lap_update,carrera_v2_6b799dd9_992f_4f07_bcd0_a3815b27c6ec,,1748349979184,1748349979184,carrera_v2_lap_80687EFE,121,6
,1,9175,126,0:09.175,27.05.2025 14:46:19,,,ui.lap_update,carrera_v2_6b799dd9_992f_4f07_bcd0_a3815b27c6ec,,1748349979304,1748349979304,carrera_v2_lap_80687EFE,139,5
,2,6145,125,0:06.145,27.05.2025 14:46:25,,,ui.lap_update,carrera_v2_6b799dd9_992f_4f07_bcd0_a3815b27c6ec,,1748349985304,1748349985304,carrera_v2_lap_80687EFE,122,6
,1,6475,126,0:06.475,27.05.2025 14:46:26,,,ui.lap_update,carrera_v2_6b799dd9_992f_4f07_bcd0_a3815b27c6ec,,1748349985724,1748349985724,carrera_v2_lap_80687EFE,140,5
,2,6452,125,0:06.452,27.05.2025 14:46:32,,,ui.lap_update,carrera_v2_6b799dd9_992f_4f07_bcd0_a3815b27c6ec,,1748349991664,1748349991664,carrera_v2_lap_80687EFE,123,6
,1,8241,126,0:08.241,27.05.2025 14:46:34,,,ui.lap_update,carrera_v2_6b799dd9_992f_4f07_bcd0_a3815b27c6ec,,1748349993883,1748349993883,carrera_v2_lap_80687EFE,141,5
,1,8412,126,0:08.412,27.05.2025 14:46:42,,,ui.lap_update,carrera_v2_6b799dd9_992f_4f07_bcd0_a3815b27c6ec,,1748350002350,1748350002350,carrera_v2_lap_80687EFE,142,5
,2,14389,125,0:14.389,27.05.2025 14:46:46,,,ui.lap_update,carrera_v2_6b799dd9_992f_4f07_bcd0_a3815b27c6ec,,1748350006124,1748350006124,carrera_v2_lap_80687EFE,124,6
,1,9338,126,0:09.338,27.05.2025 14:46:52,,,ui.lap_update,carrera_v2_6b799dd9_992f_4f07_bcd0_a3815b27c6ec,,1748350011584,1748350011584,carrera_v2_lap_80687EFE,143,5
,2,11583,125,0:11.583,27.05.2025 14:46:58,,,ui.lap_update,carrera_v2_6b799dd9_992f_4f07_bcd0_a3815b27c6ec,,1748350017584,1748350017584,carrera_v2_lap_80687EFE,125,6
,1,7384,126,0:07.384,27.05.2025 14:46:59,,,ui.lap_update,carrera_v2_6b799dd9_992f_4f07_bcd0_a3815b27c6ec,,1748350019025,1748350019025,carrera_v2_lap_80687EFE,144,5
,2,7099,125,0:07.099,27.05.2025 14:47:05,,,ui.lap_update,carrera_v2_6b799dd9_992f_4f07_bcd0_a3815b27c6ec,,1748350024724,1748350024724,carrera_v2_lap_80687EFE,126,6
,1,9816,126,0:09.816,27.05.2025 14:47:09,,,ui.lap_update,carrera_v2_6b799dd9_992f_4f07_bcd0_a3815b27c6ec,,1748350028745,1748350028745,carrera_v2_lap_80687EFE,145,5
,1,7928,126,0:07.928,27.05.2025 14:47:17,,,ui.lap_update,carrera_v2_6b799dd9_992f_4f07_bcd0_a3815b27c6ec,,1748350036665,1748350036665,carrera_v2_lap_80687EFE,146,5
,2,14445,125,0:14.445,27.05.2025 14:47:19,,,ui.lap_update,carrera_v2_6b799dd9_992f_4f07_bcd0_a3815b27c6ec,,1748350039065,1748350039065,carrera_v2_lap_80687EFE,127,6
,1,9456,126,0:09.456,27.05.2025 14:47:26,,,ui.lap_update,carrera_v2_6b799dd9_992f_4f07_bcd0_a3815b27c6ec,,1748350046146,1748350046146,carrera_v2_lap_80687EFE,147,5
,2,7792,125,0:07.792,27.05.2025 14:47:27,,,ui.lap_update,carrera_v2_6b799dd9_992f_4f07_bcd0_a3815b27c6ec,,1748350046865,1748350046865,carrera_v2_lap_80687EFE,128,6
,1,7103,126,0:07.103,27.05.2025 14:47:33,,,ui.lap_update,carrera_v2_6b799dd9_992f_4f07_bcd0_a3815b27c6ec,,1748350053165,1748350053165,carrera_v2_lap_80687EFE,148,5
,2,6451,125,0:06.451,27.05.2025 14:47:33,,,ui.lap_update,carrera_v2_6b799dd9_992f_4f07_bcd0_a3815b27c6ec,,1748350053286,1748350053286,carrera_v2_lap_80687EFE,129,6
,1,6559,126,0:06.559,27.05.2025 14:47:40,,,ui.lap_update,carrera_v2_6b799dd9_992f_4f07_bcd0_a3815b27c6ec,,1748350059705,1748350059705,carrera_v2_lap_80687EFE,149,5
,2,6508,125,0:06.508,27.05.2025 14:47:40,,,ui.lap_update,carrera_v2_6b799dd9_992f_4f07_bcd0_a3815b27c6ec,,1748350059826,1748350059826,carrera_v2_lap_80687EFE,130,6
,2,9221,125,0:09.221,27.05.2025 14:47:49,,,ui.lap_update,carrera_v2_6b799dd9_992f_4f07_bcd0_a3815b27c6ec,,1748350068945,1748350068945,carrera_v2_lap_80687EFE,131,6
,1,11072,126,0:11.072,27.05.2025 14:47:51,,,ui.lap_update,carrera_v2_6b799dd9_992f_4f07_bcd0_a3815b27c6ec,,1748350070806,1748350070806,carrera_v2_lap_80687EFE,150,5
,2,6365,125,0:06.365,27.05.2025 14:47:55,,,ui.lap_update,carrera_v2_6b799dd9_992f_4f07_bcd0_a3815b27c6ec,,1748350075306,1748350075306,carrera_v2_lap_80687EFE,132,6
,1,7564,126,0:07.564,27.05.2025 14:47:58,,,ui.lap_update,carrera_v2_6b799dd9_992f_4f07_bcd0_a3815b27c6ec,,1748350078306,1748350078306,carrera_v2_lap_80687EFE,151,5
,1,11285,126,0:11.285,27.05.2025 14:48:10,,,ui.lap_update,carrera_v2_6b799dd9_992f_4f07_bcd0_a3815b27c6ec,,1748350089526,1748350089526,carrera_v2_lap_80687EFE,152,5
,2,4867428,125,21:07.428,27.05.2025 15:18:56,,,ui.lap_update,carrera_v2_6b799dd9_992f_4f07_bcd0_a3815b27c6ec,,1748351935761,1748351935761,carrera_v2_lap_80687EFE,133,6
,2,1247,125,0:01.247,27.05.2025 15:18:57,,,ui.lap_update,carrera_v2_6b799dd9_992f_4f07_bcd0_a3815b27c6ec,,1748351936962,1748351936962,carrera_v2_lap_80687EFE,134,6
,1,4881697,126,21:21.697,27.05.2025 15:18:58,,,ui.lap_update,carrera_v2_6b799dd9_992f_4f07_bcd0_a3815b27c6ec,,1748351937682,1748351937682,carrera_v2_lap_80687EFE,153,5
,1,705,126,0:00.705,27.05.2025 15:18:58,,,ui.lap_update,carrera_v2_6b799dd9_992f_4f07_bcd0_a3815b27c6ec,,1748351938341,1748351938341,carrera_v2_lap_80687EFE,154,5
,2,4200,125,0:04.200,27.05.2025 15:19:01,,,ui.lap_update,carrera_v2_6b799dd9_992f_4f07_bcd0_a3815b27c6ec,,1748351941222,1748351941222,carrera_v2_lap_80687EFE,135,6
,2,755,125,0:00.755,27.05.2025 15:19:02,,,ui.lap_update,carrera_v2_6b799dd9_992f_4f07_bcd0_a3815b27c6ec,,1748351941941,1748351941941,carrera_v2_lap_80687EFE,136,6
,2,2502,125,0:02.502,27.05.2025 15:19:15,,,ui.lap_update,carrera_v2_6b799dd9_992f_4f07_bcd0_a3815b27c6ec,,1748351954719,1748351954719,carrera_v2_lap_80687EFE,137,6
,1,12302,126,0:12.302,27.05.2025 15:19:21,,,ui.lap_update,carrera_v2_6b799dd9_992f_4f07_bcd0_a3815b27c6ec,,1748351960781,1748351960781,carrera_v2_lap_80687EFE,155,5
,2,8419,125,0:08.419,27.05.2025 15:19:23,,,ui.lap_update,carrera_v2_6b799dd9_992f_4f07_bcd0_a3815b27c6ec,,1748351963063,1748351963063,carrera_v2_lap_80687EFE,138,6
,2,9888,125,0:09.888,27.05.2025 15:19:33,,,ui.lap_update,carrera_v2_6b799dd9_992f_4f07_bcd0_a3815b27c6ec,,1748351972962,1748351972962,carrera_v2_lap_80687EFE,139,6
,1,22116,126,0:22.116,27.05.2025 15:19:43,,,ui.lap_update,carrera_v2_6b799dd9_992f_4f07_bcd0_a3815b27c6ec,,1748351982800,1748351982800,carrera_v2_lap_80687EFE,156,5
,2,10257,125,0:10.257,27.05.2025 15:19:43,,,ui.lap_update,carrera_v2_6b799dd9_992f_4f07_bcd0_a3815b27c6ec,,1748351983160,1748351983160,carrera_v2_lap_80687EFE,140,6
,2,10567,125,0:10.567,27.05.2025 15:19:54,,,ui.lap_update,carrera_v2_6b799dd9_992f_4f07_bcd0_a3815b27c6ec,,1748351993720,1748351993720,carrera_v2_lap_80687EFE,141,6
,1,16146,126,0:16.146,27.05.2025 15:19:59,,,ui.lap_update,carrera_v2_6b799dd9_992f_4f07_bcd0_a3815b27c6ec,,1748351998880,1748351998880,carrera_v2_lap_80687EFE,157,5
,2,10574,125,0:10.574,27.05.2025 15:20:04,,,ui.lap_update,carrera_v2_6b799dd9_992f_4f07_bcd0_a3815b27c6ec,,1748352004160,1748352004160,carrera_v2_lap_80687EFE,142,6
,1,7123,126,0:07.123,27.05.2025 15:20:06,,,ui.lap_update,carrera_v2_6b799dd9_992f_4f07_bcd0_a3815b27c6ec,,1748352005960,1748352005960,carrera_v2_lap_80687EFE,158,5
,1,6093,126,0:06.093,27.05.2025 15:20:12,,,ui.lap_update,carrera_v2_6b799dd9_992f_4f07_bcd0_a3815b27c6ec,,1748352012200,1748352012200,carrera_v2_lap_80687EFE,159,5
,2,8508,125,0:08.508,27.05.2025 15:20:13,,,ui.lap_update,carrera_v2_6b799dd9_992f_4f07_bcd0_a3815b27c6ec,,1748352012681,1748352012681,carrera_v2_lap_80687EFE,143,6
,2,10907,125,0:10.907,27.05.2025 15:20:24,,,ui.lap_update,carrera_v2_6b799dd9_992f_4f07_bcd0_a3815b27c6ec,,1748352023601,1748352023601,carrera_v2_lap_80687EFE,144,6
,2,1143,125,0:01.143,27.05.2025 15:20:25,,,ui.lap_update,carrera_v2_6b799dd9_992f_4f07_bcd0_a3815b27c6ec,,1748352024680,1748352024680,carrera_v2_lap_80687EFE,145,6
,1,12933,126,0:12.933,27.05.2025 15:20:25,,,ui.lap_update,carrera_v2_6b799dd9_992f_4f07_bcd0_a3815b27c6ec,,1748352025042,1748352025042,carrera_v2_lap_80687EFE,160,5
,1,401,126,0:00.401,27.05.2025 15:20:25,,,ui.lap_update,carrera_v2_6b799dd9_992f_4f07_bcd0_a3815b27c6ec,,1748352025401,1748352025401,carrera_v2_lap_80687EFE,161,5
,2,3795,125,0:03.795,27.05.2025 15:20:29,,,ui.lap_update,carrera_v2_6b799dd9_992f_4f07_bcd0_a3815b27c6ec,,1748352028521,1748352028521,carrera_v2_lap_80687EFE,146,6
,1,10826,126,0:10.826,27.05.2025 15:20:36,,,ui.lap_update,carrera_v2_6b799dd9_992f_4f07_bcd0_a3815b27c6ec,,1748352036141,1748352036141,carrera_v2_lap_80687EFE,162,5
,1,1411,126,0:01.411,27.05.2025 15:20:38,,,ui.lap_update,carrera_v2_6b799dd9_992f_4f07_bcd0_a3815b27c6ec,,1748352037580,1748352037580,carrera_v2_lap_80687EFE,163,5
,1,1148,126,0:01.148,27.05.2025 15:20:39,,,ui.lap_update,carrera_v2_6b799dd9_992f_4f07_bcd0_a3815b27c6ec,,1748352038780,1748352038780,carrera_v2_lap_80687EFE,164,5
,1,6823,126,0:06.823,27.05.2025 15:20:46,,,ui.lap_update,carrera_v2_6b799dd9_992f_4f07_bcd0_a3815b27c6ec,,1748352045620,1748352045620,carrera_v2_lap_80687EFE,165,5
,2,17435,125,0:17.435,27.05.2025 15:20:46,,,ui.lap_update,carrera_v2_6b799dd9_992f_4f07_bcd0_a3815b27c6ec,,1748352045862,1748352045862,carrera_v2_lap_80687EFE,147,6
,1,10034,126,0:10.034,27.05.2025 15:20:56,,,ui.lap_update,carrera_v2_6b799dd9_992f_4f07_bcd0_a3815b27c6ec,,1748352055580,1748352055580,carrera_v2_lap_80687EFE,166,5
,2,9701,125,0:09.701,27.05.2025 15:20:56,,,ui.lap_update,carrera_v2_6b799dd9_992f_4f07_bcd0_a3815b27c6ec,,1748352055702,1748352055702,carrera_v2_lap_80687EFE,148,6
,2,6642,125,0:06.642,27.05.2025 15:21:02,,,ui.lap_update,carrera_v2_6b799dd9_992f_4f07_bcd0_a3815b27c6ec,,1748352062121,1748352062121,carrera_v2_lap_80687EFE,149,6
,1,7086,126,0:07.086,27.05.2025 15:21:03,,,ui.lap_update,carrera_v2_6b799dd9_992f_4f07_bcd0_a3815b27c6ec,,1748352062601,1748352062601,carrera_v2_lap_80687EFE,167,5
,1,5631,126,0:05.631,27.05.2025 15:21:08,,,ui.lap_update,carrera_v2_6b799dd9_992f_4f07_bcd0_a3815b27c6ec,,1748352068181,1748352068181,carrera_v2_lap_80687EFE,168,5
,2,6746,125,0:06.746,27.05.2025 15:21:09,,,ui.lap_update,carrera_v2_6b799dd9_992f_4f07_bcd0_a3815b27c6ec,,1748352068899,1748352068899,carrera_v2_lap_80687EFE,150,6
,1,132578,103,2:12.578,27.05.2025 15:23:20,,,ui.lap_update,carrera_v2_6b799dd9_992f_4f07_bcd0_a3815b27c6ec,,1748352200379,1748352200379,carrera_v2_lap_80687EFE,169,5
,1,572,103,0:00.572,27.05.2025 15:23:21,,,ui.lap_update,carrera_v2_6b799dd9_992f_4f07_bcd0_a3815b27c6ec,,1748352200976,1748352200976,carrera_v2_lap_80687EFE,170,5
,1,21112,103,0:21.112,27.05.2025 15:24:01,,,ui.lap_update,carrera_v2_6b799dd9_992f_4f07_bcd0_a3815b27c6ec,,1748352240940,1748352240940,carrera_v2_lap_80687EFE,171,5
,1,30,103,0:00.030,27.05.2025 15:24:01,,,ui.lap_update,carrera_v2_6b799dd9_992f_4f07_bcd0_a3815b27c6ec,,1748352241066,1748352241066,carrera_v2_lap_80687EFE,172,5
,1,24697,103,0:24.697,27.05.2025 15:24:26,,,ui.lap_update,carrera_v2_6b799dd9_992f_4f07_bcd0_a3815b27c6ec,,1748352265721,1748352265721,carrera_v2_lap_80687EFE,173,5
,1,139,103,0:00.139,27.05.2025 15:24:26,,,ui.lap_update,carrera_v2_6b799dd9_992f_4f07_bcd0_a3815b27c6ec,,1748352265840,1748352265840,carrera_v2_lap_80687EFE,174,5
,1,36405,103,0:36.405,27.05.2025 15:25:02,,,ui.lap_update,carrera_v2_6b799dd9_992f_4f07_bcd0_a3815b27c6ec,,1748352302080,1748352302080,carrera_v2_lap_80687EFE,175,5
,1,106,103,0:00.106,27.05.2025 15:25:02,,,ui.lap_update,carrera_v2_6b799dd9_992f_4f07_bcd0_a3815b27c6ec,,1748352302200,1748352302200,carrera_v2_lap_80687EFE,176,5
,2,234839,127,3:54.839,27.05.2025 15:25:22,,,ui.lap_update,carrera_v2_6b799dd9_992f_4f07_bcd0_a3815b27c6ec,,1748352322000,1748352322000,carrera_v2_lap_80687EFE,151,3
,1,20546,103,0:20.546,27.05.2025 15:25:23,,,ui.lap_update,carrera_v2_6b799dd9_992f_4f07_bcd0_a3815b27c6ec,,1748352322601,1748352322601,carrera_v2_lap_80687EFE,177,5
,2,14828,127,0:14.828,27.05.2025 15:25:37,,,ui.lap_update,carrera_v2_6b799dd9_992f_4f07_bcd0_a3815b27c6ec,,1748352336819,1748352336819,carrera_v2_lap_80687EFE,152,3
,1,14859,103,0:14.859,27.05.2025 15:25:37,,,ui.lap_update,carrera_v2_6b799dd9_992f_4f07_bcd0_a3815b27c6ec,,1748352337419,1748352337419,carrera_v2_lap_80687EFE,178,5
,1,8644,103,0:08.644,27.05.2025 15:25:46,,,ui.lap_update,carrera_v2_6b799dd9_992f_4f07_bcd0_a3815b27c6ec,,1748352346120,1748352346120,carrera_v2_lap_80687EFE,179,5
,2,9326,127,0:09.326,27.05.2025 15:25:46,,,ui.lap_update,carrera_v2_6b799dd9_992f_4f07_bcd0_a3815b27c6ec,,1748352346239,1748352346239,carrera_v2_lap_80687EFE,153,3
,1,6357,103,0:06.357,27.05.2025 15:25:52,,,ui.lap_update,carrera_v2_6b799dd9_992f_4f07_bcd0_a3815b27c6ec,,1748352352420,1748352352420,carrera_v2_lap_80687EFE,180,5
,2,7345,127,0:07.345,27.05.2025 15:25:53,,,ui.lap_update,carrera_v2_6b799dd9_992f_4f07_bcd0_a3815b27c6ec,,1748352353439,1748352353439,carrera_v2_lap_80687EFE,154,3
,1,6204,103,0:06.204,27.05.2025 15:25:59,,,ui.lap_update,carrera_v2_6b799dd9_992f_4f07_bcd0_a3815b27c6ec,,1748352358605,1748352358605,carrera_v2_lap_80687EFE,181,5
,2,6961,127,0:06.961,27.05.2025 15:26:00,,,ui.lap_update,carrera_v2_6b799dd9_992f_4f07_bcd0_a3815b27c6ec,,1748352360279,1748352360279,carrera_v2_lap_80687EFE,155,3
,1,6099,103,0:06.099,27.05.2025 15:26:05,,,ui.lap_update,carrera_v2_6b799dd9_992f_4f07_bcd0_a3815b27c6ec,,1748352364719,1748352364719,carrera_v2_lap_80687EFE,182,5
,2,5544,127,0:05.544,27.05.2025 15:26:06,,,ui.lap_update,carrera_v2_6b799dd9_992f_4f07_bcd0_a3815b27c6ec,,1748352365919,1748352365919,carrera_v2_lap_80687EFE,156,3
,1,6333,103,0:06.333,27.05.2025 15:26:11,,,ui.lap_update,carrera_v2_6b799dd9_992f_4f07_bcd0_a3815b27c6ec,,1748352371080,1748352371080,carrera_v2_lap_80687EFE,183,5
,2,5386,127,0:05.386,27.05.2025 15:26:11,,,ui.lap_update,carrera_v2_6b799dd9_992f_4f07_bcd0_a3815b27c6ec,,1748352371201,1748352371201,carrera_v2_lap_80687EFE,157,3
,1,5863,103,0:05.863,27.05.2025 15:26:17,,,ui.lap_update,carrera_v2_6b799dd9_992f_4f07_bcd0_a3815b27c6ec,,1748352376840,1748352376840,carrera_v2_lap_80687EFE,184,5
,2,5809,127,0:05.809,27.05.2025 15:26:17,,,ui.lap_update,carrera_v2_6b799dd9_992f_4f07_bcd0_a3815b27c6ec,,1748352377080,1748352377080,carrera_v2_lap_80687EFE,158,3
,1,5696,103,0:05.696,27.05.2025 15:26:23,,,ui.lap_update,carrera_v2_6b799dd9_992f_4f07_bcd0_a3815b27c6ec,,1748352382540,1748352382540,carrera_v2_lap_80687EFE,185,5
,2,7888,127,0:07.888,27.05.2025 15:26:25,,,ui.lap_update,carrera_v2_6b799dd9_992f_4f07_bcd0_a3815b27c6ec,,1748352384880,1748352384880,carrera_v2_lap_80687EFE,159,3
,1,5703,103,0:05.703,27.05.2025 15:26:28,,,ui.lap_update,carrera_v2_6b799dd9_992f_4f07_bcd0_a3815b27c6ec,,1748352388179,1748352388179,carrera_v2_lap_80687EFE,186,5
,2,5902,127,0:05.902,27.05.2025 15:26:31,,,ui.lap_update,carrera_v2_6b799dd9_992f_4f07_bcd0_a3815b27c6ec,,1748352390820,1748352390820,carrera_v2_lap_80687EFE,160,3
,1,5487,103,0:05.487,27.05.2025 15:26:34,,,ui.lap_update,carrera_v2_6b799dd9_992f_4f07_bcd0_a3815b27c6ec,,1748352393701,1748352393701,carrera_v2_lap_80687EFE,187,5
,2,5500,127,0:05.500,27.05.2025 15:26:36,,,ui.lap_update,carrera_v2_6b799dd9_992f_4f07_bcd0_a3815b27c6ec,,1748352396339,1748352396339,carrera_v2_lap_80687EFE,161,3
,1,6001,103,0:06.001,27.05.2025 15:26:40,,,ui.lap_update,carrera_v2_6b799dd9_992f_4f07_bcd0_a3815b27c6ec,,1748352399640,1748352399640,carrera_v2_lap_80687EFE,188,5
,2,5235,127,0:05.235,27.05.2025 15:26:41,,,ui.lap_update,carrera_v2_6b799dd9_992f_4f07_bcd0_a3815b27c6ec,,1748352401499,1748352401499,carrera_v2_lap_80687EFE,162,3
,1,5694,103,0:05.694,27.05.2025 15:26:45,,,ui.lap_update,carrera_v2_6b799dd9_992f_4f07_bcd0_a3815b27c6ec,,1748352405342,1748352405342,carrera_v2_lap_80687EFE,189,5
,2,5266,127,0:05.266,27.05.2025 15:26:47,,,ui.lap_update,carrera_v2_6b799dd9_992f_4f07_bcd0_a3815b27c6ec,,1748352406779,1748352406779,carrera_v2_lap_80687EFE,163,3
,1,6081,103,0:06.081,27.05.2025 15:26:51,,,ui.lap_update,carrera_v2_6b799dd9_992f_4f07_bcd0_a3815b27c6ec,,1748352411459,1748352411459,carrera_v2_lap_80687EFE,190,5
,2,5132,127,0:05.132,27.05.2025 15:26:52,,,ui.lap_update,carrera_v2_6b799dd9_992f_4f07_bcd0_a3815b27c6ec,,1748352411821,1748352411821,carrera_v2_lap_80687EFE,164,3
,1,5468,103,0:05.468,27.05.2025 15:26:57,,,ui.lap_update,carrera_v2_6b799dd9_992f_4f07_bcd0_a3815b27c6ec,,1748352416862,1748352416862,carrera_v2_lap_80687EFE,191,5
,2,5144,127,0:05.144,27.05.2025 15:26:57,,,ui.lap_update,carrera_v2_6b799dd9_992f_4f07_bcd0_a3815b27c6ec,,1748352416981,1748352416981,carrera_v2_lap_80687EFE,165,3
,1,5343,103,0:05.343,27.05.2025 15:27:02,,,ui.lap_update,carrera_v2_6b799dd9_992f_4f07_bcd0_a3815b27c6ec,,1748352422140,1748352422140,carrera_v2_lap_80687EFE,192,5
,1,24227,103,0:24.227,27.05.2025 15:27:26,,,ui.lap_update,carrera_v2_6b799dd9_992f_4f07_bcd0_a3815b27c6ec,,1748352446380,1748352446380,carrera_v2_lap_80687EFE,193,5
,2,41443,127,0:41.443,27.05.2025 15:27:38,,,ui.lap_update,carrera_v2_6b799dd9_992f_4f07_bcd0_a3815b27c6ec,,1748352458380,1748352458380,carrera_v2_lap_80687EFE,166,3
,1,13852,103,0:13.852,27.05.2025 15:27:40,,,ui.lap_update,carrera_v2_6b799dd9_992f_4f07_bcd0_a3815b27c6ec,,1748352460181,1748352460181,carrera_v2_lap_80687EFE,194,5
,1,6700,103,0:06.700,27.05.2025 15:27:47,,,ui.lap_update,carrera_v2_6b799dd9_992f_4f07_bcd0_a3815b27c6ec,,1748352466902,1748352466902,carrera_v2_lap_80687EFE,195,1
,1,5874,103,0:05.874,27.05.2025 15:27:53,,,ui.lap_update,carrera_v2_6b799dd9_992f_4f07_bcd0_a3815b27c6ec,,1748352472722,1748352472722,carrera_v2_lap_80687EFE,196,1
,2,26384,127,0:26.384,27.05.2025 15:28:05,,,ui.lap_update,carrera_v2_6b799dd9_992f_4f07_bcd0_a3815b27c6ec,,1748352484660,1748352484660,carrera_v2_lap_80687EFE,167,3
,1,18026,103,0:18.026,27.05.2025 15:28:11,,,ui.lap_update,carrera_v2_6b799dd9_992f_4f07_bcd0_a3815b27c6ec,,1748352490724,1748352490724,carrera_v2_lap_80687EFE,197,1
,2,10171,127,0:10.171,27.05.2025 15:28:15,,,ui.lap_update,carrera_v2_6b799dd9_992f_4f07_bcd0_a3815b27c6ec,,1748352494743,1748352494743,carrera_v2_lap_80687EFE,168,3
,1,10183,112,0:10.183,27.05.2025 15:28:21,,,ui.lap_update,carrera_v2_6b799dd9_992f_4f07_bcd0_a3815b27c6ec,,1748352500799,1748352500799,carrera_v2_lap_80687EFE,198,1
,2,6971,128,0:06.971,27.05.2025 15:28:22,,,ui.lap_update,carrera_v2_6b799dd9_992f_4f07_bcd0_a3815b27c6ec,,1748352501643,1748352501643,carrera_v2_lap_80687EFE,169,3
,2,6667,128,0:06.667,27.05.2025 15:28:28,,,ui.lap_update,carrera_v2_6b799dd9_992f_4f07_bcd0_a3815b27c6ec,,1748352508302,1748352508302,carrera_v2_lap_80687EFE,170,3
,1,13468,112,0:13.468,27.05.2025 15:28:34,,,ui.lap_update,carrera_v2_6b799dd9_992f_4f07_bcd0_a3815b27c6ec,,1748352514301,1748352514301,carrera_v2_lap_80687EFE,199,1
,2,6281,128,0:06.281,27.05.2025 15:28:35,,,ui.lap_update,carrera_v2_6b799dd9_992f_4f07_bcd0_a3815b27c6ec,,1748352514541,1748352514541,carrera_v2_lap_80687EFE,171,3
,1,7214,112,0:07.214,27.05.2025 15:28:42,,,ui.lap_update,carrera_v2_6b799dd9_992f_4f07_bcd0_a3815b27c6ec,,1748352521501,1748352521501,carrera_v2_lap_80687EFE,200,1
,1,1751,112,0:01.751,27.05.2025 15:28:43,,,ui.lap_update,carrera_v2_6b799dd9_992f_4f07_bcd0_a3815b27c6ec,,1748352523181,1748352523181,carrera_v2_lap_80687EFE,201,1
,1,2636,112,0:02.636,27.05.2025 15:29:05,,,ui.lap_update,carrera_v2_6b799dd9_992f_4f07_bcd0_a3815b27c6ec,,1748352545082,1748352545082,carrera_v2_lap_80687EFE,202,1
,2,11259,128,0:11.259,27.05.2025 15:29:05,,,ui.lap_update,carrera_v2_6b799dd9_992f_4f07_bcd0_a3815b27c6ec,,1748352545202,1748352545202,carrera_v2_lap_80687EFE,172,3
,2,19595,128,0:19.595,27.05.2025 15:29:25,,,ui.lap_update,carrera_v2_6b799dd9_992f_4f07_bcd0_a3815b27c6ec,,1748352564701,1748352564701,carrera_v2_lap_80687EFE,173,3
,1,19929,112,0:19.929,27.05.2025 15:29:25,,,ui.lap_update,carrera_v2_6b799dd9_992f_4f07_bcd0_a3815b27c6ec,,1748352564943,1748352564943,carrera_v2_lap_80687EFE,203,1
,1,9492,112,0:09.492,27.05.2025 15:29:34,,,ui.lap_update,carrera_v2_6b799dd9_992f_4f07_bcd0_a3815b27c6ec,,1748352574482,1748352574482,carrera_v2_lap_80687EFE,204,1
,2,10603,128,0:10.603,27.05.2025 15:29:35,,,ui.lap_update,carrera_v2_6b799dd9_992f_4f07_bcd0_a3815b27c6ec,,1748352575202,1748352575202,carrera_v2_lap_80687EFE,174,3
,2,8390,128,0:08.390,27.05.2025 15:29:44,,,ui.lap_update,carrera_v2_6b799dd9_992f_4f07_bcd0_a3815b27c6ec,,1748352583601,1748352583601,carrera_v2_lap_80687EFE,175,3
,1,10068,112,0:10.068,27.05.2025 15:29:44,,,ui.lap_update,carrera_v2_6b799dd9_992f_4f07_bcd0_a3815b27c6ec,,1748352584443,1748352584443,carrera_v2_lap_80687EFE,205,1
,2,13994,128,0:13.994,27.05.2025 15:29:58,,,ui.lap_update,carrera_v2_6b799dd9_992f_4f07_bcd0_a3815b27c6ec,,1748352597642,1748352597642,carrera_v2_lap_80687EFE,176,3
,1,13215,112,0:13.215,27.05.2025 15:29:58,,,ui.lap_update,carrera_v2_6b799dd9_992f_4f07_bcd0_a3815b27c6ec,,1748352597762,1748352597762,carrera_v2_lap_80687EFE,206,1
,2,5153,128,0:05.153,27.05.2025 15:30:03,,,ui.lap_update,carrera_v2_6b799dd9_992f_4f07_bcd0_a3815b27c6ec,,1748352602683,1748352602683,carrera_v2_lap_80687EFE,177,3
,1,5615,112,0:05.615,27.05.2025 15:30:03,,,ui.lap_update,carrera_v2_6b799dd9_992f_4f07_bcd0_a3815b27c6ec,,1748352603283,1748352603283,carrera_v2_lap_80687EFE,207,1
,2,5369,128,0:05.369,27.05.2025 15:30:08,,,ui.lap_update,carrera_v2_6b799dd9_992f_4f07_bcd0_a3815b27c6ec,,1748352608085,1748352608085,carrera_v2_lap_80687EFE,178,3
,1,5796,112,0:05.796,27.05.2025 15:30:09,,,ui.lap_update,carrera_v2_6b799dd9_992f_4f07_bcd0_a3815b27c6ec,,1748352609045,1748352609045,carrera_v2_lap_80687EFE,208,1
,2,5256,128,0:05.256,27.05.2025 15:30:13,,,ui.lap_update,carrera_v2_6b799dd9_992f_4f07_bcd0_a3815b27c6ec,,1748352613302,1748352613302,carrera_v2_lap_80687EFE,179,3
,1,9455,112,0:09.455,27.05.2025 15:30:18,,,ui.lap_update,carrera_v2_6b799dd9_992f_4f07_bcd0_a3815b27c6ec,,1748352618463,1748352618463,carrera_v2_lap_80687EFE,209,1
,2,5472,128,0:05.472,27.05.2025 15:30:19,,,ui.lap_update,carrera_v2_6b799dd9_992f_4f07_bcd0_a3815b27c6ec,,1748352618823,1748352618823,carrera_v2_lap_80687EFE,180,3
,1,5627,112,0:05.627,27.05.2025 15:30:24,,,ui.lap_update,carrera_v2_6b799dd9_992f_4f07_bcd0_a3815b27c6ec,,1748352624042,1748352624042,carrera_v2_lap_80687EFE,210,1
,2,5560,128,0:05.560,27.05.2025 15:30:24,,,ui.lap_update,carrera_v2_6b799dd9_992f_4f07_bcd0_a3815b27c6ec,,1748352624282,1748352624282,carrera_v2_lap_80687EFE,181,3
,2,5379,128,0:05.379,27.05.2025 15:30:30,,,ui.lap_update,carrera_v2_6b799dd9_992f_4f07_bcd0_a3815b27c6ec,,1748352629623,1748352629623,carrera_v2_lap_80687EFE,182,3
,1,11030,112,0:11.030,27.05.2025 15:30:35,,,ui.lap_update,carrera_v2_6b799dd9_992f_4f07_bcd0_a3815b27c6ec,,1748352635142,1748352635142,carrera_v2_lap_80687EFE,211,1
,2,5578,128,0:05.578,27.05.2025 15:30:35,,,ui.lap_update,carrera_v2_6b799dd9_992f_4f07_bcd0_a3815b27c6ec,,1748352635263,1748352635263,carrera_v2_lap_80687EFE,183,3
,1,6303,112,0:06.303,27.05.2025 15:30:41,,,ui.lap_update,carrera_v2_6b799dd9_992f_4f07_bcd0_a3815b27c6ec,,1748352641325,1748352641325,carrera_v2_lap_80687EFE,212,1
,2,6444,128,0:06.444,27.05.2025 15:30:42,,,ui.lap_update,carrera_v2_6b799dd9_992f_4f07_bcd0_a3815b27c6ec,,1748352641564,1748352641564,carrera_v2_lap_80687EFE,184,3
,1,5385,112,0:05.385,27.05.2025 15:30:47,,,ui.lap_update,carrera_v2_6b799dd9_992f_4f07_bcd0_a3815b27c6ec,,1748352646664,1748352646664,carrera_v2_lap_80687EFE,213,1
,2,5248,128,0:05.248,27.05.2025 15:30:47,,,ui.lap_update,carrera_v2_6b799dd9_992f_4f07_bcd0_a3815b27c6ec,,1748352646964,1748352646964,carrera_v2_lap_80687EFE,185,3
,1,5795,112,0:05.795,27.05.2025 15:30:52,,,ui.lap_update,carrera_v2_6b799dd9_992f_4f07_bcd0_a3815b27c6ec,,1748352652482,1748352652482,carrera_v2_lap_80687EFE,214,1
,2,6217,128,0:06.217,27.05.2025 15:30:53,,,ui.lap_update,carrera_v2_6b799dd9_992f_4f07_bcd0_a3815b27c6ec,,1748352653082,1748352653082,carrera_v2_lap_80687EFE,186,3
,2,5238,128,0:05.238,27.05.2025 15:30:58,,,ui.lap_update,carrera_v2_6b799dd9_992f_4f07_bcd0_a3815b27c6ec,,1748352658243,1748352658243,carrera_v2_lap_80687EFE,187,3
,1,10703,112,0:10.703,27.05.2025 15:31:03,,,ui.lap_update,carrera_v2_6b799dd9_992f_4f07_bcd0_a3815b27c6ec,,1748352663223,1748352663223,carrera_v2_lap_80687EFE,215,1
,2,5114,128,0:05.114,27.05.2025 15:31:03,,,ui.lap_update,carrera_v2_6b799dd9_992f_4f07_bcd0_a3815b27c6ec,,1748352663343,1748352663343,carrera_v2_lap_80687EFE,188,3
,2,5278,128,0:05.278,27.05.2025 15:31:09,,,ui.lap_update,carrera_v2_6b799dd9_992f_4f07_bcd0_a3815b27c6ec,,1748352668684,1748352668684,carrera_v2_lap_80687EFE,189,3
,2,5497,128,0:05.497,27.05.2025 15:31:14,,,ui.lap_update,carrera_v2_6b799dd9_992f_4f07_bcd0_a3815b27c6ec,,1748352674143,1748352674143,carrera_v2_lap_80687EFE,190,3
,1,15238,112,0:15.238,27.05.2025 15:31:18,,,ui.lap_update,carrera_v2_6b799dd9_992f_4f07_bcd0_a3815b27c6ec,,1748352678342,1748352678342,carrera_v2_lap_80687EFE,216,1
,2,5182,128,0:05.182,27.05.2025 15:31:19,,,ui.lap_update,carrera_v2_6b799dd9_992f_4f07_bcd0_a3815b27c6ec,,1748352679303,1748352679303,carrera_v2_lap_80687EFE,191,3
,1,5284,112,0:05.284,27.05.2025 15:31:24,,,ui.lap_update,carrera_v2_6b799dd9_992f_4f07_bcd0_a3815b27c6ec,,1748352683622,1748352683622,carrera_v2_lap_80687EFE,217,1
,2,5130,128,0:05.130,27.05.2025 15:31:24,,,ui.lap_update,carrera_v2_6b799dd9_992f_4f07_bcd0_a3815b27c6ec,,1748352684345,1748352684345,carrera_v2_lap_80687EFE,192,3
,1,5499,112,0:05.499,27.05.2025 15:31:29,,,ui.lap_update,carrera_v2_6b799dd9_992f_4f07_bcd0_a3815b27c6ec,,1748352689086,1748352689086,carrera_v2_lap_80687EFE,218,1
,2,5120,128,0:05.120,27.05.2025 15:31:30,,,ui.lap_update,carrera_v2_6b799dd9_992f_4f07_bcd0_a3815b27c6ec,,1748352689563,1748352689563,carrera_v2_lap_80687EFE,193,3
,1,5302,112,0:05.302,27.05.2025 15:31:34,,,ui.lap_update,carrera_v2_6b799dd9_992f_4f07_bcd0_a3815b27c6ec,,1748352694423,1748352694423,carrera_v2_lap_80687EFE,219,1
,2,5137,128,0:05.137,27.05.2025 15:31:35,,,ui.lap_update,carrera_v2_6b799dd9_992f_4f07_bcd0_a3815b27c6ec,,1748352694663,1748352694663,carrera_v2_lap_80687EFE,194,3
,1,21284,112,0:21.284,27.05.2025 15:31:56,,,ui.lap_update,carrera_v2_6b799dd9_992f_4f07_bcd0_a3815b27c6ec,,1748352715663,1748352715663,carrera_v2_lap_80687EFE,220,1
,2,21348,128,0:21.348,27.05.2025 15:31:56,,,ui.lap_update,carrera_v2_6b799dd9_992f_4f07_bcd0_a3815b27c6ec,,1748352715903,1748352715903,carrera_v2_lap_80687EFE,195,3
,1,5861,112,0:05.861,27.05.2025 15:32:01,,,ui.lap_update,carrera_v2_6b799dd9_992f_4f07_bcd0_a3815b27c6ec,,1748352721485,1748352721485,carrera_v2_lap_80687EFE,221,1
,2,5817,128,0:05.817,27.05.2025 15:32:02,,,ui.lap_update,carrera_v2_6b799dd9_992f_4f07_bcd0_a3815b27c6ec,,1748352721784,1748352721784,carrera_v2_lap_80687EFE,196,3
,1,5444,112,0:05.444,27.05.2025 15:32:07,,,ui.lap_update,carrera_v2_6b799dd9_992f_4f07_bcd0_a3815b27c6ec,,1748352726885,1748352726885,carrera_v2_lap_80687EFE,222,1
,2,5853,128,0:05.853,27.05.2025 15:32:07,,,ui.lap_update,carrera_v2_6b799dd9_992f_4f07_bcd0_a3815b27c6ec,,1748352727487,1748352727487,carrera_v2_lap_80687EFE,197,3
,1,5294,112,0:05.294,27.05.2025 15:32:12,,,ui.lap_update,carrera_v2_6b799dd9_992f_4f07_bcd0_a3815b27c6ec,,1748352732223,1748352732223,carrera_v2_lap_80687EFE,223,1
,2,4977,128,0:04.977,27.05.2025 15:32:13,,,ui.lap_update,carrera_v2_6b799dd9_992f_4f07_bcd0_a3815b27c6ec,,1748352732583,1748352732583,carrera_v2_lap_80687EFE,198,3
,1,5202,112,0:05.202,27.05.2025 15:32:17,,,ui.lap_update,carrera_v2_6b799dd9_992f_4f07_bcd0_a3815b27c6ec,,1748352737445,1748352737445,carrera_v2_lap_80687EFE,224,1
,2,5027,128,0:05.027,27.05.2025 15:32:18,,,ui.lap_update,carrera_v2_6b799dd9_992f_4f07_bcd0_a3815b27c6ec,,1748352737564,1748352737564,carrera_v2_lap_80687EFE,199,3
,1,5511,112,0:05.511,27.05.2025 15:32:23,,,ui.lap_update,carrera_v2_6b799dd9_992f_4f07_bcd0_a3815b27c6ec,,1748352742907,1748352742907,carrera_v2_lap_80687EFE,225,1
,2,9175,128,0:09.175,27.05.2025 15:32:27,,,ui.lap_update,carrera_v2_6b799dd9_992f_4f07_bcd0_a3815b27c6ec,,1748352746625,1748352746625,carrera_v2_lap_80687EFE,200,3
,1,5266,112,0:05.266,27.05.2025 15:32:28,,,ui.lap_update,carrera_v2_6b799dd9_992f_4f07_bcd0_a3815b27c6ec,,1748352748065,1748352748065,carrera_v2_lap_80687EFE,226,1
,2,4974,128,0:04.974,27.05.2025 15:32:32,,,ui.lap_update,carrera_v2_6b799dd9_992f_4f07_bcd0_a3815b27c6ec,,1748352751664,1748352751664,carrera_v2_lap_80687EFE,201,3
,1,5149,112,0:05.149,27.05.2025 15:32:33,,,ui.lap_update,carrera_v2_6b799dd9_992f_4f07_bcd0_a3815b27c6ec,,1748352753225,1748352753225,carrera_v2_lap_80687EFE,227,1
,2,4898,128,0:04.898,27.05.2025 15:32:37,,,ui.lap_update,carrera_v2_6b799dd9_992f_4f07_bcd0_a3815b27c6ec,,1748352756585,1748352756585,carrera_v2_lap_80687EFE,202,3
,1,5418,112,0:05.418,27.05.2025 15:32:39,,,ui.lap_update,carrera_v2_6b799dd9_992f_4f07_bcd0_a3815b27c6ec,,1748352758627,1748352758627,carrera_v2_lap_80687EFE,228,1
,2,4837,128,0:04.837,27.05.2025 15:32:41,,,ui.lap_update,carrera_v2_6b799dd9_992f_4f07_bcd0_a3815b27c6ec,,1748352761325,1748352761325,carrera_v2_lap_80687EFE,203,3
,2,5056,128,0:05.056,27.05.2025 15:32:46,,,ui.lap_update,carrera_v2_6b799dd9_992f_4f07_bcd0_a3815b27c6ec,,1748352766364,1748352766364,carrera_v2_lap_80687EFE,204,3
,1,25715,112,0:25.715,27.05.2025 15:33:04,,,ui.lap_update,carrera_v2_6b799dd9_992f_4f07_bcd0_a3815b27c6ec,,1748352784304,1748352784304,carrera_v2_lap_80687EFE,229,1
,2,22985,128,0:22.985,27.05.2025 15:33:09,,,ui.lap_update,carrera_v2_6b799dd9_992f_4f07_bcd0_a3815b27c6ec,,1748352789285,1748352789285,carrera_v2_lap_80687EFE,205,3
,1,5767,112,0:05.767,27.05.2025 15:33:10,,,ui.lap_update,carrera_v2_6b799dd9_992f_4f07_bcd0_a3815b27c6ec,,1748352790005,1748352790005,carrera_v2_lap_80687EFE,230,1
,2,5131,128,0:05.131,27.05.2025 15:33:14,,,ui.lap_update,carrera_v2_6b799dd9_992f_4f07_bcd0_a3815b27c6ec,,1748352794387,1748352794387,carrera_v2_lap_80687EFE,206,3
,1,9211,112,0:09.211,27.05.2025 15:33:19,,,ui.lap_update,carrera_v2_6b799dd9_992f_4f07_bcd0_a3815b27c6ec,,1748352799185,1748352799185,carrera_v2_lap_80687EFE,231,1
,2,5003,128,0:05.003,27.05.2025 15:33:19,,,ui.lap_update,carrera_v2_6b799dd9_992f_4f07_bcd0_a3815b27c6ec,,1748352799425,1748352799425,carrera_v2_lap_80687EFE,207,3
,2,10107,128,0:10.107,27.05.2025 15:33:29,,,ui.lap_update,carrera_v2_6b799dd9_992f_4f07_bcd0_a3815b27c6ec,,1748352809445,1748352809445,carrera_v2_lap_80687EFE,208,3
,1,10629,112,0:10.629,27.05.2025 15:33:30,,,ui.lap_update,carrera_v2_6b799dd9_992f_4f07_bcd0_a3815b27c6ec,,1748352809805,1748352809805,carrera_v2_lap_80687EFE,232,1
,2,5064,128,0:05.064,27.05.2025 15:33:35,,,ui.lap_update,carrera_v2_6b799dd9_992f_4f07_bcd0_a3815b27c6ec,,1748352814545,1748352814545,carrera_v2_lap_80687EFE,209,3
,1,5241,112,0:05.241,27.05.2025 15:33:35,,,ui.lap_update,carrera_v2_6b799dd9_992f_4f07_bcd0_a3815b27c6ec,,1748352815025,1748352815025,carrera_v2_lap_80687EFE,233,1
,2,5002,128,0:05.002,27.05.2025 15:33:40,,,ui.lap_update,carrera_v2_6b799dd9_992f_4f07_bcd0_a3815b27c6ec,,1748352819525,1748352819525,carrera_v2_lap_80687EFE,210,3
,1,5312,112,0:05.312,27.05.2025 15:33:40,,,ui.lap_update,carrera_v2_6b799dd9_992f_4f07_bcd0_a3815b27c6ec,,1748352820364,1748352820364,carrera_v2_lap_80687EFE,234,1
,2,4850,128,0:04.850,27.05.2025 15:33:44,,,ui.lap_update,carrera_v2_6b799dd9_992f_4f07_bcd0_a3815b27c6ec,,1748352824385,1748352824385,carrera_v2_lap_80687EFE,211,3
,1,5777,112,0:05.777,27.05.2025 15:33:46,,,ui.lap_update,carrera_v2_6b799dd9_992f_4f07_bcd0_a3815b27c6ec,,1748352826064,1748352826064,carrera_v2_lap_80687EFE,235,1
,2,4897,128,0:04.897,27.05.2025 15:33:49,,,ui.lap_update,carrera_v2_6b799dd9_992f_4f07_bcd0_a3815b27c6ec,,1748352829305,1748352829305,carrera_v2_lap_80687EFE,212,3
,1,5408,112,0:05.408,27.05.2025 15:33:51,,,ui.lap_update,carrera_v2_6b799dd9_992f_4f07_bcd0_a3815b27c6ec,,1748352831465,1748352831465,carrera_v2_lap_80687EFE,236,1
,2,5207,128,0:05.207,27.05.2025 15:33:54,,,ui.lap_update,carrera_v2_6b799dd9_992f_4f07_bcd0_a3815b27c6ec,,1748352834404,1748352834404,carrera_v2_lap_80687EFE,213,3
,1,10335,112,0:10.335,27.05.2025 15:34:02,,,ui.lap_update,carrera_v2_6b799dd9_992f_4f07_bcd0_a3815b27c6ec,,1748352841785,1748352841785,carrera_v2_lap_80687EFE,237,1
,2,13809,128,0:13.809,27.05.2025 15:34:08,,,ui.lap_update,carrera_v2_6b799dd9_992f_4f07_bcd0_a3815b27c6ec,,1748352848146,1748352848146,carrera_v2_lap_80687EFE,214,3
,1,15329,112,0:15.329,27.05.2025 15:34:17,,,ui.lap_update,carrera_v2_6b799dd9_992f_4f07_bcd0_a3815b27c6ec,,1748352857086,1748352857086,carrera_v2_lap_80687EFE,238,1
,2,73272,129,1:13.272,27.05.2025 15:35:21,,,ui.lap_update,carrera_v2_6b799dd9_992f_4f07_bcd0_a3815b27c6ec,,1748352921228,1748352921228,carrera_v2_lap_80687EFE,215,7
,2,7281,129,0:07.281,27.05.2025 15:35:28,,,ui.lap_update,carrera_v2_6b799dd9_992f_4f07_bcd0_a3815b27c6ec,,1748352928486,1748352928486,carrera_v2_lap_80687EFE,216,7
,2,6560,129,0:06.560,27.05.2025 15:35:35,,,ui.lap_update,carrera_v2_6b799dd9_992f_4f07_bcd0_a3815b27c6ec,,1748352935087,1748352935087,carrera_v2_lap_80687EFE,217,7
,2,9247,129,0:09.247,27.05.2025 15:35:44,,,ui.lap_update,carrera_v2_6b799dd9_992f_4f07_bcd0_a3815b27c6ec,,1748352944266,1748352944266,carrera_v2_lap_80687EFE,218,7
,2,5079,129,0:05.079,27.05.2025 15:35:49,,,ui.lap_update,carrera_v2_6b799dd9_992f_4f07_bcd0_a3815b27c6ec,,1748352949367,1748352949367,carrera_v2_lap_80687EFE,219,7
,2,3979,129,0:03.979,27.05.2025 15:35:53,,,ui.lap_update,carrera_v2_6b799dd9_992f_4f07_bcd0_a3815b27c6ec,,1748352953267,1748352953267,carrera_v2_lap_80687EFE,220,7
,2,2657,129,0:02.657,27.05.2025 15:35:56,,,ui.lap_update,carrera_v2_6b799dd9_992f_4f07_bcd0_a3815b27c6ec,,1748352955909,1748352955909,carrera_v2_lap_80687EFE,221,7
,2,4296,129,0:04.296,27.05.2025 15:36:00,,,ui.lap_update,carrera_v2_6b799dd9_992f_4f07_bcd0_a3815b27c6ec,,1748352960167,1748352960167,carrera_v2_lap_80687EFE,222,7
,2,2105,129,0:02.105,27.05.2025 15:36:02,,,ui.lap_update,carrera_v2_6b799dd9_992f_4f07_bcd0_a3815b27c6ec,,1748352962386,1748352962386,carrera_v2_lap_80687EFE,223,7
,2,4686,129,0:04.686,27.05.2025 15:36:07,,,ui.lap_update,carrera_v2_6b799dd9_992f_4f07_bcd0_a3815b27c6ec,,1748352967009,1748352967009,carrera_v2_lap_80687EFE,224,7
,2,1330,129,0:01.330,27.05.2025 15:36:08,,,ui.lap_update,carrera_v2_6b799dd9_992f_4f07_bcd0_a3815b27c6ec,,1748352968327,1748352968327,carrera_v2_lap_80687EFE,225,7
,2,4913,129,0:04.913,27.05.2025 15:36:13,,,ui.lap_update,carrera_v2_6b799dd9_992f_4f07_bcd0_a3815b27c6ec,,1748352973187,1748352973187,carrera_v2_lap_80687EFE,226,7
,2,786,129,0:00.786,27.05.2025 15:36:14,,,ui.lap_update,carrera_v2_6b799dd9_992f_4f07_bcd0_a3815b27c6ec,,1748352974027,1748352974027,carrera_v2_lap_80687EFE,227,7
,2,19245,129,0:19.245,27.05.2025 15:36:33,,,ui.lap_update,carrera_v2_6b799dd9_992f_4f07_bcd0_a3815b27c6ec,,1748352993169,1748352993169,carrera_v2_lap_80687EFE,228,7
,2,4693,129,0:04.693,27.05.2025 15:36:38,,,ui.lap_update,carrera_v2_6b799dd9_992f_4f07_bcd0_a3815b27c6ec,,1748352997910,1748352997910,carrera_v2_lap_80687EFE,229,7
,1,147551,113,2:27.551,27.05.2025 15:36:44,,,ui.lap_update,carrera_v2_6b799dd9_992f_4f07_bcd0_a3815b27c6ec,,1748353004150,1748353004150,carrera_v2_lap_80687EFE,239,1
,2,14278,129,0:14.278,27.05.2025 15:36:52,,,ui.lap_update,carrera_v2_6b799dd9_992f_4f07_bcd0_a3815b27c6ec,,1748353012128,1748353012128,carrera_v2_lap_80687EFE,230,7
,1,13605,113,0:13.605,27.05.2025 15:36:58,,,ui.lap_update,carrera_v2_6b799dd9_992f_4f07_bcd0_a3815b27c6ec,,1748353017767,1748353017767,carrera_v2_lap_80687EFE,240,1
,2,9728,129,0:09.728,27.05.2025 15:37:02,,,ui.lap_update,carrera_v2_6b799dd9_992f_4f07_bcd0_a3815b27c6ec,,1748353021849,1748353021849,carrera_v2_lap_80687EFE,231,7
,1,5526,113,0:05.526,27.05.2025 15:37:03,,,ui.lap_update,carrera_v2_6b799dd9_992f_4f07_bcd0_a3815b27c6ec,,1748353023288,1748353023288,carrera_v2_lap_80687EFE,241,1
,1,5866,113,0:05.866,27.05.2025 15:37:09,,,ui.lap_update,carrera_v2_6b799dd9_992f_4f07_bcd0_a3815b27c6ec,,1748353029114,1748353029114,carrera_v2_lap_80687EFE,242,1
,2,10331,129,0:10.331,27.05.2025 15:37:12,,,ui.lap_update,carrera_v2_6b799dd9_992f_4f07_bcd0_a3815b27c6ec,,1748353032111,1748353032111,carrera_v2_lap_80687EFE,232,7
,1,5791,113,0:05.791,27.05.2025 15:37:15,,,ui.lap_update,carrera_v2_6b799dd9_992f_4f07_bcd0_a3815b27c6ec,,1748353034868,1748353034868,carrera_v2_lap_80687EFE,243,1
,2,6538,129,0:06.538,27.05.2025 15:37:19,,,ui.lap_update,carrera_v2_6b799dd9_992f_4f07_bcd0_a3815b27c6ec,,1748353038648,1748353038648,carrera_v2_lap_80687EFE,233,7
,1,6055,113,0:06.055,27.05.2025 15:37:21,,,ui.lap_update,carrera_v2_6b799dd9_992f_4f07_bcd0_a3815b27c6ec,,1748353040928,1748353040928,carrera_v2_lap_80687EFE,244,1
,2,6070,129,0:06.070,27.05.2025 15:37:25,,,ui.lap_update,carrera_v2_6b799dd9_992f_4f07_bcd0_a3815b27c6ec,,1748353044710,1748353044710,carrera_v2_lap_80687EFE,234,7
,1,6362,113,0:06.362,27.05.2025 15:37:27,,,ui.lap_update,carrera_v2_6b799dd9_992f_4f07_bcd0_a3815b27c6ec,,1748353047230,1748353047230,carrera_v2_lap_80687EFE,245,1
,2,5679,129,0:05.679,27.05.2025 15:37:30,,,ui.lap_update,carrera_v2_6b799dd9_992f_4f07_bcd0_a3815b27c6ec,,1748353050349,1748353050349,carrera_v2_lap_80687EFE,235,7
,1,5658,113,0:05.658,27.05.2025 15:37:33,,,ui.lap_update,carrera_v2_6b799dd9_992f_4f07_bcd0_a3815b27c6ec,,1748353052811,1748353052811,carrera_v2_lap_80687EFE,246,1
,2,6772,129,0:06.772,27.05.2025 15:37:37,,,ui.lap_update,carrera_v2_6b799dd9_992f_4f07_bcd0_a3815b27c6ec,,1748353057011,1748353057011,carrera_v2_lap_80687EFE,236,7
,1,5427,113,0:05.427,27.05.2025 15:37:38,,,ui.lap_update,carrera_v2_6b799dd9_992f_4f07_bcd0_a3815b27c6ec,,1748353058388,1748353058388,carrera_v2_lap_80687EFE,247,1
,2,6512,129,0:06.512,27.05.2025 15:37:44,,,ui.lap_update,carrera_v2_6b799dd9_992f_4f07_bcd0_a3815b27c6ec,,1748353063548,1748353063548,carrera_v2_lap_80687EFE,237,7
,1,12501,113,0:12.501,27.05.2025 15:37:51,,,ui.lap_update,carrera_v2_6b799dd9_992f_4f07_bcd0_a3815b27c6ec,,1748353070749,1748353070749,carrera_v2_lap_80687EFE,248,1
,2,7304,129,0:07.304,27.05.2025 15:37:51,,,ui.lap_update,carrera_v2_6b799dd9_992f_4f07_bcd0_a3815b27c6ec,,1748353070868,1748353070868,carrera_v2_lap_80687EFE,238,7
,2,10806,129,0:10.806,27.05.2025 15:38:02,,,ui.lap_update,carrera_v2_6b799dd9_992f_4f07_bcd0_a3815b27c6ec,,1748353081669,1748353081669,carrera_v2_lap_80687EFE,239,7
,2,4201,129,0:04.201,27.05.2025 15:38:06,,,ui.lap_update,carrera_v2_6b799dd9_992f_4f07_bcd0_a3815b27c6ec,,1748353085810,1748353085810,carrera_v2_lap_80687EFE,240,7
,2,21591,129,0:21.591,27.05.2025 15:38:50,,,ui.lap_update,carrera_v2_6b799dd9_992f_4f07_bcd0_a3815b27c6ec,,1748353129788,1748353129788,carrera_v2_lap_80687EFE,241,7
,1,36786,113,0:36.786,27.05.2025 15:38:50,,,ui.lap_update,carrera_v2_6b799dd9_992f_4f07_bcd0_a3815b27c6ec,,1748353129910,1748353129910,carrera_v2_lap_80687EFE,249,1
,1,6110,113,0:06.110,27.05.2025 15:38:56,,,ui.lap_update,carrera_v2_6b799dd9_992f_4f07_bcd0_a3815b27c6ec,,1748353135972,1748353135972,carrera_v2_lap_80687EFE,250,1
,2,9429,129,0:09.429,27.05.2025 15:38:59,,,ui.lap_update,carrera_v2_6b799dd9_992f_4f07_bcd0_a3815b27c6ec,,1748353139271,1748353139271,carrera_v2_lap_80687EFE,242,7
,1,5734,113,0:05.734,27.05.2025 15:39:02,,,ui.lap_update,carrera_v2_6b799dd9_992f_4f07_bcd0_a3815b27c6ec,,1748353141669,1748353141669,carrera_v2_lap_80687EFE,251,1
,2,8484,129,0:08.484,27.05.2025 15:39:08,,,ui.lap_update,carrera_v2_6b799dd9_992f_4f07_bcd0_a3815b27c6ec,,1748353147610,1748353147610,carrera_v2_lap_80687EFE,243,7
,1,6368,113,0:06.368,27.05.2025 15:39:08,,,ui.lap_update,carrera_v2_6b799dd9_992f_4f07_bcd0_a3815b27c6ec,,1748353148089,1748353148089,carrera_v2_lap_80687EFE,252,1
,2,5546,129,0:05.546,27.05.2025 15:39:13,,,ui.lap_update,carrera_v2_6b799dd9_992f_4f07_bcd0_a3815b27c6ec,,1748353153249,1748353153249,carrera_v2_lap_80687EFE,244,7
,1,8919,113,0:08.919,27.05.2025 15:39:17,,,ui.lap_update,carrera_v2_6b799dd9_992f_4f07_bcd0_a3815b27c6ec,,1748353156970,1748353156970,carrera_v2_lap_80687EFE,253,1
,2,5632,129,0:05.632,27.05.2025 15:39:19,,,ui.lap_update,carrera_v2_6b799dd9_992f_4f07_bcd0_a3815b27c6ec,,1748353158830,1748353158830,carrera_v2_lap_80687EFE,245,7
,1,5092,113,0:05.092,27.05.2025 15:39:22,,,ui.lap_update,carrera_v2_6b799dd9_992f_4f07_bcd0_a3815b27c6ec,,1748353162070,1748353162070,carrera_v2_lap_80687EFE,254,1
,2,6041,129,0:06.041,27.05.2025 15:39:25,,,ui.lap_update,carrera_v2_6b799dd9_992f_4f07_bcd0_a3815b27c6ec,,1748353164829,1748353164829,carrera_v2_lap_80687EFE,246,7
,2,6650,129,0:06.650,27.05.2025 15:39:31,,,ui.lap_update,carrera_v2_6b799dd9_992f_4f07_bcd0_a3815b27c6ec,,1748353171431,1748353171431,carrera_v2_lap_80687EFE,247,7
,1,10821,113,0:10.821,27.05.2025 15:39:33,,,ui.lap_update,carrera_v2_6b799dd9_992f_4f07_bcd0_a3815b27c6ec,,1748353172809,1748353172809,carrera_v2_lap_80687EFE,255,1
,2,6530,129,0:06.530,27.05.2025 15:39:38,,,ui.lap_update,carrera_v2_6b799dd9_992f_4f07_bcd0_a3815b27c6ec,,1748353177909,1748353177909,carrera_v2_lap_80687EFE,248,7
,1,5637,113,0:05.637,27.05.2025 15:39:39,,,ui.lap_update,carrera_v2_6b799dd9_992f_4f07_bcd0_a3815b27c6ec,,1748353178509,1748353178509,carrera_v2_lap_80687EFE,256,1
,2,7753,129,0:07.753,27.05.2025 15:39:46,,,ui.lap_update,carrera_v2_6b799dd9_992f_4f07_bcd0_a3815b27c6ec,,1748353185772,1748353185772,carrera_v2_lap_80687EFE,249,7
,1,7395,113,0:07.395,27.05.2025 15:39:46,,,ui.lap_update,carrera_v2_6b799dd9_992f_4f07_bcd0_a3815b27c6ec,,1748353185889,1748353185889,carrera_v2_lap_80687EFE,257,1
,1,5791,113,0:05.791,27.05.2025 15:39:52,,,ui.lap_update,carrera_v2_6b799dd9_992f_4f07_bcd0_a3815b27c6ec,,1748353191590,1748353191590,carrera_v2_lap_80687EFE,258,1
,2,8506,129,0:08.506,27.05.2025 15:39:54,,,ui.lap_update,carrera_v2_6b799dd9_992f_4f07_bcd0_a3815b27c6ec,,1748353194172,1748353194172,carrera_v2_lap_80687EFE,250,7
,1,5100,113,0:05.100,27.05.2025 15:39:57,,,ui.lap_update,carrera_v2_6b799dd9_992f_4f07_bcd0_a3815b27c6ec,,1748353196631,1748353196631,carrera_v2_lap_80687EFE,259,1
,2,7169,129,0:07.169,27.05.2025 15:40:01,,,ui.lap_update,carrera_v2_6b799dd9_992f_4f07_bcd0_a3815b27c6ec,,1748353201430,1748353201430,carrera_v2_lap_80687EFE,251,7
,1,5468,113,0:05.468,27.05.2025 15:40:02,,,ui.lap_update,carrera_v2_6b799dd9_992f_4f07_bcd0_a3815b27c6ec,,1748353202270,1748353202270,carrera_v2_lap_80687EFE,260,1
,2,5783,129,0:05.783,27.05.2025 15:40:07,,,ui.lap_update,carrera_v2_6b799dd9_992f_4f07_bcd0_a3815b27c6ec,,1748353207136,1748353207136,carrera_v2_lap_80687EFE,252,7
,1,5316,113,0:05.316,27.05.2025 15:40:07,,,ui.lap_update,carrera_v2_6b799dd9_992f_4f07_bcd0_a3815b27c6ec,,1748353207489,1748353207489,carrera_v2_lap_80687EFE,261,1
,2,5986,129,0:05.986,27.05.2025 15:40:13,,,ui.lap_update,carrera_v2_6b799dd9_992f_4f07_bcd0_a3815b27c6ec,,1748353213069,1748353213069,carrera_v2_lap_80687EFE,253,7
,1,5912,113,0:05.912,27.05.2025 15:40:13,,,ui.lap_update,carrera_v2_6b799dd9_992f_4f07_bcd0_a3815b27c6ec,,1748353213312,1748353213312,carrera_v2_lap_80687EFE,262,1
,2,5322,129,0:05.322,27.05.2025 15:40:18,,,ui.lap_update,carrera_v2_6b799dd9_992f_4f07_bcd0_a3815b27c6ec,,1748353218352,1748353218352,carrera_v2_lap_80687EFE,254,7
,1,6080,113,0:06.080,27.05.2025 15:40:19,,,ui.lap_update,carrera_v2_6b799dd9_992f_4f07_bcd0_a3815b27c6ec,,1748353219311,1748353219311,carrera_v2_lap_80687EFE,263,1
,2,5994,129,0:05.994,27.05.2025 15:40:24,,,ui.lap_update,carrera_v2_6b799dd9_992f_4f07_bcd0_a3815b27c6ec,,1748353224410,1748353224410,carrera_v2_lap_80687EFE,255,7
,1,8848,113,0:08.848,27.05.2025 15:40:28,,,ui.lap_update,carrera_v2_6b799dd9_992f_4f07_bcd0_a3815b27c6ec,,1748353228250,1748353228250,carrera_v2_lap_80687EFE,264,1
,2,5743,129,0:05.743,27.05.2025 15:40:30,,,ui.lap_update,carrera_v2_6b799dd9_992f_4f07_bcd0_a3815b27c6ec,,1748353230051,1748353230051,carrera_v2_lap_80687EFE,256,7
,1,6045,113,0:06.045,27.05.2025 15:40:34,,,ui.lap_update,carrera_v2_6b799dd9_992f_4f07_bcd0_a3815b27c6ec,,1748353234250,1748353234250,carrera_v2_lap_80687EFE,265,1
,2,8148,129,0:08.148,27.05.2025 15:40:38,,,ui.lap_update,carrera_v2_6b799dd9_992f_4f07_bcd0_a3815b27c6ec,,1748353238210,1748353238210,carrera_v2_lap_80687EFE,257,7
,1,6967,113,0:06.967,27.05.2025 15:40:41,,,ui.lap_update,carrera_v2_6b799dd9_992f_4f07_bcd0_a3815b27c6ec,,1748353241150,1748353241150,carrera_v2_lap_80687EFE,266,1
,2,7977,129,0:07.977,27.05.2025 15:40:46,,,ui.lap_update,carrera_v2_6b799dd9_992f_4f07_bcd0_a3815b27c6ec,,1748353246192,1748353246192,carrera_v2_lap_80687EFE,258,7
,1,5935,113,0:05.935,27.05.2025 15:40:47,,,ui.lap_update,carrera_v2_6b799dd9_992f_4f07_bcd0_a3815b27c6ec,,1748353247093,1748353247093,carrera_v2_lap_80687EFE,267,1
,2,5571,129,0:05.571,27.05.2025 15:40:52,,,ui.lap_update,carrera_v2_6b799dd9_992f_4f07_bcd0_a3815b27c6ec,,1748353251771,1748353251771,carrera_v2_lap_80687EFE,259,7
,1,5339,113,0:05.339,27.05.2025 15:40:52,,,ui.lap_update,carrera_v2_6b799dd9_992f_4f07_bcd0_a3815b27c6ec,,1748353252431,1748353252431,carrera_v2_lap_80687EFE,268,1
,2,5758,129,0:05.758,27.05.2025 15:40:57,,,ui.lap_update,carrera_v2_6b799dd9_992f_4f07_bcd0_a3815b27c6ec,,1748353257411,1748353257411,carrera_v2_lap_80687EFE,260,7
,1,10451,113,0:10.451,27.05.2025 15:41:03,,,ui.lap_update,carrera_v2_6b799dd9_992f_4f07_bcd0_a3815b27c6ec,,1748353262813,1748353262813,carrera_v2_lap_80687EFE,269,1
,2,9906,129,0:09.906,27.05.2025 15:41:07,,,ui.lap_update,carrera_v2_6b799dd9_992f_4f07_bcd0_a3815b27c6ec,,1748353267372,1748353267372,carrera_v2_lap_80687EFE,261,7
,1,6548,113,0:06.548,27.05.2025 15:41:09,,,ui.lap_update,carrera_v2_6b799dd9_992f_4f07_bcd0_a3815b27c6ec,,1748353269410,1748353269410,carrera_v2_lap_80687EFE,270,1
,2,5779,129,0:05.779,27.05.2025 15:41:13,,,ui.lap_update,carrera_v2_6b799dd9_992f_4f07_bcd0_a3815b27c6ec,,1748353273074,1748353273074,carrera_v2_lap_80687EFE,262,7
,2,8950,129,0:08.950,27.05.2025 15:41:22,,,ui.lap_update,carrera_v2_6b799dd9_992f_4f07_bcd0_a3815b27c6ec,,1748353281950,1748353281950,carrera_v2_lap_80687EFE,263,7
,1,13474,113,0:13.474,27.05.2025 15:41:23,,,ui.lap_update,carrera_v2_6b799dd9_992f_4f07_bcd0_a3815b27c6ec,,1748353282731,1748353282731,carrera_v2_lap_80687EFE,271,1
,2,6489,129,0:06.489,27.05.2025 15:41:29,,,ui.lap_update,carrera_v2_6b799dd9_992f_4f07_bcd0_a3815b27c6ec,,1748353288551,1748353288551,carrera_v2_lap_80687EFE,264,7
,1,6742,113,0:06.742,27.05.2025 15:41:30,,,ui.lap_update,carrera_v2_6b799dd9_992f_4f07_bcd0_a3815b27c6ec,,1748353289570,1748353289570,carrera_v2_lap_80687EFE,272,1
,2,8139,129,0:08.139,27.05.2025 15:41:37,,,ui.lap_update,carrera_v2_6b799dd9_992f_4f07_bcd0_a3815b27c6ec,,1748353296592,1748353296592,carrera_v2_lap_80687EFE,265,7
,1,7939,113,0:07.939,27.05.2025 15:41:37,,,ui.lap_update,carrera_v2_6b799dd9_992f_4f07_bcd0_a3815b27c6ec,,1748353297432,1748353297432,carrera_v2_lap_80687EFE,273,1
,2,5783,129,0:05.783,27.05.2025 15:41:42,,,ui.lap_update,carrera_v2_6b799dd9_992f_4f07_bcd0_a3815b27c6ec,,1748353302353,1748353302353,carrera_v2_lap_80687EFE,266,7
,1,5529,113,0:05.529,27.05.2025 15:41:43,,,ui.lap_update,carrera_v2_6b799dd9_992f_4f07_bcd0_a3815b27c6ec,,1748353302952,1748353302952,carrera_v2_lap_80687EFE,274,1
,2,5999,129,0:05.999,27.05.2025 15:41:48,,,ui.lap_update,carrera_v2_6b799dd9_992f_4f07_bcd0_a3815b27c6ec,,1748353308293,1748353308293,carrera_v2_lap_80687EFE,267,7
,1,6024,113,0:06.024,27.05.2025 15:41:49,,,ui.lap_update,carrera_v2_6b799dd9_992f_4f07_bcd0_a3815b27c6ec,,1748353309011,1748353309011,carrera_v2_lap_80687EFE,275,1
,2,5659,129,0:05.659,27.05.2025 15:41:54,,,ui.lap_update,carrera_v2_6b799dd9_992f_4f07_bcd0_a3815b27c6ec,,1748353314051,1748353314051,carrera_v2_lap_80687EFE,268,7
,1,5177,113,0:05.177,27.05.2025 15:41:54,,,ui.lap_update,carrera_v2_6b799dd9_992f_4f07_bcd0_a3815b27c6ec,,1748353314171,1748353314171,carrera_v2_lap_80687EFE,276,1
,2,6056,129,0:06.056,27.05.2025 15:42:00,,,ui.lap_update,carrera_v2_6b799dd9_992f_4f07_bcd0_a3815b27c6ec,,1748353319991,1748353319991,carrera_v2_lap_80687EFE,269,7
,1,9119,113,0:09.119,27.05.2025 15:42:03,,,ui.lap_update,carrera_v2_6b799dd9_992f_4f07_bcd0_a3815b27c6ec,,1748353323231,1748353323231,carrera_v2_lap_80687EFE,277,1
,2,5568,129,0:05.568,27.05.2025 15:42:06,,,ui.lap_update,carrera_v2_6b799dd9_992f_4f07_bcd0_a3815b27c6ec,,1748353325511,1748353325511,carrera_v2_lap_80687EFE,270,7
,1,5941,113,0:05.941,27.05.2025 15:42:09,,,ui.lap_update,carrera_v2_6b799dd9_992f_4f07_bcd0_a3815b27c6ec,,1748353329113,1748353329113,carrera_v2_lap_80687EFE,278,1
,2,6212,129,0:06.212,27.05.2025 15:42:12,,,ui.lap_update,carrera_v2_6b799dd9_992f_4f07_bcd0_a3815b27c6ec,,1748353331814,1748353331814,carrera_v2_lap_80687EFE,271,7
,1,5084,113,0:05.084,27.05.2025 15:42:14,,,ui.lap_update,carrera_v2_6b799dd9_992f_4f07_bcd0_a3815b27c6ec,,1748353334215,1748353334215,carrera_v2_lap_80687EFE,279,1
,2,5825,129,0:05.825,27.05.2025 15:42:18,,,ui.lap_update,carrera_v2_6b799dd9_992f_4f07_bcd0_a3815b27c6ec,,1748353337634,1748353337634,carrera_v2_lap_80687EFE,272,7
,1,14393,113,0:14.393,27.05.2025 15:42:29,,,ui.lap_update,carrera_v2_6b799dd9_992f_4f07_bcd0_a3815b27c6ec,,1748353348552,1748353348552,carrera_v2_lap_80687EFE,280,1
,2,13550,129,0:13.550,27.05.2025 15:42:31,,,ui.lap_update,carrera_v2_6b799dd9_992f_4f07_bcd0_a3815b27c6ec,,1748353351073,1748353351073,carrera_v2_lap_80687EFE,273,7
,1,6217,113,0:06.217,27.05.2025 15:42:35,,,ui.lap_update,carrera_v2_6b799dd9_992f_4f07_bcd0_a3815b27c6ec,,1748353354793,1748353354793,carrera_v2_lap_80687EFE,281,1
,2,6432,129,0:06.432,27.05.2025 15:42:37,,,ui.lap_update,carrera_v2_6b799dd9_992f_4f07_bcd0_a3815b27c6ec,,1748353357494,1748353357494,carrera_v2_lap_80687EFE,274,7
,2,5156,129,0:05.156,27.05.2025 15:42:43,,,ui.lap_update,carrera_v2_6b799dd9_992f_4f07_bcd0_a3815b27c6ec,,1748353362592,1748353362592,carrera_v2_lap_80687EFE,275,7
,1,10173,113,0:10.173,27.05.2025 15:42:45,,,ui.lap_update,carrera_v2_6b799dd9_992f_4f07_bcd0_a3815b27c6ec,,1748353364874,1748353364874,carrera_v2_lap_80687EFE,282,1
,2,8370,129,0:08.370,27.05.2025 15:42:51,,,ui.lap_update,carrera_v2_6b799dd9_992f_4f07_bcd0_a3815b27c6ec,,1748353370992,1748353370992,carrera_v2_lap_80687EFE,276,7
,1,8306,113,0:08.306,27.05.2025 15:42:53,,,ui.lap_update,carrera_v2_6b799dd9_992f_4f07_bcd0_a3815b27c6ec,,1748353373152,1748353373152,carrera_v2_lap_80687EFE,283,1
,2,5594,129,0:05.594,27.05.2025 15:42:57,,,ui.lap_update,carrera_v2_6b799dd9_992f_4f07_bcd0_a3815b27c6ec,,1748353376517,1748353376517,carrera_v2_lap_80687EFE,277,7
,1,6142,113,0:06.142,27.05.2025 15:42:59,,,ui.lap_update,carrera_v2_6b799dd9_992f_4f07_bcd0_a3815b27c6ec,,1748353379333,1748353379333,carrera_v2_lap_80687EFE,284,1
,2,11424,129,0:11.424,27.05.2025 15:43:08,,,ui.lap_update,carrera_v2_6b799dd9_992f_4f07_bcd0_a3815b27c6ec,,1748353387973,1748353387973,carrera_v2_lap_80687EFE,278,7
,1,11379,113,0:11.379,27.05.2025 15:43:11,,,ui.lap_update,carrera_v2_6b799dd9_992f_4f07_bcd0_a3815b27c6ec,,1748353390674,1748353390674,carrera_v2_lap_80687EFE,285,1
,2,7573,129,0:07.573,27.05.2025 15:43:16,,,ui.lap_update,carrera_v2_6b799dd9_992f_4f07_bcd0_a3815b27c6ec,,1748353395533,1748353395533,carrera_v2_lap_80687EFE,279,7
,1,8907,113,0:08.907,27.05.2025 15:43:19,,,ui.lap_update,carrera_v2_6b799dd9_992f_4f07_bcd0_a3815b27c6ec,,1748353399493,1748353399493,carrera_v2_lap_80687EFE,286,1
,2,5332,129,0:05.332,27.05.2025 15:43:21,,,ui.lap_update,carrera_v2_6b799dd9_992f_4f07_bcd0_a3815b27c6ec,,1748353400813,1748353400813,carrera_v2_lap_80687EFE,280,7
,1,5941,113,0:05.941,27.05.2025 15:43:25,,,ui.lap_update,carrera_v2_6b799dd9_992f_4f07_bcd0_a3815b27c6ec,,1748353405373,1748353405373,carrera_v2_lap_80687EFE,287,1
,2,5302,129,0:05.302,27.05.2025 15:43:26,,,ui.lap_update,carrera_v2_6b799dd9_992f_4f07_bcd0_a3815b27c6ec,,1748353406092,1748353406092,carrera_v2_lap_80687EFE,281,7
,1,5019,113,0:05.019,27.05.2025 15:43:30,,,ui.lap_update,carrera_v2_6b799dd9_992f_4f07_bcd0_a3815b27c6ec,,1748353410414,1748353410414,carrera_v2_lap_80687EFE,288,1
,2,5355,129,0:05.355,27.05.2025 15:43:31,,,ui.lap_update,carrera_v2_6b799dd9_992f_4f07_bcd0_a3815b27c6ec,,1748353411377,1748353411377,carrera_v2_lap_80687EFE,282,7
,1,5566,113,0:05.566,27.05.2025 15:43:36,,,ui.lap_update,carrera_v2_6b799dd9_992f_4f07_bcd0_a3815b27c6ec,,1748353415992,1748353415992,carrera_v2_lap_80687EFE,289,1
,2,5624,129,0:05.624,27.05.2025 15:43:37,,,ui.lap_update,carrera_v2_6b799dd9_992f_4f07_bcd0_a3815b27c6ec,,1748353417073,1748353417073,carrera_v2_lap_80687EFE,283,7
,2,5418,129,0:05.418,27.05.2025 15:43:42,,,ui.lap_update,carrera_v2_6b799dd9_992f_4f07_bcd0_a3815b27c6ec,,1748353422416,1748353422416,carrera_v2_lap_80687EFE,284,7
,1,9202,113,0:09.202,27.05.2025 15:43:45,,,ui.lap_update,carrera_v2_6b799dd9_992f_4f07_bcd0_a3815b27c6ec,,1748353425114,1748353425114,carrera_v2_lap_80687EFE,290,1
,2,7051,129,0:07.051,27.05.2025 15:43:49,,,ui.lap_update,carrera_v2_6b799dd9_992f_4f07_bcd0_a3815b27c6ec,,1748353429433,1748353429433,carrera_v2_lap_80687EFE,285,7
,1,6053,113,0:06.053,27.05.2025 15:43:51,,,ui.lap_update,carrera_v2_6b799dd9_992f_4f07_bcd0_a3815b27c6ec,,1748353431233,1748353431233,carrera_v2_lap_80687EFE,291,1
,2,21105,129,0:21.105,27.05.2025 15:44:10,,,ui.lap_update,carrera_v2_6b799dd9_992f_4f07_bcd0_a3815b27c6ec,,1748353450495,1748353450495,carrera_v2_lap_80687EFE,286,7
,1,22078,113,0:22.078,27.05.2025 15:44:13,,,ui.lap_update,carrera_v2_6b799dd9_992f_4f07_bcd0_a3815b27c6ec,,1748353453135,1748353453135,carrera_v2_lap_80687EFE,292,1
,2,13230,129,0:13.230,27.05.2025 15:44:24,,,ui.lap_update,carrera_v2_6b799dd9_992f_4f07_bcd0_a3815b27c6ec,,1748353463693,1748353463693,carrera_v2_lap_80687EFE,287,7
,1,15632,113,0:15.632,27.05.2025 15:44:29,,,ui.lap_update,carrera_v2_6b799dd9_992f_4f07_bcd0_a3815b27c6ec,,1748353468734,1748353468734,carrera_v2_lap_80687EFE,293,1
,2,10721,129,0:10.721,27.05.2025 15:44:34,,,ui.lap_update,carrera_v2_6b799dd9_992f_4f07_bcd0_a3815b27c6ec,,1748353474375,1748353474375,carrera_v2_lap_80687EFE,288,7
,1,5717,113,0:05.717,27.05.2025 15:44:34,,,ui.lap_update,carrera_v2_6b799dd9_992f_4f07_bcd0_a3815b27c6ec,,1748353474494,1748353474494,carrera_v2_lap_80687EFE,294,1
,2,13647,129,0:13.647,27.05.2025 15:44:48,,,ui.lap_update,carrera_v2_6b799dd9_992f_4f07_bcd0_a3815b27c6ec,,1748353487994,1748353487994,carrera_v2_lap_80687EFE,289,7
,1,15707,113,0:15.707,27.05.2025 15:44:50,,,ui.lap_update,carrera_v2_6b799dd9_992f_4f07_bcd0_a3815b27c6ec,,1748353490154,1748353490154,carrera_v2_lap_80687EFE,295,1
,2,5752,129,0:05.752,27.05.2025 15:44:54,,,ui.lap_update,carrera_v2_6b799dd9_992f_4f07_bcd0_a3815b27c6ec,,1748353493753,1748353493753,carrera_v2_lap_80687EFE,290,7
,1,5280,113,0:05.280,27.05.2025 15:44:55,,,ui.lap_update,carrera_v2_6b799dd9_992f_4f07_bcd0_a3815b27c6ec,,1748353495373,1748353495373,carrera_v2_lap_80687EFE,296,1
,1,5558,113,0:05.558,27.05.2025 15:45:01,,,ui.lap_update,carrera_v2_6b799dd9_992f_4f07_bcd0_a3815b27c6ec,,1748353500953,1748353500953,carrera_v2_lap_80687EFE,297,1
,2,10451,129,0:10.451,27.05.2025 15:45:04,,,ui.lap_update,carrera_v2_6b799dd9_992f_4f07_bcd0_a3815b27c6ec,,1748353504074,1748353504074,carrera_v2_lap_80687EFE,291,7
,1,5207,113,0:05.207,27.05.2025 15:45:06,,,ui.lap_update,carrera_v2_6b799dd9_992f_4f07_bcd0_a3815b27c6ec,,1748353506234,1748353506234,carrera_v2_lap_80687EFE,298,1
,2,5339,129,0:05.339,27.05.2025 15:45:09,,,ui.lap_update,carrera_v2_6b799dd9_992f_4f07_bcd0_a3815b27c6ec,,1748353509474,1748353509474,carrera_v2_lap_80687EFE,292,7
,2,5509,129,0:05.509,27.05.2025 15:45:15,,,ui.lap_update,carrera_v2_6b799dd9_992f_4f07_bcd0_a3815b27c6ec,,1748353515054,1748353515054,carrera_v2_lap_80687EFE,293,7
,1,11103,113,0:11.103,27.05.2025 15:45:17,,,ui.lap_update,carrera_v2_6b799dd9_992f_4f07_bcd0_a3815b27c6ec,,1748353517214,1748353517214,carrera_v2_lap_80687EFE,299,1
,2,5645,129,0:05.645,27.05.2025 15:45:21,,,ui.lap_update,carrera_v2_6b799dd9_992f_4f07_bcd0_a3815b27c6ec,,1748353520634,1748353520634,carrera_v2_lap_80687EFE,294,7
,1,4880,113,0:04.880,27.05.2025 15:45:22,,,ui.lap_update,carrera_v2_6b799dd9_992f_4f07_bcd0_a3815b27c6ec,,1748353522074,1748353522074,carrera_v2_lap_80687EFE,300,1
,1,11128,113,0:11.128,27.05.2025 15:45:33,,,ui.lap_update,carrera_v2_6b799dd9_992f_4f07_bcd0_a3815b27c6ec,,1748353533175,1748353533175,carrera_v2_lap_80687EFE,301,1
,1,16846,113,0:16.846,27.05.2025 15:45:50,,,ui.lap_update,carrera_v2_6b799dd9_992f_4f07_bcd0_a3815b27c6ec,,1748353550035,1748353550035,carrera_v2_lap_80687EFE,302,1
,2,33568,129,0:33.568,27.05.2025 15:45:54,,,ui.lap_update,carrera_v2_6b799dd9_992f_4f07_bcd0_a3815b27c6ec,,1748353554116,1748353554116,carrera_v2_lap_80687EFE,295,7
,1,7102,113,0:07.102,27.05.2025 15:45:57,,,ui.lap_update,carrera_v2_6b799dd9_992f_4f07_bcd0_a3815b27c6ec,,1748353556995,1748353556995,carrera_v2_lap_80687EFE,303,1
,2,5427,129,0:05.427,27.05.2025 15:46:00,,,ui.lap_update,carrera_v2_6b799dd9_992f_4f07_bcd0_a3815b27c6ec,,1748353559515,1748353559515,carrera_v2_lap_80687EFE,296,7
,2,6652,129,0:06.652,27.05.2025 15:46:06,,,ui.lap_update,carrera_v2_6b799dd9_992f_4f07_bcd0_a3815b27c6ec,,1748353566056,1748353566056,carrera_v2_lap_80687EFE,297,7
,1,11557,113,0:11.557,27.05.2025 15:46:09,,,ui.lap_update,carrera_v2_6b799dd9_992f_4f07_bcd0_a3815b27c6ec,,1748353568578,1748353568578,carrera_v2_lap_80687EFE,304,1
,1,7444,113,0:07.444,27.05.2025 15:46:16,,,ui.lap_update,carrera_v2_6b799dd9_992f_4f07_bcd0_a3815b27c6ec,,1748353576015,1748353576015,carrera_v2_lap_80687EFE,305,1
,1,8107,113,0:08.107,27.05.2025 15:46:24,,,ui.lap_update,carrera_v2_6b799dd9_992f_4f07_bcd0_a3815b27c6ec,,1748353584055,1748353584055,carrera_v2_lap_80687EFE,306,1
,2,18359,129,0:18.359,27.05.2025 15:46:24,,,ui.lap_update,carrera_v2_6b799dd9_992f_4f07_bcd0_a3815b27c6ec,,1748353584415,1748353584415,carrera_v2_lap_80687EFE,298,7
,2,15555,129,0:15.555,27.05.2025 15:46:40,,,ui.lap_update,carrera_v2_6b799dd9_992f_4f07_bcd0_a3815b27c6ec,,1748353599895,1748353599895,carrera_v2_lap_80687EFE,299,7
,1,21256,113,0:21.256,27.05.2025 15:46:45,,,ui.lap_update,carrera_v2_6b799dd9_992f_4f07_bcd0_a3815b27c6ec,,1748353605295,1748353605295,carrera_v2_lap_80687EFE,307,1
,2,6082,129,0:06.082,27.05.2025 15:46:46,,,ui.lap_update,carrera_v2_6b799dd9_992f_4f07_bcd0_a3815b27c6ec,,1748353605895,1748353605895,carrera_v2_lap_80687EFE,300,7
,1,5267,113,0:05.267,27.05.2025 15:46:51,,,ui.lap_update,carrera_v2_6b799dd9_992f_4f07_bcd0_a3815b27c6ec,,1748353610515,1748353610515,carrera_v2_lap_80687EFE,308,1
,2,5726,129,0:05.726,27.05.2025 15:46:52,,,ui.lap_update,carrera_v2_6b799dd9_992f_4f07_bcd0_a3815b27c6ec,,1748353611775,1748353611775,carrera_v2_lap_80687EFE,301,7
,2,5593,129,0:05.593,27.05.2025 15:46:57,,,ui.lap_update,carrera_v2_6b799dd9_992f_4f07_bcd0_a3815b27c6ec,,1748353617356,1748353617356,carrera_v2_lap_80687EFE,302,7
,1,9884,113,0:09.884,27.05.2025 15:47:00,,,ui.lap_update,carrera_v2_6b799dd9_992f_4f07_bcd0_a3815b27c6ec,,1748353620415,1748353620415,carrera_v2_lap_80687EFE,309,1
,2,13202,129,0:13.202,27.05.2025 15:47:10,,,ui.lap_update,carrera_v2_6b799dd9_992f_4f07_bcd0_a3815b27c6ec,,1748353630435,1748353630435,carrera_v2_lap_80687EFE,303,7
,1,19632,113,0:19.632,27.05.2025 15:47:20,,,ui.lap_update,carrera_v2_6b799dd9_992f_4f07_bcd0_a3815b27c6ec,,1748353639976,1748353639976,carrera_v2_lap_80687EFE,310,1
,2,49116,128,0:49.116,27.05.2025 15:48:00,,,ui.lap_update,carrera_v2_6b799dd9_992f_4f07_bcd0_a3815b27c6ec,,1748353679520,1748353679520,carrera_v2_lap_80687EFE,304,7
,1,39939,113,0:39.939,27.05.2025 15:48:00,,,ui.lap_update,carrera_v2_6b799dd9_992f_4f07_bcd0_a3815b27c6ec,,1748353679758,1748353679758,carrera_v2_lap_80687EFE,311,1
,2,9586,128,0:09.586,27.05.2025 15:48:09,,,ui.lap_update,carrera_v2_6b799dd9_992f_4f07_bcd0_a3815b27c6ec,,1748353688998,1748353688998,carrera_v2_lap_80687EFE,305,7
,2,5197,128,0:05.197,27.05.2025 15:48:14,,,ui.lap_update,carrera_v2_6b799dd9_992f_4f07_bcd0_a3815b27c6ec,,1748353694098,1748353694098,carrera_v2_lap_80687EFE,306,7
,2,5976,128,0:05.976,27.05.2025 15:48:20,,,ui.lap_update,carrera_v2_6b799dd9_992f_4f07_bcd0_a3815b27c6ec,,1748353700036,1748353700036,carrera_v2_lap_80687EFE,307,7
,2,5890,128,0:05.890,27.05.2025 15:48:26,,,ui.lap_update,carrera_v2_6b799dd9_992f_4f07_bcd0_a3815b27c6ec,,1748353705917,1748353705917,carrera_v2_lap_80687EFE,308,7
,2,11916,128,0:11.916,27.05.2025 15:48:38,,,ui.lap_update,carrera_v2_6b799dd9_992f_4f07_bcd0_a3815b27c6ec,,1748353717799,1748353717799,carrera_v2_lap_80687EFE,309,7
,2,5610,128,0:05.610,27.05.2025 15:48:43,,,ui.lap_update,carrera_v2_6b799dd9_992f_4f07_bcd0_a3815b27c6ec,,1748353723437,1748353723437,carrera_v2_lap_80687EFE,310,7
,2,3975,128,0:03.975,27.05.2025 15:48:47,,,ui.lap_update,carrera_v2_6b799dd9_992f_4f07_bcd0_a3815b27c6ec,,1748353727336,1748353727336,carrera_v2_lap_80687EFE,311,7
,2,17672,128,0:17.672,27.05.2025 15:49:05,,,ui.lap_update,carrera_v2_6b799dd9_992f_4f07_bcd0_a3815b27c6ec,,1748353744978,1748353744978,carrera_v2_lap_80687EFE,312,7
,2,5550,128,0:05.550,27.05.2025 15:49:11,,,ui.lap_update,carrera_v2_6b799dd9_992f_4f07_bcd0_a3815b27c6ec,,1748353750557,1748353750557,carrera_v2_lap_80687EFE,313,7
,2,6370,128,0:06.370,27.05.2025 15:49:17,,,ui.lap_update,carrera_v2_6b799dd9_992f_4f07_bcd0_a3815b27c6ec,,1748353756857,1748353756857,carrera_v2_lap_80687EFE,314,7
,2,9481,128,0:09.481,27.05.2025 15:49:26,,,ui.lap_update,carrera_v2_6b799dd9_992f_4f07_bcd0_a3815b27c6ec,,1748353766337,1748353766337,carrera_v2_lap_80687EFE,315,7
,2,8553,128,0:08.553,27.05.2025 15:49:35,,,ui.lap_update,carrera_v2_6b799dd9_992f_4f07_bcd0_a3815b27c6ec,,1748353774918,1748353774918,carrera_v2_lap_80687EFE,316,7
,2,12729,128,0:12.729,27.05.2025 15:49:48,,,ui.lap_update,carrera_v2_6b799dd9_992f_4f07_bcd0_a3815b27c6ec,,1748353787637,1748353787637,carrera_v2_lap_80687EFE,317,7
,2,9209,128,0:09.209,27.05.2025 15:49:57,,,ui.lap_update,carrera_v2_6b799dd9_992f_4f07_bcd0_a3815b27c6ec,,1748353796701,1748353796701,carrera_v2_lap_80687EFE,318,7
,2,5671,128,0:05.671,27.05.2025 15:50:02,,,ui.lap_update,carrera_v2_6b799dd9_992f_4f07_bcd0_a3815b27c6ec,,1748353802340,1748353802340,carrera_v2_lap_80687EFE,319,7
,2,11456,128,0:11.456,27.05.2025 15:50:14,,,ui.lap_update,carrera_v2_6b799dd9_992f_4f07_bcd0_a3815b27c6ec,,1748353813799,1748353813799,carrera_v2_lap_80687EFE,320,7
,2,9174,128,0:09.174,27.05.2025 15:50:23,,,ui.lap_update,carrera_v2_6b799dd9_992f_4f07_bcd0_a3815b27c6ec,,1748353822977,1748353822977,carrera_v2_lap_80687EFE,321,7
,1,146760,113,2:26.760,27.05.2025 15:50:26,,,ui.lap_update,carrera_v2_6b799dd9_992f_4f07_bcd0_a3815b27c6ec,,1748353826099,1748353826099,carrera_v2_lap_80687EFE,312,1
,2,5359,128,0:05.359,27.05.2025 15:50:28,,,ui.lap_update,carrera_v2_6b799dd9_992f_4f07_bcd0_a3815b27c6ec,,1748353828318,1748353828318,carrera_v2_lap_80687EFE,322,7
,1,5445,113,0:05.445,27.05.2025 15:50:32,,,ui.lap_update,carrera_v2_6b799dd9_992f_4f07_bcd0_a3815b27c6ec,,1748353831558,1748353831558,carrera_v2_lap_80687EFE,313,1
,2,5889,128,0:05.889,27.05.2025 15:50:34,,,ui.lap_update,carrera_v2_6b799dd9_992f_4f07_bcd0_a3815b27c6ec,,1748353834140,1748353834140,carrera_v2_lap_80687EFE,323,7
,1,5869,113,0:05.869,27.05.2025 15:50:37,,,ui.lap_update,carrera_v2_6b799dd9_992f_4f07_bcd0_a3815b27c6ec,,1748353837379,1748353837379,carrera_v2_lap_80687EFE,314,1
,2,10049,128,0:10.049,27.05.2025 15:50:44,,,ui.lap_update,carrera_v2_6b799dd9_992f_4f07_bcd0_a3815b27c6ec,,1748353844219,1748353844219,carrera_v2_lap_80687EFE,324,7
,1,7873,113,0:07.873,27.05.2025 15:50:45,,,ui.lap_update,carrera_v2_6b799dd9_992f_4f07_bcd0_a3815b27c6ec,,1748353845179,1748353845179,carrera_v2_lap_80687EFE,315,1
,2,5425,128,0:05.425,27.05.2025 15:50:50,,,ui.lap_update,carrera_v2_6b799dd9_992f_4f07_bcd0_a3815b27c6ec,,1748353849619,1748353849619,carrera_v2_lap_80687EFE,325,7
,1,4959,113,0:04.959,27.05.2025 15:50:50,,,ui.lap_update,carrera_v2_6b799dd9_992f_4f07_bcd0_a3815b27c6ec,,1748353850158,1748353850158,carrera_v2_lap_80687EFE,316,1
,2,6729,128,0:06.729,27.05.2025 15:50:56,,,ui.lap_update,carrera_v2_6b799dd9_992f_4f07_bcd0_a3815b27c6ec,,1748353856220,1748353856220,carrera_v2_lap_80687EFE,326,7
,1,28446,113,0:28.446,27.05.2025 15:51:19,,,ui.lap_update,carrera_v2_6b799dd9_992f_4f07_bcd0_a3815b27c6ec,,1748353878538,1748353878538,carrera_v2_lap_80687EFE,317,1
,2,26457,128,0:26.457,27.05.2025 15:51:23,,,ui.lap_update,carrera_v2_6b799dd9_992f_4f07_bcd0_a3815b27c6ec,,1748353882618,1748353882618,carrera_v2_lap_80687EFE,327,7
,1,6541,113,0:06.541,27.05.2025 15:51:25,,,ui.lap_update,carrera_v2_6b799dd9_992f_4f07_bcd0_a3815b27c6ec,,1748353885019,1748353885019,carrera_v2_lap_80687EFE,318,1
,2,5356,128,0:05.356,27.05.2025 15:51:28,,,ui.lap_update,carrera_v2_6b799dd9_992f_4f07_bcd0_a3815b27c6ec,,1748353888019,1748353888019,carrera_v2_lap_80687EFE,328,7
,1,5214,113,0:05.214,27.05.2025 15:51:30,,,ui.lap_update,carrera_v2_6b799dd9_992f_4f07_bcd0_a3815b27c6ec,,1748353890239,1748353890239,carrera_v2_lap_80687EFE,319,1
,2,5948,128,0:05.948,27.05.2025 15:51:34,,,ui.lap_update,carrera_v2_6b799dd9_992f_4f07_bcd0_a3815b27c6ec,,1748353894019,1748353894019,carrera_v2_lap_80687EFE,329,7
,1,5316,113,0:05.316,27.05.2025 15:51:36,,,ui.lap_update,carrera_v2_6b799dd9_992f_4f07_bcd0_a3815b27c6ec,,1748353895579,1748353895579,carrera_v2_lap_80687EFE,320,1
,2,5046,128,0:05.046,27.05.2025 15:51:39,,,ui.lap_update,carrera_v2_6b799dd9_992f_4f07_bcd0_a3815b27c6ec,,1748353898999,1748353898999,carrera_v2_lap_80687EFE,330,7
,1,4952,113,0:04.952,27.05.2025 15:51:40,,,ui.lap_update,carrera_v2_6b799dd9_992f_4f07_bcd0_a3815b27c6ec,,1748353900442,1748353900442,carrera_v2_lap_80687EFE,321,1
,2,5489,128,0:05.489,27.05.2025 15:51:44,,,ui.lap_update,carrera_v2_6b799dd9_992f_4f07_bcd0_a3815b27c6ec,,1748353904401,1748353904401,carrera_v2_lap_80687EFE,331,7
,1,15148,113,0:15.148,27.05.2025 15:51:56,,,ui.lap_update,carrera_v2_6b799dd9_992f_4f07_bcd0_a3815b27c6ec,,1748353915559,1748353915559,carrera_v2_lap_80687EFE,322,1
,2,13369,128,0:13.369,27.05.2025 15:51:58,,,ui.lap_update,carrera_v2_6b799dd9_992f_4f07_bcd0_a3815b27c6ec,,1748353917778,1748353917778,carrera_v2_lap_80687EFE,332,7
,1,4960,113,0:04.960,27.05.2025 15:52:00,,,ui.lap_update,carrera_v2_6b799dd9_992f_4f07_bcd0_a3815b27c6ec,,1748353920419,1748353920419,carrera_v2_lap_80687EFE,323,1
,1,5324,113,0:05.324,27.05.2025 15:52:06,,,ui.lap_update,carrera_v2_6b799dd9_992f_4f07_bcd0_a3815b27c6ec,,1748353925819,1748353925819,carrera_v2_lap_80687EFE,324,1
,2,9340,128,0:09.340,27.05.2025 15:52:07,,,ui.lap_update,carrera_v2_6b799dd9_992f_4f07_bcd0_a3815b27c6ec,,1748353927079,1748353927079,carrera_v2_lap_80687EFE,333,7
,1,11266,113,0:11.266,27.05.2025 15:52:17,,,ui.lap_update,carrera_v2_6b799dd9_992f_4f07_bcd0_a3815b27c6ec,,1748353936979,1748353936979,carrera_v2_lap_80687EFE,325,1
,2,11097,128,0:11.097,27.05.2025 15:52:18,,,ui.lap_update,carrera_v2_6b799dd9_992f_4f07_bcd0_a3815b27c6ec,,1748353938119,1748353938119,carrera_v2_lap_80687EFE,334,7
,2,6199,128,0:06.199,27.05.2025 15:52:24,,,ui.lap_update,carrera_v2_6b799dd9_992f_4f07_bcd0_a3815b27c6ec,,1748353944300,1748353944300,carrera_v2_lap_80687EFE,335,7
,1,12993,113,0:12.993,27.05.2025 15:52:30,,,ui.lap_update,carrera_v2_6b799dd9_992f_4f07_bcd0_a3815b27c6ec,,1748353950060,1748353950060,carrera_v2_lap_80687EFE,326,1
,2,8399,128,0:08.399,27.05.2025 15:52:33,,,ui.lap_update,carrera_v2_6b799dd9_992f_4f07_bcd0_a3815b27c6ec,,1748353952760,1748353952760,carrera_v2_lap_80687EFE,336,7
,1,5428,113,0:05.428,27.05.2025 15:52:35,,,ui.lap_update,carrera_v2_6b799dd9_992f_4f07_bcd0_a3815b27c6ec,,1748353955400,1748353955400,carrera_v2_lap_80687EFE,327,1
,2,5172,128,0:05.172,27.05.2025 15:52:38,,,ui.lap_update,carrera_v2_6b799dd9_992f_4f07_bcd0_a3815b27c6ec,,1748353957800,1748353957800,carrera_v2_lap_80687EFE,337,7
,1,5034,113,0:05.034,27.05.2025 15:52:40,,,ui.lap_update,carrera_v2_6b799dd9_992f_4f07_bcd0_a3815b27c6ec,,1748353960382,1748353960382,carrera_v2_lap_80687EFE,328,1
,1,8265,113,0:08.265,27.05.2025 15:52:49,,,ui.lap_update,carrera_v2_6b799dd9_992f_4f07_bcd0_a3815b27c6ec,,1748353968660,1748353968660,carrera_v2_lap_80687EFE,329,1
,2,14006,128,0:14.006,27.05.2025 15:52:52,,,ui.lap_update,carrera_v2_6b799dd9_992f_4f07_bcd0_a3815b27c6ec,,1748353971901,1748353971901,carrera_v2_lap_80687EFE,338,7
,1,5570,113,0:05.570,27.05.2025 15:52:54,,,ui.lap_update,carrera_v2_6b799dd9_992f_4f07_bcd0_a3815b27c6ec,,1748353974180,1748353974180,carrera_v2_lap_80687EFE,330,1
,2,6131,128,0:06.131,27.05.2025 15:52:58,,,ui.lap_update,carrera_v2_6b799dd9_992f_4f07_bcd0_a3815b27c6ec,,1748353977902,1748353977902,carrera_v2_lap_80687EFE,339,7
,1,5727,113,0:05.727,27.05.2025 15:53:00,,,ui.lap_update,carrera_v2_6b799dd9_992f_4f07_bcd0_a3815b27c6ec,,1748353979940,1748353979940,carrera_v2_lap_80687EFE,331,1
,2,6188,128,0:06.188,27.05.2025 15:53:04,,,ui.lap_update,carrera_v2_6b799dd9_992f_4f07_bcd0_a3815b27c6ec,,1748353984140,1748353984140,carrera_v2_lap_80687EFE,340,7
,1,5345,113,0:05.345,27.05.2025 15:53:05,,,ui.lap_update,carrera_v2_6b799dd9_992f_4f07_bcd0_a3815b27c6ec,,1748353985220,1748353985220,carrera_v2_lap_80687EFE,332,1
,2,5331,128,0:05.331,27.05.2025 15:53:09,,,ui.lap_update,carrera_v2_6b799dd9_992f_4f07_bcd0_a3815b27c6ec,,1748353989421,1748353989421,carrera_v2_lap_80687EFE,341,7
,1,5363,113,0:05.363,27.05.2025 15:53:11,,,ui.lap_update,carrera_v2_6b799dd9_992f_4f07_bcd0_a3815b27c6ec,,1748353990621,1748353990621,carrera_v2_lap_80687EFE,333,1
,2,5869,128,0:05.869,27.05.2025 15:53:15,,,ui.lap_update,carrera_v2_6b799dd9_992f_4f07_bcd0_a3815b27c6ec,,1748353995240,1748353995240,carrera_v2_lap_80687EFE,342,7
,1,4984,113,0:04.984,27.05.2025 15:53:16,,,ui.lap_update,carrera_v2_6b799dd9_992f_4f07_bcd0_a3815b27c6ec,,1748353995600,1748353995600,carrera_v2_lap_80687EFE,334,1
,2,5280,128,0:05.280,27.05.2025 15:53:21,,,ui.lap_update,carrera_v2_6b799dd9_992f_4f07_bcd0_a3815b27c6ec,,1748354000581,1748354000581,carrera_v2_lap_80687EFE,343,7
,1,6783,113,0:06.783,27.05.2025 15:53:22,,,ui.lap_update,carrera_v2_6b799dd9_992f_4f07_bcd0_a3815b27c6ec,,1748354002320,1748354002320,carrera_v2_lap_80687EFE,335,1
,2,5603,128,0:05.603,27.05.2025 15:53:26,,,ui.lap_update,carrera_v2_6b799dd9_992f_4f07_bcd0_a3815b27c6ec,,1748354006100,1748354006100,carrera_v2_lap_80687EFE,344,7
,1,5373,113,0:05.373,27.05.2025 15:53:28,,,ui.lap_update,carrera_v2_6b799dd9_992f_4f07_bcd0_a3815b27c6ec,,1748354007662,1748354007662,carrera_v2_lap_80687EFE,336,1
,2,5095,128,0:05.095,27.05.2025 15:53:31,,,ui.lap_update,carrera_v2_6b799dd9_992f_4f07_bcd0_a3815b27c6ec,,1748354011202,1748354011202,carrera_v2_lap_80687EFE,345,7
,1,5033,113,0:05.033,27.05.2025 15:53:33,,,ui.lap_update,carrera_v2_6b799dd9_992f_4f07_bcd0_a3815b27c6ec,,1748354012702,1748354012702,carrera_v2_lap_80687EFE,337,1
,2,5095,128,0:05.095,27.05.2025 15:53:36,,,ui.lap_update,carrera_v2_6b799dd9_992f_4f07_bcd0_a3815b27c6ec,,1748354016304,1748354016304,carrera_v2_lap_80687EFE,346,7
,2,153584,128,2:33.584,27.05.2025 15:56:09,,,ui.lap_update,carrera_v2_6b799dd9_992f_4f07_bcd0_a3815b27c6ec,,1748354169363,1748354169363,carrera_v2_lap_80687EFE,347,7
,2,34699,113,0:34.699,27.05.2025 15:56:44,,,ui.lap_update,carrera_v2_6b799dd9_992f_4f07_bcd0_a3815b27c6ec,,1748354204044,1748354204044,carrera_v2_lap_80687EFE,348,7
,2,8453,113,0:08.453,27.05.2025 15:56:52,,,ui.lap_update,carrera_v2_6b799dd9_992f_4f07_bcd0_a3815b27c6ec,,1748354212444,1748354212444,carrera_v2_lap_80687EFE,349,7
,1,211435,113,3:31.435,27.05.2025 15:57:03,,,ui.lap_update,carrera_v2_6b799dd9_992f_4f07_bcd0_a3815b27c6ec,,1748354223484,1748354223484,carrera_v2_lap_80687EFE,338,1
,2,12321,113,0:12.321,27.05.2025 15:57:05,,,ui.lap_update,carrera_v2_6b799dd9_992f_4f07_bcd0_a3815b27c6ec,,1748354224743,1748354224743,carrera_v2_lap_80687EFE,350,7
,2,14955,113,0:14.955,27.05.2025 15:57:20,,,ui.lap_update,carrera_v2_6b799dd9_992f_4f07_bcd0_a3815b27c6ec,,1748354239563,1748354239563,carrera_v2_lap_80687EFE,351,7
,2,7889,113,0:07.889,27.05.2025 15:57:27,,,ui.lap_update,carrera_v2_6b799dd9_992f_4f07_bcd0_a3815b27c6ec,,1748354247485,1748354247485,carrera_v2_lap_80687EFE,352,7
,2,5705,113,0:05.705,27.05.2025 15:57:33,,,ui.lap_update,carrera_v2_6b799dd9_992f_4f07_bcd0_a3815b27c6ec,,1748354253185,1748354253185,carrera_v2_lap_80687EFE,353,7
,2,8109,113,0:08.109,27.05.2025 15:57:41,,,ui.lap_update,carrera_v2_6b799dd9_992f_4f07_bcd0_a3815b27c6ec,,1748354261285,1748354261285,carrera_v2_lap_80687EFE,354,7
,2,8145,113,0:08.145,27.05.2025 15:57:49,,,ui.lap_update,carrera_v2_6b799dd9_992f_4f07_bcd0_a3815b27c6ec,,1748354269385,1748354269385,carrera_v2_lap_80687EFE,355,7
,2,35961,113,0:35.961,27.05.2025 15:58:25,,,ui.lap_update,carrera_v2_6b799dd9_992f_4f07_bcd0_a3815b27c6ec,,1748354305203,1748354305203,carrera_v2_lap_80687EFE,356,7
,2,5771,113,0:05.771,27.05.2025 15:58:31,,,ui.lap_update,carrera_v2_6b799dd9_992f_4f07_bcd0_a3815b27c6ec,,1748354310964,1748354310964,carrera_v2_lap_80687EFE,357,7
,2,5705,113,0:05.705,27.05.2025 15:58:37,,,ui.lap_update,carrera_v2_6b799dd9_992f_4f07_bcd0_a3815b27c6ec,,1748354316665,1748354316665,carrera_v2_lap_80687EFE,358,7
,2,5196,113,0:05.196,27.05.2025 15:58:42,,,ui.lap_update,carrera_v2_6b799dd9_992f_4f07_bcd0_a3815b27c6ec,,1748354321884,1748354321884,carrera_v2_lap_80687EFE,359,7
,2,5110,113,0:05.110,27.05.2025 15:58:47,,,ui.lap_update,carrera_v2_6b799dd9_992f_4f07_bcd0_a3815b27c6ec,,1748354326925,1748354326925,carrera_v2_lap_80687EFE,360,7
,2,10146,113,0:10.146,27.05.2025 15:58:57,,,ui.lap_update,carrera_v2_6b799dd9_992f_4f07_bcd0_a3815b27c6ec,,1748354337004,1748354337004,carrera_v2_lap_80687EFE,361,7
,2,15009,113,0:15.009,27.05.2025 15:59:12,,,ui.lap_update,carrera_v2_6b799dd9_992f_4f07_bcd0_a3815b27c6ec,,1748354352005,1748354352005,carrera_v2_lap_80687EFE,362,7
,2,6191,113,0:06.191,27.05.2025 15:59:18,,,ui.lap_update,carrera_v2_6b799dd9_992f_4f07_bcd0_a3815b27c6ec,,1748354358186,1748354358186,carrera_v2_lap_80687EFE,363,7
,2,5245,113,0:05.245,27.05.2025 15:59:23,,,ui.lap_update,carrera_v2_6b799dd9_992f_4f07_bcd0_a3815b27c6ec,,1748354363405,1748354363405,carrera_v2_lap_80687EFE,364,7
,2,9839,113,0:09.839,27.05.2025 15:59:33,,,ui.lap_update,carrera_v2_6b799dd9_992f_4f07_bcd0_a3815b27c6ec,,1748354373247,1748354373247,carrera_v2_lap_80687EFE,365,7
,2,5285,113,0:05.285,27.05.2025 15:59:38,,,ui.lap_update,carrera_v2_6b799dd9_992f_4f07_bcd0_a3815b27c6ec,,1748354378464,1748354378464,carrera_v2_lap_80687EFE,366,7
,2,8429,113,0:08.429,27.05.2025 15:59:47,,,ui.lap_update,carrera_v2_6b799dd9_992f_4f07_bcd0_a3815b27c6ec,,1748354386925,1748354386925,carrera_v2_lap_80687EFE,367,7
,2,5310,113,0:05.310,27.05.2025 15:59:52,,,ui.lap_update,carrera_v2_6b799dd9_992f_4f07_bcd0_a3815b27c6ec,,1748354392270,1748354392270,carrera_v2_lap_80687EFE,368,7
,2,5691,113,0:05.691,27.05.2025 15:59:58,,,ui.lap_update,carrera_v2_6b799dd9_992f_4f07_bcd0_a3815b27c6ec,,1748354397905,1748354397905,carrera_v2_lap_80687EFE,369,7
,2,5282,113,0:05.282,27.05.2025 16:00:03,,,ui.lap_update,carrera_v2_6b799dd9_992f_4f07_bcd0_a3815b27c6ec,,1748354403126,1748354403126,carrera_v2_lap_80687EFE,370,7
,2,5955,113,0:05.955,27.05.2025 16:00:09,,,ui.lap_update,carrera_v2_6b799dd9_992f_4f07_bcd0_a3815b27c6ec,,1748354409065,1748354409065,carrera_v2_lap_80687EFE,371,7
,2,10908,113,0:10.908,27.05.2025 16:00:20,,,ui.lap_update,carrera_v2_6b799dd9_992f_4f07_bcd0_a3815b27c6ec,,1748354419985,1748354419985,carrera_v2_lap_80687EFE,372,7
,2,5287,113,0:05.287,27.05.2025 16:00:25,,,ui.lap_update,carrera_v2_6b799dd9_992f_4f07_bcd0_a3815b27c6ec,,1748354425266,1748354425266,carrera_v2_lap_80687EFE,373,7
,2,7878,113,0:07.878,27.05.2025 16:00:33,,,ui.lap_update,carrera_v2_6b799dd9_992f_4f07_bcd0_a3815b27c6ec,,1748354433066,1748354433066,carrera_v2_lap_80687EFE,374,7
,2,5125,113,0:05.125,27.05.2025 16:00:38,,,ui.lap_update,carrera_v2_6b799dd9_992f_4f07_bcd0_a3815b27c6ec,,1748354438166,1748354438166,carrera_v2_lap_80687EFE,375,7
,1,863580,113,14:23.580,27.05.2025 16:11:24,,,ui.lap_update,carrera_v2_6b799dd9_992f_4f07_bcd0_a3815b27c6ec,,1748355084464,1748355084464,carrera_v2_lap_80687EFE,339,1
,2,667435,113,11:07.435,27.05.2025 16:11:44,,,ui.lap_update,carrera_v2_6b799dd9_992f_4f07_bcd0_a3815b27c6ec,,1748355103530,1748355103530,carrera_v2_lap_80687EFE,376,7
,2,24384,113,0:24.384,27.05.2025 16:12:08,,,ui.lap_update,carrera_v2_6b799dd9_992f_4f07_bcd0_a3815b27c6ec,,1748355127889,1748355127889,carrera_v2_lap_80687EFE,377,7
,1,690670,113,11:30.670,27.05.2025 16:22:53,,,ui.lap_update,carrera_v2_6b799dd9_992f_4f07_bcd0_a3815b27c6ec,,1748355772965,1748355772965,carrera_v2_lap_80687EFE,340,1
,2,3212411,112,53:32.411,27.05.2025 16:52:31,,,ui.lap_update,carrera_v2_6b799dd9_992f_4f07_bcd0_a3815b27c6ec,,1748357550834,1748357550834,carrera_v2_lap_80687EFE,378,7
,1,3859503,113,4:19.503,27.05.2025 16:52:31,,,ui.lap_update,carrera_v2_6b799dd9_992f_4f07_bcd0_a3815b27c6ec,,1748357551429,1748357551429,carrera_v2_lap_80687EFE,341,1
,2,6564,112,0:06.564,27.05.2025 16:52:37,,,ui.lap_update,carrera_v2_6b799dd9_992f_4f07_bcd0_a3815b27c6ec,,1748357557373,1748357557373,carrera_v2_lap_80687EFE,379,7
,1,12396,113,0:12.396,27.05.2025 16:52:44,,,ui.lap_update,carrera_v2_6b799dd9_992f_4f07_bcd0_a3815b27c6ec,,1748357563730,1748357563730,carrera_v2_lap_80687EFE,342,1
,2,7315,112,0:07.315,27.05.2025 16:52:45,,,ui.lap_update,carrera_v2_6b799dd9_992f_4f07_bcd0_a3815b27c6ec,,1748357564571,1748357564571,carrera_v2_lap_80687EFE,380,7
,1,5348,113,0:05.348,27.05.2025 16:52:49,,,ui.lap_update,carrera_v2_6b799dd9_992f_4f07_bcd0_a3815b27c6ec,,1748357569132,1748357569132,carrera_v2_lap_80687EFE,343,1
,2,5385,112,0:05.385,27.05.2025 16:52:50,,,ui.lap_update,carrera_v2_6b799dd9_992f_4f07_bcd0_a3815b27c6ec,,1748357569970,1748357569970,carrera_v2_lap_80687EFE,381,7
,1,5230,113,0:05.230,27.05.2025 16:52:54,,,ui.lap_update,carrera_v2_6b799dd9_992f_4f07_bcd0_a3815b27c6ec,,1748357574289,1748357574289,carrera_v2_lap_80687EFE,344,1
,2,5484,112,0:05.484,27.05.2025 16:52:55,,,ui.lap_update,carrera_v2_6b799dd9_992f_4f07_bcd0_a3815b27c6ec,,1748357575490,1748357575490,carrera_v2_lap_80687EFE,382,7
,1,5327,113,0:05.327,27.05.2025 16:53:00,,,ui.lap_update,carrera_v2_6b799dd9_992f_4f07_bcd0_a3815b27c6ec,,1748357579631,1748357579631,carrera_v2_lap_80687EFE,345,1
,2,5513,112,0:05.513,27.05.2025 16:53:01,,,ui.lap_update,carrera_v2_6b799dd9_992f_4f07_bcd0_a3815b27c6ec,,1748357580951,1748357580951,carrera_v2_lap_80687EFE,383,7
,2,5704,112,0:05.704,27.05.2025 16:53:07,,,ui.lap_update,carrera_v2_6b799dd9_992f_4f07_bcd0_a3815b27c6ec,,1748357586650,1748357586650,carrera_v2_lap_80687EFE,384,7
,1,8485,113,0:08.485,27.05.2025 16:53:08,,,ui.lap_update,carrera_v2_6b799dd9_992f_4f07_bcd0_a3815b27c6ec,,1748357588090,1748357588090,carrera_v2_lap_80687EFE,346,1
,2,5372,112,0:05.372,27.05.2025 16:53:12,,,ui.lap_update,carrera_v2_6b799dd9_992f_4f07_bcd0_a3815b27c6ec,,1748357591931,1748357591931,carrera_v2_lap_80687EFE,385,7
,1,8662,113,0:08.662,27.05.2025 16:53:17,,,ui.lap_update,carrera_v2_6b799dd9_992f_4f07_bcd0_a3815b27c6ec,,1748357596731,1748357596731,carrera_v2_lap_80687EFE,347,1
,2,5739,112,0:05.739,27.05.2025 16:53:18,,,ui.lap_update,carrera_v2_6b799dd9_992f_4f07_bcd0_a3815b27c6ec,,1748357597690,1748357597690,carrera_v2_lap_80687EFE,386,7
,2,6069,112,0:06.069,27.05.2025 16:53:24,,,ui.lap_update,carrera_v2_6b799dd9_992f_4f07_bcd0_a3815b27c6ec,,1748357603750,1748357603750,carrera_v2_lap_80687EFE,387,7
,1,373814,11,6:13.814,07.05.2025 12:32:54,,,ui.lap_update,carrera_v2_6b799dd9_992f_4f07_bcd0_a3815b27c6ec,,1746606773853,1746606773853,carrera_v2_lap_80687EFE,73,6
,controller1,215,7,215,28.04.2025 18:39:00,,,lap,carrera_v2_6b799dd9_992f_4f07_bcd0_a3815b27c6ec,False,1682001400,34,carrera_v2_lap_80687EFE,1,3
,1,43490,8,0:43.490,07.05.2025 09:35:37,,,ui.lap_update,carrera_v2_6b799dd9_992f_4f07_bcd0_a3815b27c6ec,,1746603336799,1746603336799,carrera_v2_lap_80687EFE,48,4
,1,2592,8,0:02.592,07.05.2025 09:35:39,,,ui.lap_update,carrera_v2_6b799dd9_992f_4f07_bcd0_a3815b27c6ec,,1746603339500,1746603339500,carrera_v2_lap_80687EFE,49,4
,1,858,8,0:00.858,07.05.2025 09:35:40,,,ui.lap_update,carrera_v2_6b799dd9_992f_4f07_bcd0_a3815b27c6ec,,1746603340345,1746603340345,carrera_v2_lap_80687EFE,50,4
,2,20758,42,0:20.758,14.05.2025 17:37:28,,,ui.lap_update,carrera_v2_6b799dd9_992f_4f07_bcd0_a3815b27c6ec,,1747237047823,1747237047823,carrera_v2_lap_80687EFE,1134,7
,1,12700,102,0:12.700,14.05.2025 17:37:28,,,ui.lap_update,carrera_v2_6b799dd9_992f_4f07_bcd0_a3815b27c6ec,,1747237047943,1747237047943,carrera_v2_lap_80687EFE,1421,3
,2,10641,42,0:10.641,14.05.2025 17:37:38,,,ui.lap_update,carrera_v2_6b799dd9_992f_4f07_bcd0_a3815b27c6ec,,1747237058203,1747237058203,carrera_v2_lap_80687EFE,1135,7
,2,9102,42,0:09.102,14.05.2025 17:37:47,,,ui.lap_update,carrera_v2_6b799dd9_992f_4f07_bcd0_a3815b27c6ec,,1747237067323,1747237067323,carrera_v2_lap_80687EFE,1136,7
,1,20421,102,0:20.421,14.05.2025 17:37:48,,,ui.lap_update,carrera_v2_6b799dd9_992f_4f07_bcd0_a3815b27c6ec,,1747237067982,1747237067982,carrera_v2_lap_80687EFE,1422,3
,ctrl-007,10001,2,00:01:21.000,25.04.2026 16:35:00,,,new_lap,carrera_v2_6b799dd9_992f_4f07_bcd0_a3815b27c6ec,True,1682001404,303,carrera_v2_lap_80687EFE,31,102
,1,6419,102,0:06.419,14.05.2025 17:35:27,,,ui.lap_update,carrera_v2_6b799dd9_992f_4f07_bcd0_a3815b27c6ec,,1747236926587,1747236926587,carrera_v2_lap_80687EFE,1415,3
,2,4982,42,0:04.982,14.05.2025 17:35:28,,,ui.lap_update,carrera_v2_6b799dd9_992f_4f07_bcd0_a3815b27c6ec,,1747236928329,1747236928329,carrera_v2_lap_80687EFE,1124,7
,2,22107,42,0:22.107,14.05.2025 17:35:51,,,ui.lap_update,carrera_v2_6b799dd9_992f_4f07_bcd0_a3815b27c6ec,,1747236950591,1747236950591,carrera_v2_lap_80687EFE,1125,7
,1,26670,102,0:26.670,14.05.2025 17:35:53,,,ui.lap_update,carrera_v2_6b799dd9_992f_4f07_bcd0_a3815b27c6ec,,1747236953351,1747236953351,carrera_v2_lap_80687EFE,1416,3
